id,release_date,movie,production_budget,domestic_gross,worldwide_gross,release_month,release_year,net_profit,gross_roi,movie_id,primary_title,genres,averagerating,numvotes
2,2011-05-20,Pirates of the Caribbean: On Stranger Tides,410600000,241063875,1045663875,5,2011,635063875,154.6672856794934,tt1298650,Pirates of the Caribbean: On Stranger Tides,Action,6.6,447624
2,2011-05-20,Pirates of the Caribbean: On Stranger Tides,410600000,241063875,1045663875,5,2011,635063875,154.6672856794934,tt1298650,Pirates of the Caribbean: On Stranger Tides,Adventure,6.6,447624
2,2011-05-20,Pirates of the Caribbean: On Stranger Tides,410600000,241063875,1045663875,5,2011,635063875,154.6672856794934,tt1298650,Pirates of the Caribbean: On Stranger Tides,Fantasy,6.6,447624
3,2019-06-07,Dark Phoenix,350000000,42762350,149762350,6,2019,-200237650,-57.21075714285714,tt6565702,Dark Phoenix,Action,6.0,24451
3,2019-06-07,Dark Phoenix,350000000,42762350,149762350,6,2019,-200237650,-57.21075714285714,tt6565702,Dark Phoenix,Adventure,6.0,24451
3,2019-06-07,Dark Phoenix,350000000,42762350,149762350,6,2019,-200237650,-57.21075714285714,tt6565702,Dark Phoenix,Sci-Fi,6.0,24451
4,2015-05-01,Avengers: Age of Ultron,330600000,459005868,1403013963,5,2015,1072413963,324.38413883847545,tt2395427,Avengers: Age of Ultron,Action,7.3,665594
4,2015-05-01,Avengers: Age of Ultron,330600000,459005868,1403013963,5,2015,1072413963,324.38413883847545,tt2395427,Avengers: Age of Ultron,Adventure,7.3,665594
4,2015-05-01,Avengers: Age of Ultron,330600000,459005868,1403013963,5,2015,1072413963,324.38413883847545,tt2395427,Avengers: Age of Ultron,Sci-Fi,7.3,665594
7,2018-04-27,Avengers: Infinity War,300000000,678815482,2048134200,4,2018,1748134200,582.7114,tt4154756,Avengers: Infinity War,Action,8.5,670926
7,2018-04-27,Avengers: Infinity War,300000000,678815482,2048134200,4,2018,1748134200,582.7114,tt4154756,Avengers: Infinity War,Adventure,8.5,670926
7,2018-04-27,Avengers: Infinity War,300000000,678815482,2048134200,4,2018,1748134200,582.7114,tt4154756,Avengers: Infinity War,Sci-Fi,8.5,670926
9,2017-11-17,Justice League,300000000,229024295,655945209,11,2017,355945209,118.648403,tt0974015,Justice League,Action,6.5,329135
9,2017-11-17,Justice League,300000000,229024295,655945209,11,2017,355945209,118.648403,tt0974015,Justice League,Adventure,6.5,329135
9,2017-11-17,Justice League,300000000,229024295,655945209,11,2017,355945209,118.648403,tt0974015,Justice League,Fantasy,6.5,329135
10,2015-11-06,Spectre,300000000,200074175,879620923,11,2015,579620923,193.2069743333333,tt2379713,Spectre,Action,6.8,352504
10,2015-11-06,Spectre,300000000,200074175,879620923,11,2015,579620923,193.2069743333333,tt2379713,Spectre,Adventure,6.8,352504
10,2015-11-06,Spectre,300000000,200074175,879620923,11,2015,579620923,193.2069743333333,tt2379713,Spectre,Thriller,6.8,352504
11,2012-07-20,The Dark Knight Rises,275000000,448139099,1084439099,7,2012,809439099,294.34149054545446,tt1345836,The Dark Knight Rises,Action,8.4,1387769
11,2012-07-20,The Dark Knight Rises,275000000,448139099,1084439099,7,2012,809439099,294.34149054545446,tt1345836,The Dark Knight Rises,Thriller,8.4,1387769
12,2018-05-25,Solo: A Star Wars Story,275000000,213767512,393151347,5,2018,118151347,42.96412618181818,tt3778644,Solo: A Star Wars Story,Action,7.0,226243
12,2018-05-25,Solo: A Star Wars Story,275000000,213767512,393151347,5,2018,118151347,42.96412618181818,tt3778644,Solo: A Star Wars Story,Adventure,7.0,226243
12,2018-05-25,Solo: A Star Wars Story,275000000,213767512,393151347,5,2018,118151347,42.96412618181818,tt3778644,Solo: A Star Wars Story,Fantasy,7.0,226243
13,2013-07-02,The Lone Ranger,275000000,89302115,260002115,7,2013,-14997885,-5.453776363636364,tt1210819,The Lone Ranger,Action,6.4,208827
13,2013-07-02,The Lone Ranger,275000000,89302115,260002115,7,2013,-14997885,-5.453776363636364,tt1210819,The Lone Ranger,Adventure,6.4,208827
13,2013-07-02,The Lone Ranger,275000000,89302115,260002115,7,2013,-14997885,-5.453776363636364,tt1210819,The Lone Ranger,Western,6.4,208827
14,2012-03-09,John Carter,275000000,73058679,282778100,3,2012,7778100,2.8284,tt0401729,John Carter,Action,6.6,241792
14,2012-03-09,John Carter,275000000,73058679,282778100,3,2012,7778100,2.8284,tt0401729,John Carter,Adventure,6.6,241792
14,2012-03-09,John Carter,275000000,73058679,282778100,3,2012,7778100,2.8284,tt0401729,John Carter,Sci-Fi,6.6,241792
15,2010-11-24,Tangled,260000000,200821936,586477240,11,2010,326477240,125.56816923076923,tt0398286,Tangled,Adventure,7.8,366366
15,2010-11-24,Tangled,260000000,200821936,586477240,11,2010,326477240,125.56816923076923,tt0398286,Tangled,Animation,7.8,366366
15,2010-11-24,Tangled,260000000,200821936,586477240,11,2010,326477240,125.56816923076923,tt0398286,Tangled,Comedy,7.8,366366
17,2016-05-06,Captain America: Civil War,250000000,408084349,1140069413,5,2016,890069413,356.0277652,tt3498820,Captain America: Civil War,Action,7.8,583507
17,2016-05-06,Captain America: Civil War,250000000,408084349,1140069413,5,2016,890069413,356.0277652,tt3498820,Captain America: Civil War,Adventure,7.8,583507
17,2016-05-06,Captain America: Civil War,250000000,408084349,1140069413,5,2016,890069413,356.0277652,tt3498820,Captain America: Civil War,Sci-Fi,7.8,583507
18,2016-03-25,Batman v Superman: Dawn of Justice,250000000,330360194,867500281,3,2016,617500281,247.00011239999998,tt2975590,Batman v Superman: Dawn of Justice,Action,6.5,576909
18,2016-03-25,Batman v Superman: Dawn of Justice,250000000,330360194,867500281,3,2016,617500281,247.00011239999998,tt2975590,Batman v Superman: Dawn of Justice,Adventure,6.5,576909
18,2016-03-25,Batman v Superman: Dawn of Justice,250000000,330360194,867500281,3,2016,617500281,247.00011239999998,tt2975590,Batman v Superman: Dawn of Justice,Fantasy,6.5,576909
19,2012-12-14,The Hobbit: An Unexpected Journey,250000000,303003568,1017003568,12,2012,767003568,306.8014272000001,tt0903624,The Hobbit: An Unexpected Journey,Adventure,7.9,719629
19,2012-12-14,The Hobbit: An Unexpected Journey,250000000,303003568,1017003568,12,2012,767003568,306.8014272000001,tt0903624,The Hobbit: An Unexpected Journey,Family,7.9,719629
19,2012-12-14,The Hobbit: An Unexpected Journey,250000000,303003568,1017003568,12,2012,767003568,306.8014272000001,tt0903624,The Hobbit: An Unexpected Journey,Fantasy,7.9,719629
21,2013-12-13,The Hobbit: The Desolation of Smaug,250000000,258366855,960366855,12,2013,710366855,284.146742,tt1170358,The Hobbit: The Desolation of Smaug,Adventure,7.8,565563
21,2013-12-13,The Hobbit: The Desolation of Smaug,250000000,258366855,960366855,12,2013,710366855,284.146742,tt1170358,The Hobbit: The Desolation of Smaug,Fantasy,7.8,565563
22,2014-12-17,The Hobbit: The Battle of the Five Armies,250000000,255119788,945577621,12,2014,695577621,278.2310484,tt2310332,The Hobbit: The Battle of the Five Armies,Adventure,7.4,438621
22,2014-12-17,The Hobbit: The Battle of the Five Armies,250000000,255119788,945577621,12,2014,695577621,278.2310484,tt2310332,The Hobbit: The Battle of the Five Armies,Fantasy,7.4,438621
23,2017-04-14,The Fate of the Furious,250000000,225764765,1234846267,4,2017,984846267,393.93850679999997,tt4630562,The Fate of the Furious,Action,6.7,179774
23,2017-04-14,The Fate of the Furious,250000000,225764765,1234846267,4,2017,984846267,393.93850679999997,tt4630562,The Fate of the Furious,Crime,6.7,179774
23,2017-04-14,The Fate of the Furious,250000000,225764765,1234846267,4,2017,984846267,393.93850679999997,tt4630562,The Fate of the Furious,Thriller,6.7,179774
25,2017-05-26,Pirates of the Caribbean: Dead Men Tell No Tales,230000000,172558876,788241137,5,2017,558241137,242.71353782608696,tt1790809,Pirates of the Caribbean: Dead Men Tell No Tales,Action,6.6,228592
25,2017-05-26,Pirates of the Caribbean: Dead Men Tell No Tales,230000000,172558876,788241137,5,2017,558241137,242.71353782608696,tt1790809,Pirates of the Caribbean: Dead Men Tell No Tales,Adventure,6.6,228592
25,2017-05-26,Pirates of the Caribbean: Dead Men Tell No Tales,230000000,172558876,788241137,5,2017,558241137,242.71353782608696,tt1790809,Pirates of the Caribbean: Dead Men Tell No Tales,Fantasy,6.6,228592
27,2012-05-04,The Avengers,225000000,623279547,1517935897,5,2012,1292935897,574.6381764444443,tt0848228,The Avengers,Action,8.1,1183655
27,2012-05-04,The Avengers,225000000,623279547,1517935897,5,2012,1292935897,574.6381764444443,tt0848228,The Avengers,Adventure,8.1,1183655
27,2012-05-04,The Avengers,225000000,623279547,1517935897,5,2012,1292935897,574.6381764444443,tt0848228,The Avengers,Sci-Fi,8.1,1183655
29,2013-06-14,Man of Steel,225000000,291045518,667999518,6,2013,442999518,196.88867466666667,tt0770828,Man of Steel,Action,7.1,647288
29,2013-06-14,Man of Steel,225000000,291045518,667999518,6,2013,442999518,196.88867466666667,tt0770828,Man of Steel,Adventure,7.1,647288
29,2013-06-14,Man of Steel,225000000,291045518,667999518,6,2013,442999518,196.88867466666667,tt0770828,Man of Steel,Sci-Fi,7.1,647288
31,2012-07-03,The Amazing Spider-Man,220000000,262030663,757890267,7,2012,537890267,244.49557590909092,tt0948470,The Amazing Spider-Man,Action,7.0,525632
31,2012-07-03,The Amazing Spider-Man,220000000,262030663,757890267,7,2012,537890267,244.49557590909092,tt0948470,The Amazing Spider-Man,Adventure,7.0,525632
31,2012-07-03,The Amazing Spider-Man,220000000,262030663,757890267,7,2012,537890267,244.49557590909092,tt0948470,The Amazing Spider-Man,Sci-Fi,7.0,525632
32,2012-05-18,Battleship,220000000,65233400,313477717,5,2012,93477717,42.48987136363636,tt1440129,Battleship,Action,5.8,225342
32,2012-05-18,Battleship,220000000,65233400,313477717,5,2012,93477717,42.48987136363636,tt1440129,Battleship,Adventure,5.8,225342
32,2012-05-18,Battleship,220000000,65233400,313477717,5,2012,93477717,42.48987136363636,tt1440129,Battleship,Sci-Fi,5.8,225342
33,2017-06-21,Transformers: The Last Knight,217000000,130168683,602893340,6,2017,385893340,177.8310322580645,tt3371366,Transformers: The Last Knight,Action,5.2,119007
33,2017-06-21,Transformers: The Last Knight,217000000,130168683,602893340,6,2017,385893340,177.8310322580645,tt3371366,Transformers: The Last Knight,Adventure,5.2,119007
33,2017-06-21,Transformers: The Last Knight,217000000,130168683,602893340,6,2017,385893340,177.8310322580645,tt3371366,Transformers: The Last Knight,Sci-Fi,5.2,119007
34,2015-06-12,Jurassic World,215000000,652270625,1648854864,6,2015,1433854864,666.9092390697674,tt0369610,Jurassic World,Action,7.0,539338
34,2015-06-12,Jurassic World,215000000,652270625,1648854864,6,2015,1433854864,666.9092390697674,tt0369610,Jurassic World,Adventure,7.0,539338
34,2015-06-12,Jurassic World,215000000,652270625,1648854864,6,2015,1433854864,666.9092390697674,tt0369610,Jurassic World,Sci-Fi,7.0,539338
35,2012-05-25,Men in Black 3,215000000,179020854,654213485,5,2012,439213485,204.28534186046508,tt1409024,Men in Black 3,Action,6.8,309879
35,2012-05-25,Men in Black 3,215000000,179020854,654213485,5,2012,439213485,204.28534186046508,tt1409024,Men in Black 3,Adventure,6.8,309879
35,2012-05-25,Men in Black 3,215000000,179020854,654213485,5,2012,439213485,204.28534186046508,tt1409024,Men in Black 3,Comedy,6.8,309879
37,2014-06-27,Transformers: Age of Extinction,210000000,245439076,1104039076,6,2014,894039076,425.73289333333327,tt2109248,Transformers: Age of Extinction,Action,5.7,283486
37,2014-06-27,Transformers: Age of Extinction,210000000,245439076,1104039076,6,2014,894039076,425.73289333333327,tt2109248,Transformers: Age of Extinction,Adventure,5.7,283486
37,2014-06-27,Transformers: Age of Extinction,210000000,245439076,1104039076,6,2014,894039076,425.73289333333327,tt2109248,Transformers: Age of Extinction,Sci-Fi,5.7,283486
39,2010-05-14,Robin Hood,210000000,105487148,322459006,5,2010,112459006,53.55190761904761,tt0955308,Robin Hood,Action,6.6,239480
39,2010-05-14,Robin Hood,210000000,105487148,322459006,5,2010,112459006,53.55190761904761,tt0955308,Robin Hood,Adventure,6.6,239480
39,2010-05-14,Robin Hood,210000000,105487148,322459006,5,2010,112459006,53.55190761904761,tt0955308,Robin Hood,Drama,6.6,239480
9,2018-11-21,Robin Hood,99000000,30824628,84747441,11,2018,-14252559,-14.396524242424242,tt0955308,Robin Hood,Action,6.6,239480
9,2018-11-21,Robin Hood,99000000,30824628,84747441,11,2018,-14252559,-14.396524242424242,tt0955308,Robin Hood,Adventure,6.6,239480
9,2018-11-21,Robin Hood,99000000,30824628,84747441,11,2018,-14252559,-14.396524242424242,tt0955308,Robin Hood,Drama,6.6,239480
39,2010-05-14,Robin Hood,210000000,105487148,322459006,5,2010,112459006,53.55190761904761,tt2363363,Robin Hood,Action,6.3,78
39,2010-05-14,Robin Hood,210000000,105487148,322459006,5,2010,112459006,53.55190761904761,tt2363363,Robin Hood,Drama,6.3,78
9,2018-11-21,Robin Hood,99000000,30824628,84747441,11,2018,-14252559,-14.396524242424242,tt2363363,Robin Hood,Action,6.3,78
9,2018-11-21,Robin Hood,99000000,30824628,84747441,11,2018,-14252559,-14.396524242424242,tt2363363,Robin Hood,Drama,6.3,78
39,2010-05-14,Robin Hood,210000000,105487148,322459006,5,2010,112459006,53.55190761904761,tt4532826,Robin Hood,Action,5.3,41588
39,2010-05-14,Robin Hood,210000000,105487148,322459006,5,2010,112459006,53.55190761904761,tt4532826,Robin Hood,Adventure,5.3,41588
39,2010-05-14,Robin Hood,210000000,105487148,322459006,5,2010,112459006,53.55190761904761,tt4532826,Robin Hood,Thriller,5.3,41588
9,2018-11-21,Robin Hood,99000000,30824628,84747441,11,2018,-14252559,-14.396524242424242,tt4532826,Robin Hood,Action,5.3,41588
9,2018-11-21,Robin Hood,99000000,30824628,84747441,11,2018,-14252559,-14.396524242424242,tt4532826,Robin Hood,Adventure,5.3,41588
9,2018-11-21,Robin Hood,99000000,30824628,84747441,11,2018,-14252559,-14.396524242424242,tt4532826,Robin Hood,Thriller,5.3,41588
39,2010-05-14,Robin Hood,210000000,105487148,322459006,5,2010,112459006,53.55190761904761,tt6858500,Robin Hood,,7.6,5
9,2018-11-21,Robin Hood,99000000,30824628,84747441,11,2018,-14252559,-14.396524242424242,tt6858500,Robin Hood,,7.6,5
42,2018-02-16,Black Panther,200000000,700059566,1348258224,2,2018,1148258224,574.129112,tt1825683,Black Panther,Action,7.3,516148
42,2018-02-16,Black Panther,200000000,700059566,1348258224,2,2018,1148258224,574.129112,tt1825683,Black Panther,Adventure,7.3,516148
42,2018-02-16,Black Panther,200000000,700059566,1348258224,2,2018,1148258224,574.129112,tt1825683,Black Panther,Sci-Fi,7.3,516148
44,2018-06-15,Incredibles 2,200000000,608581744,1242520711,6,2018,1042520711,521.2603555000002,tt3606756,Incredibles 2,Action,7.7,203510
44,2018-06-15,Incredibles 2,200000000,608581744,1242520711,6,2018,1042520711,521.2603555000002,tt3606756,Incredibles 2,Adventure,7.7,203510
44,2018-06-15,Incredibles 2,200000000,608581744,1242520711,6,2018,1042520711,521.2603555000002,tt3606756,Incredibles 2,Animation,7.7,203510
45,2016-12-16,Rogue One: A Star Wars Story,200000000,532177324,1049102856,12,2016,849102856,424.55142800000004,tt3748528,Rogue One: A Star Wars Story,Action,7.8,478592
45,2016-12-16,Rogue One: A Star Wars Story,200000000,532177324,1049102856,12,2016,849102856,424.55142800000004,tt3748528,Rogue One: A Star Wars Story,Adventure,7.8,478592
45,2016-12-16,Rogue One: A Star Wars Story,200000000,532177324,1049102856,12,2016,849102856,424.55142800000004,tt3748528,Rogue One: A Star Wars Story,Sci-Fi,7.8,478592
46,2016-06-17,Finding Dory,200000000,486295561,1021215193,6,2016,821215193,410.6075965,tt2277860,Finding Dory,Adventure,7.3,213542
46,2016-06-17,Finding Dory,200000000,486295561,1021215193,6,2016,821215193,410.6075965,tt2277860,Finding Dory,Animation,7.3,213542
46,2016-06-17,Finding Dory,200000000,486295561,1021215193,6,2016,821215193,410.6075965,tt2277860,Finding Dory,Comedy,7.3,213542
47,2010-06-18,Toy Story 3,200000000,415004880,1068879522,6,2010,868879522,434.43976100000003,tt0435761,Toy Story 3,Adventure,8.3,682218
47,2010-06-18,Toy Story 3,200000000,415004880,1068879522,6,2010,868879522,434.43976100000003,tt0435761,Toy Story 3,Animation,8.3,682218
47,2010-06-18,Toy Story 3,200000000,415004880,1068879522,6,2010,868879522,434.43976100000003,tt0435761,Toy Story 3,Comedy,8.3,682218
48,2013-05-03,Iron Man 3,200000000,408992272,1215392272,5,2013,1015392272,507.696136,tt1300854,Iron Man 3,Action,7.2,692794
48,2013-05-03,Iron Man 3,200000000,408992272,1215392272,5,2013,1015392272,507.696136,tt1300854,Iron Man 3,Adventure,7.2,692794
48,2013-05-03,Iron Man 3,200000000,408992272,1215392272,5,2013,1015392272,507.696136,tt1300854,Iron Man 3,Sci-Fi,7.2,692794
51,2010-03-05,Alice in Wonderland,200000000,334191110,1025491110,3,2010,825491110,412.745555,tt1014759,Alice in Wonderland,Adventure,6.5,358813
51,2010-03-05,Alice in Wonderland,200000000,334191110,1025491110,3,2010,825491110,412.745555,tt1014759,Alice in Wonderland,Family,6.5,358813
51,2010-03-05,Alice in Wonderland,200000000,334191110,1025491110,3,2010,825491110,412.745555,tt1014759,Alice in Wonderland,Fantasy,6.5,358813
60,2051-07-28,Alice in Wonderland,3000000,0,0,7,2051,-3000000,-100.0,tt1014759,Alice in Wonderland,Adventure,6.5,358813
60,2051-07-28,Alice in Wonderland,3000000,0,0,7,2051,-3000000,-100.0,tt1014759,Alice in Wonderland,Family,6.5,358813
60,2051-07-28,Alice in Wonderland,3000000,0,0,7,2051,-3000000,-100.0,tt1014759,Alice in Wonderland,Fantasy,6.5,358813
51,2010-03-05,Alice in Wonderland,200000000,334191110,1025491110,3,2010,825491110,412.745555,tt2049386,Alice in Wonderland,Fantasy,6.5,6
51,2010-03-05,Alice in Wonderland,200000000,334191110,1025491110,3,2010,825491110,412.745555,tt2049386,Alice in Wonderland,Musical,6.5,6
60,2051-07-28,Alice in Wonderland,3000000,0,0,7,2051,-3000000,-100.0,tt2049386,Alice in Wonderland,Fantasy,6.5,6
60,2051-07-28,Alice in Wonderland,3000000,0,0,7,2051,-3000000,-100.0,tt2049386,Alice in Wonderland,Musical,6.5,6
52,2012-11-08,Skyfall,200000000,304360277,1110526981,11,2012,910526981,455.26349050000005,tt1074638,Skyfall,Action,7.8,592221
52,2012-11-08,Skyfall,200000000,304360277,1110526981,11,2012,910526981,455.26349050000005,tt1074638,Skyfall,Adventure,7.8,592221
52,2012-11-08,Skyfall,200000000,304360277,1110526981,11,2012,910526981,455.26349050000005,tt1074638,Skyfall,Thriller,7.8,592221
53,2013-06-21,Monsters University,200000000,268488329,743588329,6,2013,543588329,271.7941645,tt1453405,Monsters University,Adventure,7.3,291887
53,2013-06-21,Monsters University,200000000,268488329,743588329,6,2013,543588329,271.7941645,tt1453405,Monsters University,Animation,7.3,291887
53,2013-06-21,Monsters University,200000000,268488329,743588329,6,2013,543588329,271.7941645,tt1453405,Monsters University,Comedy,7.3,291887
54,2013-03-08,Oz the Great and Powerful,200000000,234770996,490359051,3,2013,290359051,145.17952549999995,tt1623205,Oz the Great and Powerful,Adventure,6.3,192045
54,2013-03-08,Oz the Great and Powerful,200000000,234770996,490359051,3,2013,290359051,145.17952549999995,tt1623205,Oz the Great and Powerful,Family,6.3,192045
54,2013-03-08,Oz the Great and Powerful,200000000,234770996,490359051,3,2013,290359051,145.17952549999995,tt1623205,Oz the Great and Powerful,Fantasy,6.3,192045
55,2014-05-23,X-Men: Days of Future Past,200000000,233921534,747862775,5,2014,547862775,273.9313875,tt1877832,X-Men: Days of Future Past,Action,8.0,620079
55,2014-05-23,X-Men: Days of Future Past,200000000,233921534,747862775,5,2014,547862775,273.9313875,tt1877832,X-Men: Days of Future Past,Adventure,8.0,620079
55,2014-05-23,X-Men: Days of Future Past,200000000,233921534,747862775,5,2014,547862775,273.9313875,tt1877832,X-Men: Days of Future Past,Sci-Fi,8.0,620079
56,2014-05-02,The Amazing Spider-Man 2,200000000,202853933,708996336,5,2014,508996336,254.49816800000002,tt1872181,The Amazing Spider-Man 2,Action,6.6,388363
56,2014-05-02,The Amazing Spider-Man 2,200000000,202853933,708996336,5,2014,508996336,254.49816800000002,tt1872181,The Amazing Spider-Man 2,Adventure,6.6,388363
56,2014-05-02,The Amazing Spider-Man 2,200000000,202853933,708996336,5,2014,508996336,254.49816800000002,tt1872181,The Amazing Spider-Man 2,Sci-Fi,6.6,388363
57,2011-06-24,Cars 2,200000000,191450875,560155383,6,2011,360155383,180.07769150000001,tt1216475,Cars 2,Adventure,6.2,138914
57,2011-06-24,Cars 2,200000000,191450875,560155383,6,2011,360155383,180.07769150000001,tt1216475,Cars 2,Animation,6.2,138914
57,2011-06-24,Cars 2,200000000,191450875,560155383,6,2011,360155383,180.07769150000001,tt1216475,Cars 2,Comedy,6.2,138914
60,2018-11-16,Fantastic Beasts: The Crimes of Grindelwald,200000000,159555901,652220086,11,2018,452220086,226.11004300000002,tt4123430,Fantastic Beasts: The Crimes of Grindelwald,Adventure,6.6,163151
60,2018-11-16,Fantastic Beasts: The Crimes of Grindelwald,200000000,159555901,652220086,11,2018,452220086,226.11004300000002,tt4123430,Fantastic Beasts: The Crimes of Grindelwald,Family,6.6,163151
60,2018-11-16,Fantastic Beasts: The Crimes of Grindelwald,200000000,159555901,652220086,11,2018,452220086,226.11004300000002,tt4123430,Fantastic Beasts: The Crimes of Grindelwald,Fantasy,6.6,163151
62,2011-06-17,Green Lantern,200000000,116601172,219535492,6,2011,19535492,9.767746,tt1133985,Green Lantern,Action,5.5,252281
62,2011-06-17,Green Lantern,200000000,116601172,219535492,6,2011,19535492,9.767746,tt1133985,Green Lantern,Adventure,5.5,252281
62,2011-06-17,Green Lantern,200000000,116601172,219535492,6,2011,19535492,9.767746,tt1133985,Green Lantern,Sci-Fi,5.5,252281
64,2011-06-29,Transformers: Dark of the Moon,195000000,352390543,1123790543,6,2011,928790543,476.3028425641026,tt1399103,Transformers: Dark of the Moon,Action,6.2,366409
64,2011-06-29,Transformers: Dark of the Moon,195000000,352390543,1123790543,6,2011,928790543,476.3028425641026,tt1399103,Transformers: Dark of the Moon,Adventure,6.2,366409
64,2011-06-29,Transformers: Dark of the Moon,195000000,352390543,1123790543,6,2011,928790543,476.3028425641026,tt1399103,Transformers: Dark of the Moon,Sci-Fi,6.2,366409
65,2017-06-09,The Mummy,195000000,80101125,409953905,6,2017,214953905,110.2327717948718,tt2345759,The Mummy,Action,5.5,154345
65,2017-06-09,The Mummy,195000000,80101125,409953905,6,2017,214953905,110.2327717948718,tt2345759,The Mummy,Adventure,5.5,154345
65,2017-06-09,The Mummy,195000000,80101125,409953905,6,2017,214953905,110.2327717948718,tt2345759,The Mummy,Fantasy,5.5,154345
66,2013-03-01,Jack the Giant Slayer,195000000,65187603,197687603,3,2013,2687603,1.3782579487179487,tt1351685,Jack the Giant Slayer,Adventure,6.3,123127
66,2013-03-01,Jack the Giant Slayer,195000000,65187603,197687603,3,2013,2687603,1.3782579487179487,tt1351685,Jack the Giant Slayer,Fantasy,6.3,123127
67,2015-04-03,Furious 7,190000000,353007020,1518722794,4,2015,1328722794,699.3277863157895,tt2820852,Furious 7,Action,7.2,335074
67,2015-04-03,Furious 7,190000000,353007020,1518722794,4,2015,1328722794,699.3277863157895,tt2820852,Furious 7,Crime,7.2,335074
67,2015-04-03,Furious 7,190000000,353007020,1518722794,4,2015,1328722794,699.3277863157895,tt2820852,Furious 7,Thriller,7.2,335074
68,2013-05-16,Star Trek Into Darkness,190000000,228778661,467381584,5,2013,277381584,145.99030736842104,tt1408101,Star Trek Into Darkness,Action,7.7,445535
68,2013-05-16,Star Trek Into Darkness,190000000,228778661,467381584,5,2013,277381584,145.99030736842104,tt1408101,Star Trek Into Darkness,Adventure,7.7,445535
68,2013-05-16,Star Trek Into Darkness,190000000,228778661,467381584,5,2013,277381584,145.99030736842104,tt1408101,Star Trek Into Darkness,Sci-Fi,7.7,445535
69,2013-06-21,World War Z,190000000,202359711,531514650,6,2013,341514650,179.74455263157898,tt0816711,World War Z,Action,7.0,553751
69,2013-06-21,World War Z,190000000,202359711,531514650,6,2013,341514650,179.74455263157898,tt0816711,World War Z,Adventure,7.0,553751
69,2013-06-21,World War Z,190000000,202359711,531514650,6,2013,341514650,179.74455263157898,tt0816711,World War Z,Horror,7.0,553751
70,2013-05-10,The Great Gatsby,190000000,144840419,351040419,5,2013,161040419,84.75811526315789,tt1343092,The Great Gatsby,Drama,7.3,433165
70,2013-05-10,The Great Gatsby,190000000,144840419,351040419,5,2013,161040419,84.75811526315789,tt1343092,The Great Gatsby,Romance,7.3,433165
100,2074-03-29,The Great Gatsby,7000000,26533200,26533200,3,2074,19533200,279.0457142857143,tt1343092,The Great Gatsby,Drama,7.3,433165
100,2074-03-29,The Great Gatsby,7000000,26533200,26533200,3,2074,19533200,279.0457142857143,tt1343092,The Great Gatsby,Romance,7.3,433165
72,2013-07-12,Pacific Rim,190000000,101802906,411002906,7,2013,221002906,116.31731894736843,tt1663662,Pacific Rim,Action,6.9,443667
72,2013-07-12,Pacific Rim,190000000,101802906,411002906,7,2013,221002906,116.31731894736843,tt1663662,Pacific Rim,Adventure,6.9,443667
72,2013-07-12,Pacific Rim,190000000,101802906,411002906,7,2013,221002906,116.31731894736843,tt1663662,Pacific Rim,Sci-Fi,6.9,443667
73,2015-11-25,The Good Dinosaur,187500000,123087120,333771037,11,2015,146271037,78.01121973333333,tt1979388,The Good Dinosaur,Adventure,6.7,91465
73,2015-11-25,The Good Dinosaur,187500000,123087120,333771037,11,2015,146271037,78.01121973333333,tt1979388,The Good Dinosaur,Animation,6.7,91465
73,2015-11-25,The Good Dinosaur,187500000,123087120,333771037,11,2015,146271037,78.01121973333333,tt1979388,The Good Dinosaur,Comedy,6.7,91465
77,2012-06-22,Brave,185000000,237282182,554606532,6,2012,369606532,199.78731459459462,tt1217209,Brave,Adventure,7.1,338728
77,2012-06-22,Brave,185000000,237282182,554606532,6,2012,369606532,199.78731459459462,tt1217209,Brave,Animation,7.1,338728
77,2012-06-22,Brave,185000000,237282182,554606532,6,2012,369606532,199.78731459459462,tt1217209,Brave,Comedy,7.1,338728
78,2017-03-10,Kong: Skull Island,185000000,168052812,561072059,3,2017,376072059,203.28219405405403,tt3731562,Kong: Skull Island,Action,6.6,237720
78,2017-03-10,Kong: Skull Island,185000000,168052812,561072059,3,2017,376072059,203.28219405405403,tt3731562,Kong: Skull Island,Adventure,6.6,237720
78,2017-03-10,Kong: Skull Island,185000000,168052812,561072059,3,2017,376072059,203.28219405405403,tt3731562,Kong: Skull Island,Fantasy,6.6,237720
79,2016-07-22,Star Trek Beyond,185000000,158848340,335802233,7,2016,150802233,81.51472054054054,tt2660888,Star Trek Beyond,Action,7.1,209844
79,2016-07-22,Star Trek Beyond,185000000,158848340,335802233,7,2016,150802233,81.51472054054054,tt2660888,Star Trek Beyond,Adventure,7.1,209844
79,2016-07-22,Star Trek Beyond,185000000,158848340,335802233,7,2016,150802233,81.51472054054054,tt2660888,Star Trek Beyond,Sci-Fi,7.1,209844
80,2017-10-06,Blade Runner 2049,185000000,92054159,259357408,10,2017,74357408,40.193193513513506,tt1856101,Blade Runner 2049,Drama,8.0,376241
80,2017-10-06,Blade Runner 2049,185000000,92054159,259357408,10,2017,74357408,40.193193513513506,tt1856101,Blade Runner 2049,Mystery,8.0,376241
80,2017-10-06,Blade Runner 2049,185000000,92054159,259357408,10,2017,74357408,40.193193513513506,tt1856101,Blade Runner 2049,Sci-Fi,8.0,376241
81,2019-05-24,Aladdin,182000000,246734314,619234314,5,2019,437234314,240.2386340659341,tt6139732,Aladdin,Adventure,7.4,57549
81,2019-05-24,Aladdin,182000000,246734314,619234314,5,2019,437234314,240.2386340659341,tt6139732,Aladdin,Comedy,7.4,57549
81,2019-05-24,Aladdin,182000000,246734314,619234314,5,2019,437234314,240.2386340659341,tt6139732,Aladdin,Family,7.4,57549
82,2017-11-03,Thor: Ragnarok,180000000,315058289,846980024,11,2017,666980024,370.5444577777778,tt3501632,Thor: Ragnarok,Action,7.9,482995
82,2017-11-03,Thor: Ragnarok,180000000,315058289,846980024,11,2017,666980024,370.5444577777778,tt3501632,Thor: Ragnarok,Adventure,7.9,482995
82,2017-11-03,Thor: Ragnarok,180000000,315058289,846980024,11,2017,666980024,370.5444577777778,tt3501632,Thor: Ragnarok,Comedy,7.9,482995
84,2014-05-30,Maleficent,180000000,241407328,758536735,5,2014,578536735,321.40929722222216,tt1587310,Maleficent,Action,7.0,305832
84,2014-05-30,Maleficent,180000000,241407328,758536735,5,2014,578536735,321.40929722222216,tt1587310,Maleficent,Adventure,7.0,305832
84,2014-05-30,Maleficent,180000000,241407328,758536735,5,2014,578536735,321.40929722222216,tt1587310,Maleficent,Family,7.0,305832
85,2016-11-18,Fantastic Beasts and Where to Find Them,180000000,234037575,802402853,11,2016,622402853,345.7793627777778,tt3183660,Fantastic Beasts and Where to Find Them,Adventure,7.3,365353
85,2016-11-18,Fantastic Beasts and Where to Find Them,180000000,234037575,802402853,11,2016,622402853,345.7793627777778,tt3183660,Fantastic Beasts and Where to Find Them,Family,7.3,365353
85,2016-11-18,Fantastic Beasts and Where to Find Them,180000000,234037575,802402853,11,2016,622402853,345.7793627777778,tt3183660,Fantastic Beasts and Where to Find Them,Fantasy,7.3,365353
88,2016-07-01,The Legend of Tarzan,180000000,126643061,348902025,7,2016,168902025,93.83445833333332,tt0918940,The Legend of Tarzan,Action,6.3,150154
88,2016-07-01,The Legend of Tarzan,180000000,126643061,348902025,7,2016,168902025,93.83445833333332,tt0918940,The Legend of Tarzan,Adventure,6.3,150154
88,2016-07-01,The Legend of Tarzan,180000000,126643061,348902025,7,2016,168902025,93.83445833333332,tt0918940,The Legend of Tarzan,Drama,6.3,150154
89,2011-11-23,Hugo,180000000,73864507,180047784,11,2011,47784,0.026546666666666663,tt0970179,Hugo,Adventure,7.5,284869
89,2011-11-23,Hugo,180000000,73864507,180047784,11,2011,47784,0.026546666666666663,tt0970179,Hugo,Drama,7.5,284869
89,2011-11-23,Hugo,180000000,73864507,180047784,11,2011,47784,0.026546666666666663,tt0970179,Hugo,Family,7.5,284869
89,2011-11-23,Hugo,180000000,73864507,180047784,11,2011,47784,0.026546666666666663,tt7496196,Hugo,Documentary,7.9,11
90,2017-07-21,Valerian and the City of a Thousand Planets,180000000,40479370,215098356,7,2017,35098356,19.499086666666667,tt2239822,Valerian and the City of a Thousand Planets,Action,6.5,139792
90,2017-07-21,Valerian and the City of a Thousand Planets,180000000,40479370,215098356,7,2017,35098356,19.499086666666667,tt2239822,Valerian and the City of a Thousand Planets,Adventure,6.5,139792
90,2017-07-21,Valerian and the City of a Thousand Planets,180000000,40479370,215098356,7,2017,35098356,19.499086666666667,tt2239822,Valerian and the City of a Thousand Planets,Fantasy,6.5,139792
91,2015-02-06,Jupiter Ascending,179000000,47482519,181982519,2,2015,2982519,1.6662117318435754,tt1617661,Jupiter Ascending,Action,5.3,166327
91,2015-02-06,Jupiter Ascending,179000000,47482519,181982519,2,2015,2982519,1.6662117318435754,tt1617661,Jupiter Ascending,Adventure,5.3,166327
91,2015-02-06,Jupiter Ascending,179000000,47482519,181982519,2,2015,2982519,1.6662117318435754,tt1617661,Jupiter Ascending,Sci-Fi,5.3,166327
93,2016-05-27,X-Men: Apocalypse,178000000,155442489,542537546,5,2016,364537546,204.7963741573034,tt3385516,X-Men: Apocalypse,Action,7.0,356556
93,2016-05-27,X-Men: Apocalypse,178000000,155442489,542537546,5,2016,364537546,204.7963741573034,tt3385516,X-Men: Apocalypse,Adventure,7.0,356556
93,2016-05-27,X-Men: Apocalypse,178000000,155442489,542537546,5,2016,364537546,204.7963741573034,tt3385516,X-Men: Apocalypse,Sci-Fi,7.0,356556
94,2018-08-10,The Meg,178000000,145443742,529530715,8,2018,351530715,197.4891657303371,tt4779682,The Meg,Action,5.7,114042
94,2018-08-10,The Meg,178000000,145443742,529530715,8,2018,351530715,197.4891657303371,tt4779682,The Meg,Horror,5.7,114042
94,2018-08-10,The Meg,178000000,145443742,529530715,8,2018,351530715,197.4891657303371,tt4779682,The Meg,Sci-Fi,5.7,114042
95,2014-06-06,Edge of Tomorrow,178000000,100206256,370541256,6,2014,192541256,108.16924494382023,tt1631867,Edge of Tomorrow,Action,7.9,546284
95,2014-06-06,Edge of Tomorrow,178000000,100206256,370541256,6,2014,192541256,108.16924494382023,tt1631867,Edge of Tomorrow,Sci-Fi,7.9,546284
96,2019-03-08,Captain Marvel,175000000,426525952,1123061550,3,2019,948061550,541.7494571428572,tt4154664,Captain Marvel,Action,7.0,296225
96,2019-03-08,Captain Marvel,175000000,426525952,1123061550,3,2019,948061550,541.7494571428572,tt4154664,Captain Marvel,Adventure,7.0,296225
96,2019-03-08,Captain Marvel,175000000,426525952,1123061550,3,2019,948061550,541.7494571428572,tt4154664,Captain Marvel,Sci-Fi,7.0,296225
97,2016-04-15,The Jungle Book,175000000,364001123,962854547,4,2016,787854547,450.2025982857143,tt2226178,The Jungle Book,Animation,7.0,59
97,2016-04-15,The Jungle Book,175000000,364001123,962854547,4,2016,787854547,450.2025982857143,tt3040964,The Jungle Book,Adventure,7.4,240821
97,2016-04-15,The Jungle Book,175000000,364001123,962854547,4,2016,787854547,450.2025982857143,tt3040964,The Jungle Book,Drama,7.4,240821
97,2016-04-15,The Jungle Book,175000000,364001123,962854547,4,2016,787854547,450.2025982857143,tt3040964,The Jungle Book,Family,7.4,240821
98,2015-06-19,Inside Out,175000000,356461711,854235992,6,2015,679235992,388.1348525714286,tt1640486,Inside Out,Crime,4.6,1566
98,2015-06-19,Inside Out,175000000,356461711,854235992,6,2015,679235992,388.1348525714286,tt1640486,Inside Out,Drama,4.6,1566
98,2015-06-19,Inside Out,175000000,356461711,854235992,6,2015,679235992,388.1348525714286,tt2071483,Inside Out,Family,7.3,15
98,2015-06-19,Inside Out,175000000,356461711,854235992,6,2015,679235992,388.1348525714286,tt2096673,Inside Out,Adventure,8.2,536181
98,2015-06-19,Inside Out,175000000,356461711,854235992,6,2015,679235992,388.1348525714286,tt2096673,Inside Out,Animation,8.2,536181
98,2015-06-19,Inside Out,175000000,356461711,854235992,6,2015,679235992,388.1348525714286,tt2096673,Inside Out,Comedy,8.2,536181
98,2015-06-19,Inside Out,175000000,356461711,854235992,6,2015,679235992,388.1348525714286,tt2608638,Inside Out,Biography,7.5,60
98,2015-06-19,Inside Out,175000000,356461711,854235992,6,2015,679235992,388.1348525714286,tt2608638,Inside Out,Documentary,7.5,60
98,2015-06-19,Inside Out,175000000,356461711,854235992,6,2015,679235992,388.1348525714286,tt2608638,Inside Out,History,7.5,60
99,2017-07-07,Spider-Man: Homecoming,175000000,334201140,880166350,7,2017,705166350,402.9522,tt2250912,Spider-Man: Homecoming,Action,7.5,426302
99,2017-07-07,Spider-Man: Homecoming,175000000,334201140,880166350,7,2017,705166350,402.9522,tt2250912,Spider-Man: Homecoming,Adventure,7.5,426302
99,2017-07-07,Spider-Man: Homecoming,175000000,334201140,880166350,7,2017,705166350,402.9522,tt2250912,Spider-Man: Homecoming,Sci-Fi,7.5,426302
100,2016-08-05,Suicide Squad,175000000,325100054,746059887,8,2016,571059887,326.31993542857145,tt1386697,Suicide Squad,Action,6.0,533039
100,2016-08-05,Suicide Squad,175000000,325100054,746059887,8,2016,571059887,326.31993542857145,tt1386697,Suicide Squad,Adventure,6.0,533039
100,2016-08-05,Suicide Squad,175000000,325100054,746059887,8,2016,571059887,326.31993542857145,tt1386697,Suicide Squad,Fantasy,6.0,533039
2,2017-11-22,Coco,175000000,209726015,798008101,11,2017,623008101,356.0046291428572,tt2380307,Coco,Adventure,8.4,277194
2,2017-11-22,Coco,175000000,209726015,798008101,11,2017,623008101,356.0046291428572,tt2380307,Coco,Animation,8.4,277194
2,2017-11-22,Coco,175000000,209726015,798008101,11,2017,623008101,356.0046291428572,tt2380307,Coco,Comedy,8.4,277194
2,2017-11-22,Coco,175000000,209726015,798008101,11,2017,623008101,356.0046291428572,tt7002100,Coco,Horror,7.4,35
5,2017-06-16,Cars 3,175000000,152901115,383541369,6,2017,208541369,119.16649657142857,tt3606752,Cars 3,Adventure,6.8,59408
5,2017-06-16,Cars 3,175000000,152901115,383541369,6,2017,208541369,119.16649657142857,tt3606752,Cars 3,Animation,6.8,59408
5,2017-06-16,Cars 3,175000000,152901115,383541369,6,2017,208541369,119.16649657142857,tt3606752,Cars 3,Comedy,6.8,59408
11,2017-05-12,King Arthur: Legend of the Sword,175000000,39175066,139630336,5,2017,-35369664,-20.21123657142857,tt1972591,King Arthur: Legend of the Sword,Action,6.8,169054
11,2017-05-12,King Arthur: Legend of the Sword,175000000,39175066,139630336,5,2017,-35369664,-20.21123657142857,tt1972591,King Arthur: Legend of the Sword,Adventure,6.8,169054
11,2017-05-12,King Arthur: Legend of the Sword,175000000,39175066,139630336,5,2017,-35369664,-20.21123657142857,tt1972591,King Arthur: Legend of the Sword,Drama,6.8,169054
12,2013-12-25,47 Ronin,175000000,38362475,151716815,12,2013,-23283185,-13.304677142857145,tt1335975,47 Ronin,Action,6.3,135754
12,2013-12-25,47 Ronin,175000000,38362475,151716815,12,2013,-23283185,-13.304677142857145,tt1335975,47 Ronin,Adventure,6.3,135754
12,2013-12-25,47 Ronin,175000000,38362475,151716815,12,2013,-23283185,-13.304677142857145,tt1335975,47 Ronin,Drama,6.3,135754
13,2018-06-22,Jurassic World: Fallen Kingdom,170000000,417719760,1305772799,6,2018,1135772799,668.1016464705882,tt4881806,Jurassic World: Fallen Kingdom,Action,6.2,219125
13,2018-06-22,Jurassic World: Fallen Kingdom,170000000,417719760,1305772799,6,2018,1135772799,668.1016464705882,tt4881806,Jurassic World: Fallen Kingdom,Adventure,6.2,219125
13,2018-06-22,Jurassic World: Fallen Kingdom,170000000,417719760,1305772799,6,2018,1135772799,668.1016464705882,tt4881806,Jurassic World: Fallen Kingdom,Sci-Fi,6.2,219125
14,2014-08-01,Guardians of the Galaxy,170000000,333172112,770867516,8,2014,600867516,353.45148,tt2015381,Guardians of the Galaxy,Action,8.1,948394
14,2014-08-01,Guardians of the Galaxy,170000000,333172112,770867516,8,2014,600867516,353.45148,tt2015381,Guardians of the Galaxy,Adventure,8.1,948394
14,2014-08-01,Guardians of the Galaxy,170000000,333172112,770867516,8,2014,600867516,353.45148,tt2015381,Guardians of the Galaxy,Comedy,8.1,948394
15,2010-05-07,Iron Man 2,170000000,312433331,621156389,5,2010,451156389,265.3861111764706,tt1228705,Iron Man 2,Action,7.0,657690
15,2010-05-07,Iron Man 2,170000000,312433331,621156389,5,2010,451156389,265.3861111764706,tt1228705,Iron Man 2,Adventure,7.0,657690
15,2010-05-07,Iron Man 2,170000000,312433331,621156389,5,2010,451156389,265.3861111764706,tt1228705,Iron Man 2,Sci-Fi,7.0,657690
16,2014-04-04,Captain America: The Winter Soldier,170000000,259746958,714401889,4,2014,544401889,320.2364052941177,tt1843866,Captain America: The Winter Soldier,Action,7.8,666252
16,2014-04-04,Captain America: The Winter Soldier,170000000,259746958,714401889,4,2014,544401889,320.2364052941177,tt1843866,Captain America: The Winter Soldier,Adventure,7.8,666252
16,2014-04-04,Captain America: The Winter Soldier,170000000,259746958,714401889,4,2014,544401889,320.2364052941177,tt1843866,Captain America: The Winter Soldier,Sci-Fi,7.8,666252
17,2014-07-11,Dawn of the Planet of the Apes,170000000,208545589,710644566,7,2014,540644566,318.0262152941177,tt2103281,Dawn of the Planet of the Apes,Action,7.6,390199
17,2014-07-11,Dawn of the Planet of the Apes,170000000,208545589,710644566,7,2014,540644566,318.0262152941177,tt2103281,Dawn of the Planet of the Apes,Adventure,7.6,390199
17,2014-07-11,Dawn of the Planet of the Apes,170000000,208545589,710644566,7,2014,540644566,318.0262152941177,tt2103281,Dawn of the Planet of the Apes,Drama,7.6,390199
19,2012-06-01,Snow White and the Huntsman,170000000,155136755,401021746,6,2012,231021746,135.89514470588236,tt1735898,Snow White and the Huntsman,Action,6.1,258938
19,2012-06-01,Snow White and the Huntsman,170000000,155136755,401021746,6,2012,231021746,135.89514470588236,tt1735898,Snow White and the Huntsman,Adventure,6.1,258938
19,2012-06-01,Snow White and the Huntsman,170000000,155136755,401021746,6,2012,231021746,135.89514470588236,tt1735898,Snow White and the Huntsman,Drama,6.1,258938
22,2019-03-29,Dumbo,170000000,113883318,345004422,3,2019,175004422,102.94377764705881,tt3861390,Dumbo,Adventure,6.6,25072
22,2019-03-29,Dumbo,170000000,113883318,345004422,3,2019,175004422,102.94377764705881,tt3861390,Dumbo,Family,6.6,25072
22,2019-03-29,Dumbo,170000000,113883318,345004422,3,2019,175004422,102.94377764705881,tt3861390,Dumbo,Fantasy,6.6,25072
23,2015-05-22,Tomorrowland,170000000,93436322,206627518,5,2015,36627518,21.54559882352941,tt1964418,Tomorrowland,Action,6.4,161343
23,2015-05-22,Tomorrowland,170000000,93436322,206627518,5,2015,36627518,21.54559882352941,tt1964418,Tomorrowland,Adventure,6.4,161343
23,2015-05-22,Tomorrowland,170000000,93436322,206627518,5,2015,36627518,21.54559882352941,tt1964418,Tomorrowland,Family,6.4,161343
23,2015-05-22,Tomorrowland,170000000,93436322,206627518,5,2015,36627518,21.54559882352941,tt7728220,Tomorrowland,Documentary,6.3,7
24,2019-02-14,Alita: Battle Angel,170000000,85710210,402976036,2,2019,232976036,137.0447270588235,tt0437086,Alita: Battle Angel,Action,7.5,88207
24,2019-02-14,Alita: Battle Angel,170000000,85710210,402976036,2,2019,232976036,137.0447270588235,tt0437086,Alita: Battle Angel,Adventure,7.5,88207
24,2019-02-14,Alita: Battle Angel,170000000,85710210,402976036,2,2019,232976036,137.0447270588235,tt0437086,Alita: Battle Angel,Sci-Fi,7.5,88207
25,2019-05-31,Godzilla: King of the Monsters,170000000,85576941,299276941,5,2019,129276941,76.0452594117647,tt3741700,Godzilla: King of the Monsters,Action,6.7,36479
25,2019-05-31,Godzilla: King of the Monsters,170000000,85576941,299276941,5,2019,129276941,76.0452594117647,tt3741700,Godzilla: King of the Monsters,Adventure,6.7,36479
25,2019-05-31,Godzilla: King of the Monsters,170000000,85576941,299276941,5,2019,129276941,76.0452594117647,tt3741700,Godzilla: King of the Monsters,Fantasy,6.7,36479
26,2016-05-27,Alice Through the Looking Glass,170000000,77042381,276928112,5,2016,106928112,62.898889411764706,tt2567026,Alice Through the Looking Glass,Adventure,6.2,79951
26,2016-05-27,Alice Through the Looking Glass,170000000,77042381,276928112,5,2016,106928112,62.898889411764706,tt2567026,Alice Through the Looking Glass,Family,6.2,79951
26,2016-05-27,Alice Through the Looking Glass,170000000,77042381,276928112,5,2016,106928112,62.898889411764706,tt2567026,Alice Through the Looking Glass,Fantasy,6.2,79951
27,2010-05-21,Shrek Forever After,165000000,238736787,756244673,5,2010,591244673,358.3301048484849,tt0892791,Shrek Forever After,Adventure,6.3,167532
27,2010-05-21,Shrek Forever After,165000000,238736787,756244673,5,2010,591244673,358.3301048484849,tt0892791,Shrek Forever After,Animation,6.3,167532
27,2010-05-21,Shrek Forever After,165000000,238736787,756244673,5,2010,591244673,358.3301048484849,tt0892791,Shrek Forever After,Comedy,6.3,167532
28,2016-11-04,Doctor Strange,165000000,232641920,676404566,11,2016,511404566,309.9421612121212,tt1211837,Doctor Strange,Action,7.5,514510
28,2016-11-04,Doctor Strange,165000000,232641920,676404566,11,2016,511404566,309.9421612121212,tt1211837,Doctor Strange,Adventure,7.5,514510
28,2016-11-04,Doctor Strange,165000000,232641920,676404566,11,2016,511404566,309.9421612121212,tt1211837,Doctor Strange,Fantasy,7.5,514510
29,2014-11-07,Big Hero 6,165000000,222527828,652127828,11,2014,487127828,295.2289866666667,tt2245084,Big Hero 6,Action,7.8,371204
29,2014-11-07,Big Hero 6,165000000,222527828,652127828,11,2014,487127828,295.2289866666667,tt2245084,Big Hero 6,Adventure,7.8,371204
29,2014-11-07,Big Hero 6,165000000,222527828,652127828,11,2014,487127828,295.2289866666667,tt2245084,Big Hero 6,Animation,7.8,371204
30,2010-03-26,How to Train Your Dragon,165000000,217581232,494870992,3,2010,329870992,199.92181333333332,tt0892769,How to Train Your Dragon,Action,8.1,611299
30,2010-03-26,How to Train Your Dragon,165000000,217581232,494870992,3,2010,329870992,199.92181333333332,tt0892769,How to Train Your Dragon,Adventure,8.1,611299
30,2010-03-26,How to Train Your Dragon,165000000,217581232,494870992,3,2010,329870992,199.92181333333332,tt0892769,How to Train Your Dragon,Animation,8.1,611299
31,2012-11-02,Wreck-It Ralph,165000000,189412677,496511521,11,2012,331511521,200.9160733333333,tt1772341,Wreck-It Ralph,Adventure,7.7,344496
31,2012-11-02,Wreck-It Ralph,165000000,189412677,496511521,11,2012,331511521,200.9160733333333,tt1772341,Wreck-It Ralph,Animation,7.7,344496
31,2012-11-02,Wreck-It Ralph,165000000,189412677,496511521,11,2012,331511521,200.9160733333333,tt1772341,Wreck-It Ralph,Comedy,7.7,344496
32,2014-11-05,Interstellar,165000000,188017894,666379375,11,2014,501379375,303.8662878787879,tt0816692,Interstellar,Adventure,8.6,1299334
32,2014-11-05,Interstellar,165000000,188017894,666379375,11,2014,501379375,303.8662878787879,tt0816692,Interstellar,Drama,8.6,1299334
32,2014-11-05,Interstellar,165000000,188017894,666379375,11,2014,501379375,303.8662878787879,tt0816692,Interstellar,Sci-Fi,8.6,1299334
33,2016-06-24,Independence Day: Resurgence,165000000,103144286,384169424,6,2016,219169424,132.82995393939393,tt1628841,Independence Day: Resurgence,Action,5.2,155344
33,2016-06-24,Independence Day: Resurgence,165000000,103144286,384169424,6,2016,219169424,132.82995393939393,tt1628841,Independence Day: Resurgence,Adventure,5.2,155344
33,2016-06-24,Independence Day: Resurgence,165000000,103144286,384169424,6,2016,219169424,132.82995393939393,tt1628841,Independence Day: Resurgence,Sci-Fi,5.2,155344
35,2017-03-17,Beauty and the Beast,160000000,504014165,1259199706,3,2017,1099199706,686.99981625,tt2316801,Beauty and the Beast,Drama,6.4,18100
35,2017-03-17,Beauty and the Beast,160000000,504014165,1259199706,3,2017,1099199706,686.99981625,tt2316801,Beauty and the Beast,Fantasy,6.4,18100
35,2017-03-17,Beauty and the Beast,160000000,504014165,1259199706,3,2017,1099199706,686.99981625,tt2316801,Beauty and the Beast,Romance,6.4,18100
35,2017-03-17,Beauty and the Beast,160000000,504014165,1259199706,3,2017,1099199706,686.99981625,tt2771200,Beauty and the Beast,Family,7.2,238325
35,2017-03-17,Beauty and the Beast,160000000,504014165,1259199706,3,2017,1099199706,686.99981625,tt2771200,Beauty and the Beast,Fantasy,7.2,238325
35,2017-03-17,Beauty and the Beast,160000000,504014165,1259199706,3,2017,1099199706,686.99981625,tt2771200,Beauty and the Beast,Musical,7.2,238325
36,2018-12-21,Aquaman,160000000,335061807,1146894640,12,2018,986894640,616.80915,tt1477834,Aquaman,Action,7.1,263328
36,2018-12-21,Aquaman,160000000,335061807,1146894640,12,2018,986894640,616.80915,tt1477834,Aquaman,Adventure,7.1,263328
36,2018-12-21,Aquaman,160000000,335061807,1146894640,12,2018,986894640,616.80915,tt1477834,Aquaman,Fantasy,7.1,263328
38,2010-07-16,Inception,160000000,292576195,835524642,7,2010,675524642,422.20290125,tt1375666,Inception,Action,8.8,1841066
38,2010-07-16,Inception,160000000,292576195,835524642,7,2010,675524642,422.20290125,tt1375666,Inception,Adventure,8.8,1841066
38,2010-07-16,Inception,160000000,292576195,835524642,7,2010,675524642,422.20290125,tt1375666,Inception,Sci-Fi,8.8,1841066
39,2015-11-20,The Hunger Games: Mockingjay - Part 2,160000000,281723902,648986787,11,2015,488986787,305.616741875,tt1951266,The Hunger Games: Mockingjay - Part 2,Action,6.6,252384
39,2015-11-20,The Hunger Games: Mockingjay - Part 2,160000000,281723902,648986787,11,2015,488986787,305.616741875,tt1951266,The Hunger Games: Mockingjay - Part 2,Adventure,6.6,252384
39,2015-11-20,The Hunger Games: Mockingjay - Part 2,160000000,281723902,648986787,11,2015,488986787,305.616741875,tt1951266,The Hunger Games: Mockingjay - Part 2,Sci-Fi,6.6,252384
41,2014-05-16,Godzilla,160000000,200676069,529076069,5,2014,369076069,230.672543125,tt0831387,Godzilla,Action,6.4,350687
41,2014-05-16,Godzilla,160000000,200676069,529076069,5,2014,369076069,230.672543125,tt0831387,Godzilla,Adventure,6.4,350687
41,2014-05-16,Godzilla,160000000,200676069,529076069,5,2014,369076069,230.672543125,tt0831387,Godzilla,Sci-Fi,6.4,350687
42,2011-06-03,X-Men: First Class,160000000,146408305,355408305,6,2011,195408305,122.13019062499998,tt1270798,X-Men: First Class,Action,7.7,608930
42,2011-06-03,X-Men: First Class,160000000,146408305,355408305,6,2011,195408305,122.13019062499998,tt1270798,X-Men: First Class,Adventure,7.7,608930
42,2011-06-03,X-Men: First Class,160000000,146408305,355408305,6,2011,195408305,122.13019062499998,tt1270798,X-Men: First Class,Sci-Fi,7.7,608930
44,2010-07-14,The Sorcerer's Apprentice,160000000,63150991,217986320,7,2010,57986320,36.24145,tt0963966,The Sorcerer's Apprentice,Action,6.1,143862
44,2010-07-14,The Sorcerer's Apprentice,160000000,63150991,217986320,7,2010,57986320,36.24145,tt0963966,The Sorcerer's Apprentice,Adventure,6.1,143862
44,2010-07-14,The Sorcerer's Apprentice,160000000,63150991,217986320,7,2010,57986320,36.24145,tt0963966,The Sorcerer's Apprentice,Family,6.1,143862
46,2016-06-10,Warcraft,160000000,47225655,425522281,6,2016,265522281,165.951425625,tt0803096,Warcraft,Action,6.9,225557
46,2016-06-10,Warcraft,160000000,47225655,425522281,6,2016,265522281,165.951425625,tt0803096,Warcraft,Adventure,6.9,225557
46,2016-06-10,Warcraft,160000000,47225655,425522281,6,2016,265522281,165.951425625,tt0803096,Warcraft,Fantasy,6.9,225557
47,2016-09-30,Deepwater Horizon,156000000,61433527,122603824,9,2016,-33396176,-21.407805128205126,tt1860357,Deepwater Horizon,Action,7.1,133303
47,2016-09-30,Deepwater Horizon,156000000,61433527,122603824,9,2016,-33396176,-21.407805128205126,tt1860357,Deepwater Horizon,Drama,7.1,133303
47,2016-09-30,Deepwater Horizon,156000000,61433527,122603824,9,2016,-33396176,-21.407805128205126,tt1860357,Deepwater Horizon,History,7.1,133303
48,2010-12-10,The Chronicles of Narnia: The Voyage of the Dawn Treader,155000000,104386950,418186950,12,2010,263186950,169.79803225806452,tt0980970,The Chronicles of Narnia: The Voyage of the Dawn Treader,Adventure,6.3,129663
48,2010-12-10,The Chronicles of Narnia: The Voyage of the Dawn Treader,155000000,104386950,418186950,12,2010,263186950,169.79803225806452,tt0980970,The Chronicles of Narnia: The Voyage of the Dawn Treader,Family,6.3,129663
48,2010-12-10,The Chronicles of Narnia: The Voyage of the Dawn Treader,155000000,104386950,418186950,12,2010,263186950,169.79803225806452,tt0980970,The Chronicles of Narnia: The Voyage of the Dawn Treader,Fantasy,6.3,129663
50,2018-03-23,Pacific Rim: Uprising,155000000,59874525,290930148,3,2018,135930148,87.69686967741936,tt2557478,Pacific Rim: Uprising,Action,5.6,89462
50,2018-03-23,Pacific Rim: Uprising,155000000,59874525,290930148,3,2018,135930148,87.69686967741936,tt2557478,Pacific Rim: Uprising,Adventure,5.6,89462
50,2018-03-23,Pacific Rim: Uprising,155000000,59874525,290930148,3,2018,135930148,87.69686967741936,tt2557478,Pacific Rim: Uprising,Sci-Fi,5.6,89462
52,2017-07-14,War for the Planet of the Apes,152000000,146880162,489592267,7,2017,337592267,222.10017565789474,tt3450958,War for the Planet of the Apes,Action,7.5,201943
52,2017-07-14,War for the Planet of the Apes,152000000,146880162,489592267,7,2017,337592267,222.10017565789474,tt3450958,War for the Planet of the Apes,Adventure,7.5,201943
52,2017-07-14,War for the Planet of the Apes,152000000,146880162,489592267,7,2017,337592267,222.10017565789474,tt3450958,War for the Planet of the Apes,Drama,7.5,201943
55,2017-06-02,Wonder Woman,150000000,412563408,821133378,6,2017,671133378,447.422252,tt0451279,Wonder Woman,Action,7.5,487527
55,2017-06-02,Wonder Woman,150000000,412563408,821133378,6,2017,671133378,447.422252,tt0451279,Wonder Woman,Adventure,7.5,487527
55,2017-06-02,Wonder Woman,150000000,412563408,821133378,6,2017,671133378,447.422252,tt0451279,Wonder Woman,Fantasy,7.5,487527
55,2017-06-02,Wonder Woman,150000000,412563408,821133378,6,2017,671133378,447.422252,tt4028068,Wonder Woman,Sci-Fi,4.2,20
55,2017-06-02,Wonder Woman,150000000,412563408,821133378,6,2017,671133378,447.422252,tt4283448,Wonder Woman,Documentary,6.9,13
55,2017-06-02,Wonder Woman,150000000,412563408,821133378,6,2017,671133378,447.422252,tt4283448,Wonder Woman,Drama,6.9,13
55,2017-06-02,Wonder Woman,150000000,412563408,821133378,6,2017,671133378,447.422252,tt4283448,Wonder Woman,Sport,6.9,13
56,2013-11-22,Frozen,150000000,400738009,1272469910,11,2013,1122469910,748.3132733333333,tt1323045,Frozen,Adventure,6.2,62311
56,2013-11-22,Frozen,150000000,400738009,1272469910,11,2013,1122469910,748.3132733333333,tt1323045,Frozen,Drama,6.2,62311
56,2013-11-22,Frozen,150000000,400738009,1272469910,11,2013,1122469910,748.3132733333333,tt1323045,Frozen,Sport,6.2,62311
56,2013-11-22,Frozen,150000000,400738009,1272469910,11,2013,1122469910,748.3132733333333,tt1611845,Frozen,Fantasy,5.4,75
56,2013-11-22,Frozen,150000000,400738009,1272469910,11,2013,1122469910,748.3132733333333,tt1611845,Frozen,Romance,5.4,75
56,2013-11-22,Frozen,150000000,400738009,1272469910,11,2013,1122469910,748.3132733333333,tt2294629,Frozen,Adventure,7.5,516998
56,2013-11-22,Frozen,150000000,400738009,1272469910,11,2013,1122469910,748.3132733333333,tt2294629,Frozen,Animation,7.5,516998
56,2013-11-22,Frozen,150000000,400738009,1272469910,11,2013,1122469910,748.3132733333333,tt2294629,Frozen,Comedy,7.5,516998
57,2016-03-04,Zootopia,150000000,341268248,1019429616,3,2016,869429616,579.6197440000002,tt2948356,Zootopia,Adventure,8.0,383446
57,2016-03-04,Zootopia,150000000,341268248,1019429616,3,2016,869429616,579.6197440000002,tt2948356,Zootopia,Animation,8.0,383446
57,2016-03-04,Zootopia,150000000,341268248,1019429616,3,2016,869429616,579.6197440000002,tt2948356,Zootopia,Comedy,8.0,383446
62,2016-11-23,Moana,150000000,248757044,637517365,11,2016,487517365,325.01157666666666,tt3521164,Moana,Adventure,7.6,224253
62,2016-11-23,Moana,150000000,248757044,637517365,11,2016,487517365,325.01157666666666,tt3521164,Moana,Animation,7.6,224253
62,2016-11-23,Moana,150000000,248757044,637517365,11,2016,487517365,325.01157666666666,tt3521164,Moana,Comedy,7.6,224253
66,2013-11-08,Thor: The Dark World,150000000,206362140,644602516,11,2013,494602516,329.73501066666665,tt1981115,Thor: The Dark World,Action,6.9,540996
66,2013-11-08,Thor: The Dark World,150000000,206362140,644602516,11,2013,494602516,329.73501066666665,tt1981115,Thor: The Dark World,Adventure,6.9,540996
66,2013-11-08,Thor: The Dark World,150000000,206362140,644602516,11,2013,494602516,329.73501066666665,tt1981115,Thor: The Dark World,Fantasy,6.9,540996
69,2017-07-21,Dunkirk,150000000,190068280,499837368,7,2017,349837368,233.224912,tt5013056,Dunkirk,Action,7.9,466580
69,2017-07-21,Dunkirk,150000000,190068280,499837368,7,2017,349837368,233.224912,tt5013056,Dunkirk,Drama,7.9,466580
69,2017-07-21,Dunkirk,150000000,190068280,499837368,7,2017,349837368,233.224912,tt5013056,Dunkirk,History,7.9,466580
70,2011-05-06,Thor,150000000,181030624,449326618,5,2011,299326618,199.55107866666665,tt0800369,Thor,Action,7.0,683264
70,2011-05-06,Thor,150000000,181030624,449326618,5,2011,299326618,199.55107866666665,tt0800369,Thor,Adventure,7.0,683264
70,2011-05-06,Thor,150000000,181030624,449326618,5,2011,299326618,199.55107866666665,tt0800369,Thor,Fantasy,7.0,683264
74,2011-05-26,Kung Fu Panda 2,150000000,165249063,664837547,5,2011,514837547,343.22503133333333,tt1302011,Kung Fu Panda 2,Action,7.2,228465
74,2011-05-26,Kung Fu Panda 2,150000000,165249063,664837547,5,2011,514837547,343.22503133333333,tt1302011,Kung Fu Panda 2,Adventure,7.2,228465
74,2011-05-26,Kung Fu Panda 2,150000000,165249063,664837547,5,2011,514837547,343.22503133333333,tt1302011,Kung Fu Panda 2,Animation,7.2,228465
75,2015-05-15,Mad Max: Fury Road,150000000,153636354,370098020,5,2015,220098020,146.73201333333338,tt1392190,Mad Max: Fury Road,Action,8.1,780910
75,2015-05-15,Mad Max: Fury Road,150000000,153636354,370098020,5,2015,220098020,146.73201333333338,tt1392190,Mad Max: Fury Road,Adventure,8.1,780910
75,2015-05-15,Mad Max: Fury Road,150000000,153636354,370098020,5,2015,220098020,146.73201333333338,tt1392190,Mad Max: Fury Road,Sci-Fi,8.1,780910
78,2018-03-29,Ready Player One,150000000,137690172,579290136,3,2018,429290136,286.19342400000005,tt1677720,Ready Player One,Action,7.5,301660
78,2018-03-29,Ready Player One,150000000,137690172,579290136,3,2018,429290136,286.19342400000005,tt1677720,Ready Player One,Adventure,7.5,301660
78,2018-03-29,Ready Player One,150000000,137690172,579290136,3,2018,429290136,286.19342400000005,tt1677720,Ready Player One,Sci-Fi,7.5,301660
83,2010-07-01,The Last Airbender,150000000,131772187,319713881,7,2010,169713881,113.14258733333334,tt0938283,The Last Airbender,Action,4.1,137734
83,2010-07-01,The Last Airbender,150000000,131772187,319713881,7,2010,169713881,113.14258733333334,tt0938283,The Last Airbender,Adventure,4.1,137734
83,2010-07-01,The Last Airbender,150000000,131772187,319713881,7,2010,169713881,113.14258733333334,tt0938283,The Last Airbender,Family,4.1,137734
87,2012-03-30,Wrath of the Titans,150000000,83670083,305270083,3,2012,155270083,103.51338866666666,tt1646987,Wrath of the Titans,Action,5.7,172330
87,2012-03-30,Wrath of the Titans,150000000,83670083,305270083,3,2012,155270083,103.51338866666666,tt1646987,Wrath of the Titans,Adventure,5.7,172330
87,2012-03-30,Wrath of the Titans,150000000,83670083,305270083,3,2012,155270083,103.51338866666666,tt1646987,Wrath of the Titans,Fantasy,5.7,172330
89,2012-05-11,Dark Shadows,150000000,79727149,238202668,5,2012,88202668,58.80177866666667,tt1077368,Dark Shadows,Comedy,6.2,229818
89,2012-05-11,Dark Shadows,150000000,79727149,238202668,5,2012,88202668,58.80177866666667,tt1077368,Dark Shadows,Fantasy,6.2,229818
89,2012-05-11,Dark Shadows,150000000,79727149,238202668,5,2012,88202668,58.80177866666667,tt1077368,Dark Shadows,Horror,6.2,229818
90,2013-06-28,White House Down,150000000,73103784,205440387,6,2013,55440387,36.960258,tt2334879,White House Down,Action,6.4,191791
90,2013-06-28,White House Down,150000000,73103784,205440387,6,2013,55440387,36.960258,tt2334879,White House Down,Drama,6.4,191791
90,2013-06-28,White House Down,150000000,73103784,205440387,6,2013,55440387,36.960258,tt2334879,White House Down,Thriller,6.4,191791
91,2010-02-12,The Wolfman,150000000,62189884,142634358,2,2010,-7365642,-4.910428,tt0780653,The Wolfman,Drama,5.8,97873
91,2010-02-12,The Wolfman,150000000,62189884,142634358,2,2010,-7365642,-4.910428,tt0780653,The Wolfman,Fantasy,5.8,97873
91,2010-02-12,The Wolfman,150000000,62189884,142634358,2,2010,-7365642,-4.910428,tt0780653,The Wolfman,Horror,5.8,97873
92,2017-02-17,The Great Wall,150000000,45157105,334486852,2,2017,184486852,122.99123466666666,tt2034800,The Great Wall,Action,6.0,111602
92,2017-02-17,The Great Wall,150000000,45157105,334486852,2,2017,184486852,122.99123466666666,tt2034800,The Great Wall,Adventure,6.0,111602
92,2017-02-17,The Great Wall,150000000,45157105,334486852,2,2017,184486852,122.99123466666666,tt2034800,The Great Wall,Fantasy,6.0,111602
92,2017-02-17,The Great Wall,150000000,45157105,334486852,2,2017,184486852,122.99123466666666,tt7535780,The Great Wall,Documentary,6.5,24
93,2015-10-09,Pan,150000000,35088320,151525973,10,2015,1525973,1.0173153333333331,tt3332064,Pan,Adventure,5.8,55867
93,2015-10-09,Pan,150000000,35088320,151525973,10,2015,1525973,1.0173153333333331,tt3332064,Pan,Comedy,5.8,55867
93,2015-10-09,Pan,150000000,35088320,151525973,10,2015,1525973,1.0173153333333331,tt3332064,Pan,Family,5.8,55867
94,2011-03-11,Mars Needs Moms,150000000,21392758,39549758,3,2011,-110450242,-73.63349466666666,tt1305591,Mars Needs Moms,Adventure,5.4,19823
94,2011-03-11,Mars Needs Moms,150000000,21392758,39549758,3,2011,-110450242,-73.63349466666666,tt1305591,Mars Needs Moms,Animation,5.4,19823
94,2011-03-11,Mars Needs Moms,150000000,21392758,39549758,3,2011,-110450242,-73.63349466666666,tt1305591,Mars Needs Moms,Family,5.4,19823
97,2012-06-08,Madagascar 3: Europe's Most Wanted,145000000,216391482,746921271,6,2012,601921271,415.1181179310345,tt1277953,Madagascar 3: Europe's Most Wanted,Adventure,6.8,146858
97,2012-06-08,Madagascar 3: Europe's Most Wanted,145000000,216391482,746921271,6,2012,601921271,415.1181179310345,tt1277953,Madagascar 3: Europe's Most Wanted,Animation,6.8,146858
97,2012-06-08,Madagascar 3: Europe's Most Wanted,145000000,216391482,746921271,6,2012,601921271,415.1181179310345,tt1277953,Madagascar 3: Europe's Most Wanted,Comedy,6.8,146858
99,2014-06-13,How to Train Your Dragon 2,145000000,177002924,614586270,6,2014,469586270,323.8526,tt1646971,How to Train Your Dragon 2,Action,7.8,278205
99,2014-06-13,How to Train Your Dragon 2,145000000,177002924,614586270,6,2014,469586270,323.8526,tt1646971,How to Train Your Dragon 2,Adventure,7.8,278205
99,2014-06-13,How to Train Your Dragon 2,145000000,177002924,614586270,6,2014,469586270,323.8526,tt1646971,How to Train Your Dragon 2,Animation,7.8,278205
1,2014-03-07,Mr. Peabody & Sherman,145000000,111506430,269806430,3,2014,124806430,86.0734,tt0864835,Mr. Peabody & Sherman,Adventure,6.8,57277
1,2014-03-07,Mr. Peabody & Sherman,145000000,111506430,269806430,3,2014,124806430,86.0734,tt0864835,Mr. Peabody & Sherman,Animation,6.8,57277
1,2014-03-07,Mr. Peabody & Sherman,145000000,111506430,269806430,3,2014,124806430,86.0734,tt0864835,Mr. Peabody & Sherman,Comedy,6.8,57277
2,2012-11-21,Rise of the Guardians,145000000,103412758,306900902,11,2012,161900902,111.65579448275862,tt1446192,Rise of the Guardians,Action,7.3,145281
2,2012-11-21,Rise of the Guardians,145000000,103412758,306900902,11,2012,161900902,111.65579448275862,tt1446192,Rise of the Guardians,Adventure,7.3,145281
2,2012-11-21,Rise of the Guardians,145000000,103412758,306900902,11,2012,161900902,111.65579448275862,tt1446192,Rise of the Guardians,Animation,7.3,145281
4,2016-07-15,Ghostbusters,144000000,128350574,229008658,7,2016,85008658,59.033790277777776,tt1289401,Ghostbusters,Action,5.2,186788
4,2016-07-15,Ghostbusters,144000000,128350574,229008658,7,2016,85008658,59.033790277777776,tt1289401,Ghostbusters,Comedy,5.2,186788
4,2016-07-15,Ghostbusters,144000000,128350574,229008658,7,2016,85008658,59.033790277777776,tt1289401,Ghostbusters,Fantasy,5.2,186788
10,2011-07-22,Captain America: The First Avenger,140000000,176654505,370569776,7,2011,230569776,164.69269714285716,tt0458339,Captain America: The First Avenger,Action,6.9,668137
10,2011-07-22,Captain America: The First Avenger,140000000,176654505,370569776,7,2011,230569776,164.69269714285716,tt0458339,Captain America: The First Avenger,Adventure,6.9,668137
10,2011-07-22,Captain America: The First Avenger,140000000,176654505,370569776,7,2011,230569776,164.69269714285716,tt0458339,Captain America: The First Avenger,Sci-Fi,6.9,668137
11,2016-01-29,Kung Fu Panda 3,140000000,143528619,517599142,1,2016,377599142,269.71367285714285,tt2267968,Kung Fu Panda 3,Action,7.1,116166
11,2016-01-29,Kung Fu Panda 3,140000000,143528619,517599142,1,2016,377599142,269.71367285714285,tt2267968,Kung Fu Panda 3,Adventure,7.1,116166
11,2016-01-29,Kung Fu Panda 3,140000000,143528619,517599142,1,2016,377599142,269.71367285714285,tt2267968,Kung Fu Panda 3,Animation,7.1,116166
13,2013-03-27,G.I. Joe: Retaliation,140000000,122523060,375740705,3,2013,235740705,168.38621785714284,tt1583421,G.I. Joe: Retaliation,Action,5.8,165536
13,2013-03-27,G.I. Joe: Retaliation,140000000,122523060,375740705,3,2013,235740705,168.38621785714284,tt1583421,G.I. Joe: Retaliation,Adventure,5.8,165536
13,2013-03-27,G.I. Joe: Retaliation,140000000,122523060,375740705,3,2013,235740705,168.38621785714284,tt1583421,G.I. Joe: Retaliation,Sci-Fi,5.8,165536
16,2014-12-12,Exodus: Gods and Kings,140000000,65014513,268314513,12,2014,128314513,91.65322357142857,tt1528100,Exodus: Gods and Kings,Action,6.0,150858
16,2014-12-12,Exodus: Gods and Kings,140000000,65014513,268314513,12,2014,128314513,91.65322357142857,tt1528100,Exodus: Gods and Kings,Adventure,6.0,150858
16,2014-12-12,Exodus: Gods and Kings,140000000,65014513,268314513,12,2014,128314513,91.65322357142857,tt1528100,Exodus: Gods and Kings,Drama,6.0,150858
17,2016-07-01,The BFG,140000000,55483770,199646680,7,2016,59646680,42.60477142857143,tt3691740,The BFG,Adventure,6.4,69340
17,2016-07-01,The BFG,140000000,55483770,199646680,7,2016,59646680,42.60477142857143,tt3691740,The BFG,Family,6.4,69340
17,2016-07-01,The BFG,140000000,55483770,199646680,7,2016,59646680,42.60477142857143,tt3691740,The BFG,Fantasy,6.4,69340
18,2016-02-26,Gods of Egypt,140000000,31153464,138836756,2,2016,-1163244,-0.8308885714285714,tt2404233,Gods of Egypt,Action,5.4,95111
18,2016-02-26,Gods of Egypt,140000000,31153464,138836756,2,2016,-1163244,-0.8308885714285714,tt2404233,Gods of Egypt,Adventure,5.4,95111
18,2016-02-26,Gods of Egypt,140000000,31153464,138836756,2,2016,-1163244,-0.8308885714285714,tt2404233,Gods of Egypt,Fantasy,5.4,95111
26,2013-03-22,The Croods,135000000,187168425,573068425,3,2013,438068425,324.4951296296296,tt0481499,The Croods,Action,7.2,176699
26,2013-03-22,The Croods,135000000,187168425,573068425,3,2013,438068425,324.4951296296296,tt0481499,The Croods,Adventure,7.2,176699
26,2013-03-22,The Croods,135000000,187168425,573068425,3,2013,438068425,324.4951296296296,tt0481499,The Croods,Animation,7.2,176699
27,2015-12-25,The Revenant,135000000,183637894,532938302,12,2015,397938302,294.76911259259265,tt1663202,The Revenant,Action,8.0,621193
27,2015-12-25,The Revenant,135000000,183637894,532938302,12,2015,397938302,294.76911259259265,tt1663202,The Revenant,Adventure,8.0,621193
27,2015-12-25,The Revenant,135000000,183637894,532938302,12,2015,397938302,294.76911259259265,tt1663202,The Revenant,Biography,8.0,621193
27,2015-12-25,The Revenant,135000000,183637894,532938302,12,2015,397938302,294.76911259259265,tt3300078,The Revenant,Horror,6.0,20
29,2011-03-04,Rango,135000000,123477607,245724600,3,2011,110724600,82.01822222222222,tt1192628,Rango,Adventure,7.2,215761
29,2011-03-04,Rango,135000000,123477607,245724600,3,2011,110724600,82.01822222222222,tt1192628,Rango,Animation,7.2,215761
29,2011-03-04,Rango,135000000,123477607,245724600,3,2011,110724600,82.01822222222222,tt1192628,Rango,Comedy,7.2,215761
31,2013-07-17,Turbo,135000000,83028130,286896578,7,2013,151896578,112.51598370370372,tt1860353,Turbo,Adventure,6.4,74639
31,2013-07-17,Turbo,135000000,83028130,286896578,7,2013,151896578,112.51598370370372,tt1860353,Turbo,Animation,6.4,74639
31,2013-07-17,Turbo,135000000,83028130,286896578,7,2013,151896578,112.51598370370372,tt1860353,Turbo,Comedy,6.4,74639
32,2016-06-03,Teenage Mutant Ninja Turtles: Out of the Shadows,135000000,82051601,245328374,6,2016,110328374,81.72472148148148,tt3949660,Teenage Mutant Ninja Turtles: Out of the Shadows,Action,6.0,77234
32,2016-06-03,Teenage Mutant Ninja Turtles: Out of the Shadows,135000000,82051601,245328374,6,2016,110328374,81.72472148148148,tt3949660,Teenage Mutant Ninja Turtles: Out of the Shadows,Adventure,6.0,77234
32,2016-06-03,Teenage Mutant Ninja Turtles: Out of the Shadows,135000000,82051601,245328374,6,2016,110328374,81.72472148148148,tt3949660,Teenage Mutant Ninja Turtles: Out of the Shadows,Comedy,6.0,77234
33,2011-11-18,Happy Feet Two,135000000,64006466,157956466,11,2011,22956466,17.00478962962963,tt1402488,Happy Feet Two,Adventure,5.9,38396
33,2011-11-18,Happy Feet Two,135000000,64006466,157956466,11,2011,22956466,17.00478962962963,tt1402488,Happy Feet Two,Animation,5.9,38396
33,2011-11-18,Happy Feet Two,135000000,64006466,157956466,11,2011,22956466,17.00478962962963,tt1402488,Happy Feet Two,Comedy,5.9,38396
35,2018-11-02,The Nutcracker and the Four Realms,132900000,54858851,170293899,11,2018,37393899,28.1368690744921,tt5523010,The Nutcracker and the Four Realms,Adventure,5.5,18734
35,2018-11-02,The Nutcracker and the Four Realms,132900000,54858851,170293899,11,2018,37393899,28.1368690744921,tt5523010,The Nutcracker and the Four Realms,Family,5.5,18734
35,2018-11-02,The Nutcracker and the Four Realms,132900000,54858851,170293899,11,2018,37393899,28.1368690744921,tt5523010,The Nutcracker and the Four Realms,Fantasy,5.5,18734
37,2014-11-26,Penguins of Madagascar,132000000,83350911,366942531,11,2014,234942531,177.9867659090909,tt1911658,Penguins of Madagascar,Adventure,6.7,72551
37,2014-11-26,Penguins of Madagascar,132000000,83350911,366942531,11,2014,234942531,177.9867659090909,tt1911658,Penguins of Madagascar,Animation,6.7,72551
37,2014-11-26,Penguins of Madagascar,132000000,83350911,366942531,11,2014,234942531,177.9867659090909,tt1911658,Penguins of Madagascar,Comedy,6.7,72551
38,2013-11-22,The Hunger Games: Catching Fire,130000000,424668047,864868047,11,2013,734868047,565.2831130769231,tt1951264,The Hunger Games: Catching Fire,Action,7.5,575455
38,2013-11-22,The Hunger Games: Catching Fire,130000000,424668047,864868047,11,2013,734868047,565.2831130769231,tt1951264,The Hunger Games: Catching Fire,Adventure,7.5,575455
38,2013-11-22,The Hunger Games: Catching Fire,130000000,424668047,864868047,11,2013,734868047,565.2831130769231,tt1951264,The Hunger Games: Catching Fire,Sci-Fi,7.5,575455
41,2018-07-06,Ant-Man and the Wasp,130000000,216648740,623144660,7,2018,493144660,379.3420461538461,tt5095030,Ant-Man and the Wasp,Action,7.1,244024
41,2018-07-06,Ant-Man and the Wasp,130000000,216648740,623144660,7,2018,493144660,379.3420461538461,tt5095030,Ant-Man and the Wasp,Adventure,7.1,244024
41,2018-07-06,Ant-Man and the Wasp,130000000,216648740,623144660,7,2018,493144660,379.3420461538461,tt5095030,Ant-Man and the Wasp,Comedy,7.1,244024
43,2015-07-17,Ant-Man,130000000,180202163,518858449,7,2015,388858449,299.1218838461538,tt0478970,Ant-Man,Action,7.3,501213
43,2015-07-17,Ant-Man,130000000,180202163,518858449,7,2015,388858449,299.1218838461538,tt0478970,Ant-Man,Adventure,7.3,501213
43,2015-07-17,Ant-Man,130000000,180202163,518858449,7,2015,388858449,299.1218838461538,tt0478970,Ant-Man,Comedy,7.3,501213
44,2015-03-27,Home,130000000,177397510,385997896,3,2015,255997896,196.92145846153846,tt2075392,Home,Drama,6.0,96
44,2015-03-27,Home,130000000,177397510,385997896,3,2015,255997896,196.92145846153846,tt2093100,Home,Drama,7.5,1049
44,2015-03-27,Home,130000000,177397510,385997896,3,2015,255997896,196.92145846153846,tt2224026,Home,Adventure,6.6,85831
44,2015-03-27,Home,130000000,177397510,385997896,3,2015,255997896,196.92145846153846,tt2224026,Home,Animation,6.6,85831
44,2015-03-27,Home,130000000,177397510,385997896,3,2015,255997896,196.92145846153846,tt2224026,Home,Comedy,6.6,85831
44,2015-03-27,Home,130000000,177397510,385997896,3,2015,255997896,196.92145846153846,tt2372760,Home,Drama,6.8,306
44,2015-03-27,Home,130000000,177397510,385997896,3,2015,255997896,196.92145846153846,tt2372760,Home,Romance,6.8,306
44,2015-03-27,Home,130000000,177397510,385997896,3,2015,255997896,196.92145846153846,tt2393825,Home,Drama,7.0,140
44,2015-03-27,Home,130000000,177397510,385997896,3,2015,255997896,196.92145846153846,tt2545384,Home,Drama,3.9,303
44,2015-03-27,Home,130000000,177397510,385997896,3,2015,255997896,196.92145846153846,tt2545384,Home,Horror,3.9,303
44,2015-03-27,Home,130000000,177397510,385997896,3,2015,255997896,196.92145846153846,tt2545384,Home,Thriller,3.9,303
44,2015-03-27,Home,130000000,177397510,385997896,3,2015,255997896,196.92145846153846,tt4047846,Home,Drama,7.2,811
44,2015-03-27,Home,130000000,177397510,385997896,3,2015,255997896,196.92145846153846,tt8601408,Home,Drama,8.4,32
44,2015-03-27,Home,130000000,177397510,385997896,3,2015,255997896,196.92145846153846,tt8601408,Home,Romance,8.4,32
44,2015-03-27,Home,130000000,177397510,385997896,3,2015,255997896,196.92145846153846,tt8601408,Home,Thriller,8.4,32
45,2018-12-19,Mary Poppins Returns,130000000,171958438,341528518,12,2018,211528518,162.71424461538462,tt5028340,Mary Poppins Returns,Comedy,6.9,52103
45,2018-12-19,Mary Poppins Returns,130000000,171958438,341528518,12,2018,211528518,162.71424461538462,tt5028340,Mary Poppins Returns,Family,6.9,52103
45,2018-12-19,Mary Poppins Returns,130000000,171958438,341528518,12,2018,211528518,162.71424461538462,tt5028340,Mary Poppins Returns,Fantasy,6.9,52103
46,2011-10-28,Puss in Boots,130000000,149260504,554987477,10,2011,424987477,326.9134438461538,tt0448694,Puss in Boots,Action,6.6,133355
46,2011-10-28,Puss in Boots,130000000,149260504,554987477,10,2011,424987477,326.9134438461538,tt0448694,Puss in Boots,Adventure,6.6,133355
46,2011-10-28,Puss in Boots,130000000,149260504,554987477,10,2011,424987477,326.9134438461538,tt0448694,Puss in Boots,Animation,6.6,133355
47,2010-11-05,Megamind,130000000,148415853,321887208,11,2010,191887208,147.60554461538462,tt1001526,Megamind,Action,7.3,207488
47,2010-11-05,Megamind,130000000,148415853,321887208,11,2010,191887208,147.60554461538462,tt1001526,Megamind,Animation,7.3,207488
47,2010-11-05,Megamind,130000000,148415853,321887208,11,2010,191887208,147.60554461538462,tt1001526,Megamind,Comedy,7.3,207488
49,2014-04-11,Rio 2,130000000,131538435,492846291,4,2014,362846291,279.11253153846155,tt2357291,Rio 2,Adventure,6.3,72209
49,2014-04-11,Rio 2,130000000,131538435,492846291,4,2014,362846291,279.11253153846155,tt2357291,Rio 2,Animation,6.3,72209
49,2014-04-11,Rio 2,130000000,131538435,492846291,4,2014,362846291,279.11253153846155,tt2357291,Rio 2,Comedy,6.3,72209
50,2010-07-23,Salt,130000000,118311368,290650494,7,2010,160650494,123.57730307692309,tt0944835,Salt,Action,6.4,277204
50,2010-07-23,Salt,130000000,118311368,290650494,7,2010,160650494,123.57730307692309,tt0944835,Salt,Mystery,6.4,277204
50,2010-07-23,Salt,130000000,118311368,290650494,7,2010,160650494,123.57730307692309,tt0944835,Salt,Thriller,6.4,277204
51,2014-03-28,Noah,130000000,101200044,352831065,3,2014,222831065,171.40851153846154,tt1091821,Noah,Animation,5.6,223
51,2014-03-28,Noah,130000000,101200044,352831065,3,2014,222831065,171.40851153846154,tt1959490,Noah,Action,5.8,229326
51,2014-03-28,Noah,130000000,101200044,352831065,3,2014,222831065,171.40851153846154,tt1959490,Noah,Adventure,5.8,229326
51,2014-03-28,Noah,130000000,101200044,352831065,3,2014,222831065,171.40851153846154,tt1959490,Noah,Drama,5.8,229326
51,2014-03-28,Noah,130000000,101200044,352831065,3,2014,222831065,171.40851153846154,tt2109176,Noah,Drama,6.5,12
51,2014-03-28,Noah,130000000,101200044,352831065,3,2014,222831065,171.40851153846154,tt2109176,Noah,Thriller,6.5,12
52,2011-12-21,The Adventures of Tintin,130000000,77591831,373993951,12,2011,243993951,187.68765461538464,tt0983193,The Adventures of Tintin,Action,7.3,202430
52,2011-12-21,The Adventures of Tintin,130000000,77591831,373993951,12,2011,243993951,187.68765461538464,tt0983193,The Adventures of Tintin,Adventure,7.3,202430
52,2011-12-21,The Adventures of Tintin,130000000,77591831,373993951,12,2011,243993951,187.68765461538464,tt0983193,The Adventures of Tintin,Animation,7.3,202430
53,2013-05-31,After Earth,130000000,60522097,251499665,5,2013,121499665,93.46128076923077,tt1815862,After Earth,Action,4.8,181687
53,2013-05-31,After Earth,130000000,60522097,251499665,5,2013,121499665,93.46128076923077,tt1815862,After Earth,Adventure,4.8,181687
53,2013-05-31,After Earth,130000000,60522097,251499665,5,2013,121499665,93.46128076923077,tt1815862,After Earth,Drama,4.8,181687
55,2013-07-19,R.I.P.D.,130000000,33618855,79076678,7,2013,-50923322,-39.171786153846156,tt0790736,R.I.P.D.,Action,5.6,109078
55,2013-07-19,R.I.P.D.,130000000,33618855,79076678,7,2013,-50923322,-39.171786153846156,tt0790736,R.I.P.D.,Adventure,5.6,109078
55,2013-07-19,R.I.P.D.,130000000,33618855,79076678,7,2013,-50923322,-39.171786153846156,tt0790736,R.I.P.D.,Comedy,5.6,109078
56,2019-02-22,How to Train Your Dragon: The Hidden World,129000000,160791800,519258283,2,2019,390258283,302.52580077519383,tt2386490,How to Train Your Dragon: The Hidden World,Action,7.6,60769
56,2019-02-22,How to Train Your Dragon: The Hidden World,129000000,160791800,519258283,2,2019,390258283,302.52580077519383,tt2386490,How to Train Your Dragon: The Hidden World,Adventure,7.6,60769
56,2019-02-22,How to Train Your Dragon: The Hidden World,129000000,160791800,519258283,2,2019,390258283,302.52580077519383,tt2386490,How to Train Your Dragon: The Hidden World,Animation,7.6,60769
59,2017-03-03,Logan,127000000,226277068,615461394,3,2017,488461394,384.61527086614166,tt1483010,Logan,Comedy,6.2,252
59,2017-03-03,Logan,127000000,226277068,615461394,3,2017,488461394,384.61527086614166,tt1483010,Logan,Drama,6.2,252
59,2017-03-03,Logan,127000000,226277068,615461394,3,2017,488461394,384.61527086614166,tt1483010,Logan,Family,6.2,252
59,2017-03-03,Logan,127000000,226277068,615461394,3,2017,488461394,384.61527086614166,tt3315342,Logan,Action,8.1,560270
59,2017-03-03,Logan,127000000,226277068,615461394,3,2017,488461394,384.61527086614166,tt3315342,Logan,Drama,8.1,560270
59,2017-03-03,Logan,127000000,226277068,615461394,3,2017,488461394,384.61527086614166,tt3315342,Logan,Sci-Fi,8.1,560270
60,2014-12-19,Night at the Museum: Secret of the Tomb,127000000,113746621,353756621,12,2014,226756621,178.54852047244094,tt2692250,Night at the Museum: Secret of the Tomb,Adventure,6.2,93103
60,2014-12-19,Night at the Museum: Secret of the Tomb,127000000,113746621,353756621,12,2014,226756621,178.54852047244094,tt2692250,Night at the Museum: Secret of the Tomb,Comedy,6.2,93103
60,2014-12-19,Night at the Museum: Secret of the Tomb,127000000,113746621,353756621,12,2014,226756621,178.54852047244094,tt2692250,Night at the Museum: Secret of the Tomb,Family,6.2,93103
62,2014-11-21,The Hunger Games: Mockingjay - Part 1,125000000,337135885,766575131,11,2014,641575131,513.2601048,tt1951265,The Hunger Games: Mockingjay - Part 1,Action,6.6,379050
62,2014-11-21,The Hunger Games: Mockingjay - Part 1,125000000,337135885,766575131,11,2014,641575131,513.2601048,tt1951265,The Hunger Games: Mockingjay - Part 1,Adventure,6.6,379050
62,2014-11-21,The Hunger Games: Mockingjay - Part 1,125000000,337135885,766575131,11,2014,641575131,513.2601048,tt1951265,The Hunger Games: Mockingjay - Part 1,Sci-Fi,6.6,379050
67,2011-04-29,Fast Five,125000000,210031325,630163454,4,2011,505163454,404.1307632,tt1596343,Fast Five,Action,7.3,329892
67,2011-04-29,Fast Five,125000000,210031325,630163454,4,2011,505163454,404.1307632,tt1596343,Fast Five,Crime,7.3,329892
67,2011-04-29,Fast Five,125000000,210031325,630163454,4,2011,505163454,404.1307632,tt1596343,Fast Five,Thriller,7.3,329892
68,2014-08-08,Teenage Mutant Ninja Turtles,125000000,191204754,485004754,8,2014,360004754,288.0038032,tt1291150,Teenage Mutant Ninja Turtles,Action,5.8,192220
68,2014-08-08,Teenage Mutant Ninja Turtles,125000000,191204754,485004754,8,2014,360004754,288.0038032,tt1291150,Teenage Mutant Ninja Turtles,Adventure,5.8,192220
68,2014-08-08,Teenage Mutant Ninja Turtles,125000000,191204754,485004754,8,2014,360004754,288.0038032,tt1291150,Teenage Mutant Ninja Turtles,Comedy,5.8,192220
69,2011-12-16,Sherlock Holmes: A Game of Shadows,125000000,186848418,535663443,12,2011,410663443,328.5307544000001,tt1515091,Sherlock Holmes: A Game of Shadows,Action,7.5,394189
69,2011-12-16,Sherlock Holmes: A Game of Shadows,125000000,186848418,535663443,12,2011,410663443,328.5307544000001,tt1515091,Sherlock Holmes: A Game of Shadows,Adventure,7.5,394189
69,2011-12-16,Sherlock Holmes: A Game of Shadows,125000000,186848418,535663443,12,2011,410663443,328.5307544000001,tt1515091,Sherlock Holmes: A Game of Shadows,Crime,7.5,394189
71,2017-03-31,The Boss Baby,125000000,175003033,510878762,3,2017,385878762,308.70300960000003,tt3874544,The Boss Baby,Adventure,6.3,93730
71,2017-03-31,The Boss Baby,125000000,175003033,510878762,3,2017,385878762,308.70300960000003,tt3874544,The Boss Baby,Animation,6.3,93730
71,2017-03-31,The Boss Baby,125000000,175003033,510878762,3,2017,385878762,308.70300960000003,tt3874544,The Boss Baby,Comedy,6.3,93730
72,2010-04-01,Clash of the Titans,125000000,163214888,493214888,4,2010,368214888,294.5719104000001,tt0800320,Clash of the Titans,Action,5.8,256176
72,2010-04-01,Clash of the Titans,125000000,163214888,493214888,4,2010,368214888,294.5719104000001,tt0800320,Clash of the Titans,Adventure,5.8,256176
72,2010-04-01,Clash of the Titans,125000000,163214888,493214888,4,2010,368214888,294.5719104000001,tt0800320,Clash of the Titans,Fantasy,5.8,256176
73,2016-11-04,Trolls,125000000,153707064,344150134,11,2016,219150134,175.3201072,tt1679335,Trolls,Adventure,6.5,63295
73,2016-11-04,Trolls,125000000,153707064,344150134,11,2016,219150134,175.3201072,tt1679335,Trolls,Animation,6.5,63295
73,2016-11-04,Trolls,125000000,153707064,344150134,11,2016,219150134,175.3201072,tt1679335,Trolls,Comedy,6.5,63295
75,2012-06-08,Prometheus,125000000,126477084,402448265,6,2012,277448265,221.958612,tt1446714,Prometheus,Adventure,7.0,538720
75,2012-06-08,Prometheus,125000000,126477084,402448265,6,2012,277448265,221.958612,tt1446714,Prometheus,Mystery,7.0,538720
75,2012-06-08,Prometheus,125000000,126477084,402448265,6,2012,277448265,221.958612,tt1446714,Prometheus,Sci-Fi,7.0,538720
76,2012-08-10,The Bourne Legacy,125000000,113203870,280355920,8,2012,155355920,124.284736,tt1194173,The Bourne Legacy,Action,6.7,268678
76,2012-08-10,The Bourne Legacy,125000000,113203870,280355920,8,2012,155355920,124.284736,tt1194173,The Bourne Legacy,Adventure,6.7,268678
76,2012-08-10,The Bourne Legacy,125000000,113203870,280355920,8,2012,155355920,124.284736,tt1194173,The Bourne Legacy,Thriller,6.7,268678
78,2018-07-13,Skyscraper,125000000,68420120,304115534,7,2018,179115534,143.2924272,tt5758778,Skyscraper,Action,5.8,81193
78,2018-07-13,Skyscraper,125000000,68420120,304115534,7,2018,179115534,143.2924272,tt5758778,Skyscraper,Adventure,5.8,81193
78,2018-07-13,Skyscraper,125000000,68420120,304115534,7,2018,179115534,143.2924272,tt5758778,Skyscraper,Thriller,5.8,81193
79,2012-08-03,Total Recall,125000000,58877969,211856088,8,2012,86856088,69.4848704,tt1386703,Total Recall,Action,6.3,228460
79,2012-08-03,Total Recall,125000000,58877969,211856088,8,2012,86856088,69.4848704,tt1386703,Total Recall,Adventure,6.3,228460
79,2012-08-03,Total Recall,125000000,58877969,211856088,8,2012,86856088,69.4848704,tt1386703,Total Recall,Mystery,6.3,228460
81,2017-01-13,Monster Trucks,125000000,33370166,61642798,1,2017,-63357202,-50.685761600000006,tt3095734,Monster Trucks,Action,5.7,13525
81,2017-01-13,Monster Trucks,125000000,33370166,61642798,1,2017,-63357202,-50.685761600000006,tt3095734,Monster Trucks,Adventure,5.7,13525
81,2017-01-13,Monster Trucks,125000000,33370166,61642798,1,2017,-63357202,-50.685761600000006,tt3095734,Monster Trucks,Comedy,5.7,13525
86,2016-07-29,Jason Bourne,120000000,162192920,416168316,7,2016,296168316,246.80693,tt4196776,Jason Bourne,Action,6.6,190596
86,2016-07-29,Jason Bourne,120000000,162192920,416168316,7,2016,296168316,246.80693,tt4196776,Jason Bourne,Thriller,6.6,190596
88,2012-11-21,Life of Pi,120000000,124987022,620912003,11,2012,500912003,417.4266691666666,tt0454876,Life of Pi,Adventure,7.9,535836
88,2012-11-21,Life of Pi,120000000,124987022,620912003,11,2012,500912003,417.4266691666666,tt0454876,Life of Pi,Drama,7.9,535836
88,2012-11-21,Life of Pi,120000000,124987022,620912003,11,2012,500912003,417.4266691666666,tt0454876,Life of Pi,Fantasy,7.9,535836
90,2018-04-13,Rampage,120000000,101028233,428056280,4,2018,308056280,256.7135666666667,tt2231461,Rampage,Action,6.1,115891
90,2018-04-13,Rampage,120000000,101028233,428056280,4,2018,308056280,256.7135666666667,tt2231461,Rampage,Adventure,6.1,115891
90,2018-04-13,Rampage,120000000,101028233,428056280,4,2018,308056280,256.7135666666667,tt2231461,Rampage,Sci-Fi,6.1,115891
92,2013-08-09,Elysium,120000000,93050117,286192091,8,2013,166192091,138.49340916666665,tt1535108,Elysium,Action,6.6,395572
92,2013-08-09,Elysium,120000000,93050117,286192091,8,2013,166192091,138.49340916666665,tt1535108,Elysium,Drama,6.6,395572
92,2013-08-09,Elysium,120000000,93050117,286192091,8,2013,166192091,138.49340916666665,tt1535108,Elysium,Sci-Fi,6.6,395572
92,2013-08-09,Elysium,120000000,93050117,286192091,8,2013,166192091,138.49340916666665,tt1783264,Elysium,Drama,6.0,6
93,2013-04-19,Oblivion,120000000,89107235,287916633,4,2013,167916633,139.93052749999998,tt1483013,Oblivion,Action,7.0,453966
93,2013-04-19,Oblivion,120000000,89107235,287916633,4,2013,167916633,139.93052749999998,tt1483013,Oblivion,Adventure,7.0,453966
93,2013-04-19,Oblivion,120000000,89107235,287916633,4,2013,167916633,139.93052749999998,tt1483013,Oblivion,Sci-Fi,7.0,453966
93,2013-04-19,Oblivion,120000000,89107235,287916633,4,2013,167916633,139.93052749999998,tt1876409,Oblivion,Thriller,8.0,8
94,2017-03-24,Power Rangers,120000000,85364450,142531552,3,2017,22531552,18.776293333333328,tt3717490,Power Rangers,Action,6.0,92013
94,2017-03-24,Power Rangers,120000000,85364450,142531552,3,2017,22531552,18.776293333333328,tt3717490,Power Rangers,Adventure,6.0,92013
94,2017-03-24,Power Rangers,120000000,85364450,142531552,3,2017,22531552,18.776293333333328,tt3717490,Power Rangers,Sci-Fi,6.0,92013
96,2014-02-12,RoboCop,120000000,58607007,242981799,2,2014,122981799,102.4848325,tt1234721,RoboCop,Action,6.2,205798
96,2014-02-12,RoboCop,120000000,58607007,242981799,2,2014,122981799,102.4848325,tt1234721,RoboCop,Crime,6.2,205798
96,2014-02-12,RoboCop,120000000,58607007,242981799,2,2014,122981799,102.4848325,tt1234721,RoboCop,Sci-Fi,6.2,205798
98,2015-08-07,Fantastic Four,120000000,56117548,167849187,8,2015,47849187,39.8743225,tt1502712,Fantastic Four,Action,4.3,140148
98,2015-08-07,Fantastic Four,120000000,56117548,167849187,8,2015,47849187,39.8743225,tt1502712,Fantastic Four,Adventure,4.3,140148
98,2015-08-07,Fantastic Four,120000000,56117548,167849187,8,2015,47849187,39.8743225,tt1502712,Fantastic Four,Drama,4.3,140148
2,2010-06-23,Knight and Day,117000000,76423035,258751370,6,2010,141751370,121.15501709401708,tt1013743,Knight and Day,Action,6.3,169840
2,2010-06-23,Knight and Day,117000000,76423035,258751370,6,2010,141751370,121.15501709401708,tt1013743,Knight and Day,Adventure,6.3,169840
2,2010-06-23,Knight and Day,117000000,76423035,258751370,6,2010,141751370,121.15501709401708,tt1013743,Knight and Day,Comedy,6.3,169840
3,2018-10-05,Venom,116000000,213511408,853628605,10,2018,737628605,635.8867284482758,tt1270797,Venom,Action,6.7,275406
3,2018-10-05,Venom,116000000,213511408,853628605,10,2018,737628605,635.8867284482758,tt1270797,Venom,Sci-Fi,6.7,275406
3,2018-10-05,Venom,116000000,213511408,853628605,10,2018,737628605,635.8867284482758,tt1270797,Venom,Thriller,6.7,275406
3,2018-10-05,Venom,116000000,213511408,853628605,10,2018,737628605,635.8867284482758,tt1931601,Venom,Thriller,3.0,162
8,2013-07-26,The Wolverine,115000000,132556852,416456852,7,2013,301456852,262.13639304347834,tt1430132,The Wolverine,Action,6.7,401286
8,2013-07-26,The Wolverine,115000000,132556852,416456852,7,2013,301456852,262.13639304347834,tt1430132,The Wolverine,Adventure,6.7,401286
8,2013-07-26,The Wolverine,115000000,132556852,416456852,7,2013,301456852,262.13639304347834,tt1430132,The Wolverine,Sci-Fi,6.7,401286
13,2010-12-25,Gulliver's Travels,112000000,42779261,232017848,12,2010,120017848,107.15879285714284,tt1320261,Gulliver's Travels,Adventure,4.9,61178
13,2010-12-25,Gulliver's Travels,112000000,42779261,232017848,12,2010,120017848,107.15879285714284,tt1320261,Gulliver's Travels,Comedy,4.9,61178
13,2010-12-25,Gulliver's Travels,112000000,42779261,232017848,12,2010,120017848,107.15879285714284,tt1320261,Gulliver's Travels,Family,4.9,61178
14,2017-12-15,Ferdinand,111000000,84410380,289847930,12,2017,178847930,161.12426126126127,tt3411444,Ferdinand,Adventure,6.7,40229
14,2017-12-15,Ferdinand,111000000,84410380,289847930,12,2017,178847930,161.12426126126127,tt3411444,Ferdinand,Animation,6.7,40229
14,2017-12-15,Ferdinand,111000000,84410380,289847930,12,2017,178847930,161.12426126126127,tt3411444,Ferdinand,Comedy,6.7,40229
15,2018-05-18,Deadpool 2,110000000,324591735,786680557,5,2018,676680557,615.1641427272727,tt5463162,Deadpool 2,Action,7.8,391735
15,2018-05-18,Deadpool 2,110000000,324591735,786680557,5,2018,676680557,615.1641427272727,tt5463162,Deadpool 2,Adventure,7.8,391735
15,2018-05-18,Deadpool 2,110000000,324591735,786680557,5,2018,676680557,615.1641427272727,tt5463162,Deadpool 2,Comedy,7.8,391735
16,2013-10-04,Gravity,110000000,274092705,693698673,10,2013,583698673,530.6351572727273,tt1454468,Gravity,Drama,7.7,710018
16,2013-10-04,Gravity,110000000,274092705,693698673,10,2013,583698673,530.6351572727273,tt1454468,Gravity,Sci-Fi,7.7,710018
16,2013-10-04,Gravity,110000000,274092705,693698673,10,2013,583698673,530.6351572727273,tt1454468,Gravity,Thriller,7.7,710018
19,2015-05-29,San Andreas,110000000,155190832,456258539,5,2015,346258539,314.78049,tt2126355,San Andreas,Action,6.1,192750
19,2015-05-29,San Andreas,110000000,155190832,456258539,5,2015,346258539,314.78049,tt2126355,San Andreas,Adventure,6.1,192750
19,2015-05-29,San Andreas,110000000,155190832,456258539,5,2015,346258539,314.78049,tt2126355,San Andreas,Drama,6.1,192750
20,2011-07-29,The Smurfs,110000000,142614158,563749323,7,2011,453749323,412.49938454545446,tt0472181,The Smurfs,Adventure,5.5,77577
20,2011-07-29,The Smurfs,110000000,142614158,563749323,7,2011,453749323,412.49938454545446,tt0472181,The Smurfs,Animation,5.5,77577
20,2011-07-29,The Smurfs,110000000,142614158,563749323,7,2011,453749323,412.49938454545446,tt0472181,The Smurfs,Comedy,5.5,77577
26,2014-03-07,300: Rise of an Empire,110000000,106580051,330780051,3,2014,220780051,200.70913727272725,tt1253863,300: Rise of an Empire,Action,6.2,262978
26,2014-03-07,300: Rise of an Empire,110000000,106580051,330780051,3,2014,220780051,200.70913727272725,tt1253863,300: Rise of an Empire,Fantasy,6.2,262978
26,2014-03-07,300: Rise of an Empire,110000000,106580051,330780051,3,2014,220780051,200.70913727272725,tt1253863,300: Rise of an Empire,War,6.2,262978
28,2016-12-21,Passengers,110000000,100014699,302239672,12,2016,192239672,174.76333818181817,tt1355644,Passengers,Drama,7.0,311083
28,2016-12-21,Passengers,110000000,100014699,302239672,12,2016,192239672,174.76333818181817,tt1355644,Passengers,Romance,7.0,311083
28,2016-12-21,Passengers,110000000,100014699,302239672,12,2016,192239672,174.76333818181817,tt1355644,Passengers,Sci-Fi,7.0,311083
29,2011-01-14,The Green Hornet,110000000,98780042,229155503,1,2011,119155503,108.32318454545457,tt0990407,The Green Hornet,Action,5.8,148622
29,2011-01-14,The Green Hornet,110000000,98780042,229155503,1,2011,119155503,108.32318454545457,tt0990407,The Green Hornet,Comedy,5.8,148622
29,2011-01-14,The Green Hornet,110000000,98780042,229155503,1,2011,119155503,108.32318454545457,tt0990407,The Green Hornet,Crime,5.8,148622
31,2011-10-07,Real Steel,110000000,85463309,263880341,10,2011,153880341,139.8912190909091,tt0433035,Real Steel,Action,7.1,283534
31,2011-10-07,Real Steel,110000000,85463309,263880341,10,2011,153880341,139.8912190909091,tt0433035,Real Steel,Drama,7.1,283534
31,2011-10-07,Real Steel,110000000,85463309,263880341,10,2011,153880341,139.8912190909091,tt0433035,Real Steel,Family,7.1,283534
32,2010-06-11,The A-Team,110000000,77222099,177241171,6,2010,67241171,61.12833727272727,tt0429493,The A-Team,Action,6.8,235256
32,2010-06-11,The A-Team,110000000,77222099,177241171,6,2010,67241171,61.12833727272727,tt0429493,The A-Team,Adventure,6.8,235256
32,2010-06-11,The A-Team,110000000,77222099,177241171,6,2010,67241171,61.12833727272727,tt0429493,The A-Team,Thriller,6.8,235256
33,2013-07-31,The Smurfs 2,110000000,71017784,348547523,7,2013,238547523,216.86138454545457,tt2017020,The Smurfs 2,Adventure,5.4,34229
33,2013-07-31,The Smurfs 2,110000000,71017784,348547523,7,2013,238547523,216.86138454545457,tt2017020,The Smurfs 2,Animation,5.4,34229
33,2013-07-31,The Smurfs 2,110000000,71017784,348547523,7,2013,238547523,216.86138454545457,tt2017020,The Smurfs 2,Comedy,5.4,34229
36,2013-11-01,Ender's Game,110000000,61737191,127983283,11,2013,17983283,16.348439090909093,tt1731141,Ender's Game,Action,6.6,211722
36,2013-11-01,Ender's Game,110000000,61737191,127983283,11,2013,17983283,16.348439090909093,tt1731141,Ender's Game,Adventure,6.6,211722
36,2013-11-01,Ender's Game,110000000,61737191,127983283,11,2013,17983283,16.348439090909093,tt1731141,Ender's Game,Fantasy,6.6,211722
40,2017-03-31,Ghost in the Shell,110000000,40563557,167910690,3,2017,57910690,52.64608181818182,tt1219827,Ghost in the Shell,Action,6.4,176499
40,2017-03-31,Ghost in the Shell,110000000,40563557,167910690,3,2017,57910690,52.64608181818182,tt1219827,Ghost in the Shell,Drama,6.4,176499
40,2017-03-31,Ghost in the Shell,110000000,40563557,167910690,3,2017,57910690,52.64608181818182,tt1219827,Ghost in the Shell,Sci-Fi,6.4,176499
46,2015-10-02,The Martian,108000000,228433663,655271443,10,2015,547271443,506.7328175925926,tt3659388,The Martian,Adventure,8.0,680116
46,2015-10-02,The Martian,108000000,228433663,655271443,10,2015,547271443,506.7328175925926,tt3659388,The Martian,Drama,8.0,680116
46,2015-10-02,The Martian,108000000,228433663,655271443,10,2015,547271443,506.7328175925926,tt3659388,The Martian,Sci-Fi,8.0,680116
47,2016-11-23,Allied,106000000,40098064,119266661,11,2016,13266661,12.515717924528305,tt3640424,Allied,Action,7.1,125741
47,2016-11-23,Allied,106000000,40098064,119266661,11,2016,13266661,12.515717924528305,tt3640424,Allied,Drama,7.1,125741
47,2016-11-23,Allied,106000000,40098064,119266661,11,2016,13266661,12.515717924528305,tt3640424,Allied,Romance,7.1,125741
52,2016-07-22,Ice Age: Collision Course,105000000,64063008,402156682,7,2016,297156682,283.0063638095238,tt3416828,Ice Age: Collision Course,Adventure,5.7,48932
52,2016-07-22,Ice Age: Collision Course,105000000,64063008,402156682,7,2016,297156682,283.0063638095238,tt3416828,Ice Age: Collision Course,Animation,5.7,48932
52,2016-07-22,Ice Age: Collision Course,105000000,64063008,402156682,7,2016,297156682,283.0063638095238,tt3416828,Ice Age: Collision Course,Comedy,5.7,48932
54,2017-09-22,Kingsman: The Golden Circle,104000000,100234838,408803696,9,2017,304803696,293.08047692307684,tt4649466,Kingsman: The Golden Circle,Action,6.8,230797
54,2017-09-22,Kingsman: The Golden Circle,104000000,100234838,408803696,9,2017,304803696,293.08047692307684,tt4649466,Kingsman: The Golden Circle,Adventure,6.8,230797
54,2017-09-22,Kingsman: The Golden Circle,104000000,100234838,408803696,9,2017,304803696,293.08047692307684,tt4649466,Kingsman: The Golden Circle,Comedy,6.8,230797
58,2018-03-09,A Wrinkle in Time,103000000,100478608,133401882,3,2018,30401882,29.51639029126213,tt1620680,A Wrinkle in Time,Adventure,4.2,34888
58,2018-03-09,A Wrinkle in Time,103000000,100478608,133401882,3,2018,30401882,29.51639029126213,tt1620680,A Wrinkle in Time,Family,4.2,34888
58,2018-03-09,A Wrinkle in Time,103000000,100478608,133401882,3,2018,30401882,29.51639029126213,tt1620680,A Wrinkle in Time,Fantasy,4.2,34888
62,2018-12-21,Bumblebee,102000000,127195589,465195589,12,2018,363195589,356.0741068627451,tt4701182,Bumblebee,Action,6.9,94155
62,2018-12-21,Bumblebee,102000000,127195589,465195589,12,2018,363195589,356.0741068627451,tt4701182,Bumblebee,Adventure,6.9,94155
62,2018-12-21,Bumblebee,102000000,127195589,465195589,12,2018,363195589,356.0741068627451,tt4701182,Bumblebee,Sci-Fi,6.9,94155
63,2012-10-26,Cloud Atlas,102000000,27108272,130673154,10,2012,28673154,28.110935294117645,tt1371111,Cloud Atlas,Action,7.4,326473
63,2012-10-26,Cloud Atlas,102000000,27108272,130673154,10,2012,28673154,28.110935294117645,tt1371111,Cloud Atlas,Drama,7.4,326473
63,2012-10-26,Cloud Atlas,102000000,27108272,130673154,10,2012,28673154,28.110935294117645,tt1371111,Cloud Atlas,Mystery,7.4,326473
69,2012-12-25,Django Unchained,100000000,162805434,449948323,12,2012,349948323,349.948323,tt1853728,Django Unchained,Drama,8.4,1211405
69,2012-12-25,Django Unchained,100000000,162805434,449948323,12,2012,349948323,349.948323,tt1853728,Django Unchained,Western,8.4,1211405
70,2010-12-22,Little Fockers,100000000,148438600,310650574,12,2010,210650574,210.650574,tt0970866,Little Fockers,Comedy,5.5,99222
70,2010-12-22,Little Fockers,100000000,148438600,310650574,12,2010,210650574,210.650574,tt0970866,Little Fockers,Romance,5.5,99222
74,2010-08-06,The Other Guys,100000000,119219978,170936470,8,2010,70936470,70.93647,tt1386588,The Other Guys,Action,6.7,221664
74,2010-08-06,The Other Guys,100000000,119219978,170936470,8,2010,70936470,70.93647,tt1386588,The Other Guys,Comedy,6.7,221664
74,2010-08-06,The Other Guys,100000000,119219978,170936470,8,2010,70936470,70.93647,tt1386588,The Other Guys,Crime,6.7,221664
76,2013-12-25,The Wolf of Wall Street,100000000,116900694,389870414,12,2013,289870414,289.87041400000004,tt0993846,The Wolf of Wall Street,Biography,8.2,1035358
76,2013-12-25,The Wolf of Wall Street,100000000,116900694,389870414,12,2013,289870414,289.87041400000004,tt0993846,The Wolf of Wall Street,Crime,8.2,1035358
76,2013-12-25,The Wolf of Wall Street,100000000,116900694,389870414,12,2013,289870414,289.87041400000004,tt0993846,The Wolf of Wall Street,Drama,8.2,1035358
77,2013-05-24,Epic,100000000,107518682,262794441,5,2013,162794441,162.79444099999998,tt0848537,Epic,Adventure,6.7,95318
77,2013-05-24,Epic,100000000,107518682,262794441,5,2013,162794441,162.79444099999998,tt0848537,Epic,Animation,6.7,95318
77,2013-05-24,Epic,100000000,107518682,262794441,5,2013,162794441,162.79444099999998,tt0848537,Epic,Family,6.7,95318
81,2012-08-17,The Expendables 2,100000000,85028192,311979256,8,2012,211979256,211.979256,tt1764651,The Expendables 2,Action,6.6,277584
81,2012-08-17,The Expendables 2,100000000,85028192,311979256,8,2012,211979256,211.979256,tt1764651,The Expendables 2,Adventure,6.6,277584
81,2012-08-17,The Expendables 2,100000000,85028192,311979256,8,2012,211979256,211.979256,tt1764651,The Expendables 2,Thriller,6.6,277584
84,2014-07-25,Hercules,100000000,72688614,243388614,7,2014,143388614,143.388614,tt1267297,Hercules,Action,6.0,137287
84,2014-07-25,Hercules,100000000,72688614,243388614,7,2014,143388614,143.388614,tt1267297,Hercules,Adventure,6.0,137287
84,2014-07-25,Hercules,100000000,72688614,243388614,7,2014,143388614,143.388614,tt1267297,Hercules,Fantasy,6.0,137287
84,2014-07-25,Hercules,100000000,72688614,243388614,7,2014,143388614,143.388614,tt3985956,Hercules,Comedy,6.2,72
85,2010-12-10,The Tourist,100000000,67631157,278731369,12,2010,178731369,178.731369,tt1243957,The Tourist,Action,6.0,206714
85,2010-12-10,The Tourist,100000000,67631157,278731369,12,2010,178731369,178.731369,tt1243957,The Tourist,Adventure,6.0,206714
85,2010-12-10,The Tourist,100000000,67631157,278731369,12,2010,178731369,178.731369,tt1243957,The Tourist,Thriller,6.0,206714
90,2010-09-24,Legend of the Guardians: The Owls of Ga'Hoole,100000000,55675313,139716717,9,2010,39716717,39.716716999999996,tt1219342,Legend of the Guardians: The Owls of Ga'Hoole,Action,7.0,73790
90,2010-09-24,Legend of the Guardians: The Owls of Ga'Hoole,100000000,55675313,139716717,9,2010,39716717,39.716716999999996,tt1219342,Legend of the Guardians: The Owls of Ga'Hoole,Adventure,7.0,73790
90,2010-09-24,Legend of the Guardians: The Owls of Ga'Hoole,100000000,55675313,139716717,9,2010,39716717,39.716716999999996,tt1219342,Legend of the Guardians: The Owls of Ga'Hoole,Animation,7.0,73790
94,2019-03-15,Wonder Park,100000000,45216793,115149422,3,2019,15149422,15.149422,tt6428676,Wonder Park,Adventure,5.7,3091
94,2019-03-15,Wonder Park,100000000,45216793,115149422,3,2019,15149422,15.149422,tt6428676,Wonder Park,Animation,5.7,3091
94,2019-03-15,Wonder Park,100000000,45216793,115149422,3,2019,15149422,15.149422,tt6428676,Wonder Park,Comedy,5.7,3091
96,2014-08-15,The Expendables 3,100000000,39322544,209461378,8,2014,109461378,109.461378,tt2333784,The Expendables 3,Action,6.1,156432
96,2014-08-15,The Expendables 3,100000000,39322544,209461378,8,2014,109461378,109.461378,tt2333784,The Expendables 3,Adventure,6.1,156432
96,2014-08-15,The Expendables 3,100000000,39322544,209461378,8,2014,109461378,109.461378,tt2333784,The Expendables 3,Thriller,6.1,156432
98,2010-03-12,Green Zone,100000000,35497337,97523020,3,2010,-2476980,-2.4769799999999997,tt0947810,Green Zone,Action,6.8,122132
98,2010-03-12,Green Zone,100000000,35497337,97523020,3,2010,-2476980,-2.4769799999999997,tt0947810,Green Zone,Drama,6.8,122132
98,2010-03-12,Green Zone,100000000,35497337,97523020,3,2010,-2476980,-2.4769799999999997,tt0947810,Green Zone,Thriller,6.8,122132
99,2017-10-20,Geostorm,100000000,33700160,220796009,10,2017,120796009,120.79600900000001,tt1981128,Geostorm,Action,5.3,78287
99,2017-10-20,Geostorm,100000000,33700160,220796009,10,2017,120796009,120.79600900000001,tt1981128,Geostorm,Sci-Fi,5.3,78287
99,2017-10-20,Geostorm,100000000,33700160,220796009,10,2017,120796009,120.79600900000001,tt1981128,Geostorm,Thriller,5.3,78287
100,2015-12-25,Point Break,100000000,28782481,126704591,12,2015,26704591,26.704590999999997,tt2058673,Point Break,Action,5.3,53802
100,2015-12-25,Point Break,100000000,28782481,126704591,12,2015,26704591,26.704590999999997,tt2058673,Point Break,Crime,5.3,53802
100,2015-12-25,Point Break,100000000,28782481,126704591,12,2015,26704591,26.704590999999997,tt2058673,Point Break,Sport,5.3,53802
1,2015-12-11,In the Heart of the Sea,100000000,25020758,89693309,12,2015,-10306691,-10.306691,tt1390411,In the Heart of the Sea,Action,6.9,108628
1,2015-12-11,In the Heart of the Sea,100000000,25020758,89693309,12,2015,-10306691,-10.306691,tt1390411,In the Heart of the Sea,Adventure,6.9,108628
1,2015-12-11,In the Heart of the Sea,100000000,25020758,89693309,12,2015,-10306691,-10.306691,tt1390411,In the Heart of the Sea,Biography,6.9,108628
2,2014-04-18,Transcendence,100000000,23022309,103039258,4,2014,3039258,3.0392580000000002,tt2202408,Transcendence,Drama,6.1,22
2,2014-04-18,Transcendence,100000000,23022309,103039258,4,2014,3039258,3.0392580000000002,tt2209764,Transcendence,Action,6.3,204481
2,2014-04-18,Transcendence,100000000,23022309,103039258,4,2014,3039258,3.0392580000000002,tt2209764,Transcendence,Drama,6.3,204481
2,2014-04-18,Transcendence,100000000,23022309,103039258,4,2014,3039258,3.0392580000000002,tt2209764,Transcendence,Sci-Fi,6.3,204481
4,2018-12-14,Mortal Engines,100000000,15951040,85287417,12,2018,-14712583,-14.712583000000002,tt1571234,Mortal Engines,Action,6.1,70193
4,2018-12-14,Mortal Engines,100000000,15951040,85287417,12,2018,-14712583,-14.712583000000002,tt1571234,Mortal Engines,Adventure,6.1,70193
4,2018-12-14,Mortal Engines,100000000,15951040,85287417,12,2018,-14712583,-14.712583000000002,tt1571234,Mortal Engines,Fantasy,6.1,70193
7,2015-11-06,The Peanuts Movie,99000000,130178411,250091610,11,2015,151091610,152.61778787878788,tt2452042,The Peanuts Movie,Adventure,7.1,39149
7,2015-11-06,The Peanuts Movie,99000000,130178411,250091610,11,2015,151091610,152.61778787878788,tt2452042,The Peanuts Movie,Animation,7.1,39149
7,2015-11-06,The Peanuts Movie,99000000,130178411,250091610,11,2015,151091610,152.61778787878788,tt2452042,The Peanuts Movie,Comedy,7.1,39149
12,2017-05-19,Alien: Covenant,97000000,74262031,238521247,5,2017,141521247,145.89819278350515,tt2316204,Alien: Covenant,Horror,6.4,226920
12,2017-05-19,Alien: Covenant,97000000,74262031,238521247,5,2017,141521247,145.89819278350515,tt2316204,Alien: Covenant,Sci-Fi,6.4,226920
12,2017-05-19,Alien: Covenant,97000000,74262031,238521247,5,2017,141521247,145.89819278350515,tt2316204,Alien: Covenant,Thriller,6.4,226920
13,2015-03-13,Cinderella,95000000,201151353,534551353,3,2015,439551353,462.685634736842,tt1661199,Cinderella,Drama,6.9,142792
13,2015-03-13,Cinderella,95000000,201151353,534551353,3,2015,439551353,462.685634736842,tt1661199,Cinderella,Family,6.9,142792
13,2015-03-13,Cinderella,95000000,201151353,534551353,3,2015,439551353,462.685634736842,tt1661199,Cinderella,Fantasy,6.9,142792
76,2050-02-15,Cinderella,2900000,85000000,263591415,2,2050,260691415,8989.359137931035,tt1661199,Cinderella,Drama,6.9,142792
76,2050-02-15,Cinderella,2900000,85000000,263591415,2,2050,260691415,8989.359137931035,tt1661199,Cinderella,Family,6.9,142792
76,2050-02-15,Cinderella,2900000,85000000,263591415,2,2050,260691415,8989.359137931035,tt1661199,Cinderella,Fantasy,6.9,142792
14,2012-07-13,Ice Age: Continental Drift,95000000,161321843,879765137,7,2012,784765137,826.068565263158,tt1667889,Ice Age: Continental Drift,Adventure,6.6,175601
14,2012-07-13,Ice Age: Continental Drift,95000000,161321843,879765137,7,2012,784765137,826.068565263158,tt1667889,Ice Age: Continental Drift,Animation,6.6,175601
14,2012-07-13,Ice Age: Continental Drift,95000000,161321843,879765137,7,2012,784765137,826.068565263158,tt1667889,Ice Age: Continental Drift,Comedy,6.6,175601
16,2010-05-27,Sex and the City 2,95000000,95347692,294680778,5,2010,199680778,210.1902926315789,tt1261945,Sex and the City 2,Comedy,4.4,69199
16,2010-05-27,Sex and the City 2,95000000,95347692,294680778,5,2010,199680778,210.1902926315789,tt1261945,Sex and the City 2,Drama,4.4,69199
16,2010-05-27,Sex and the City 2,95000000,95347692,294680778,5,2010,199680778,210.1902926315789,tt1261945,Sex and the City 2,Romance,4.4,69199
17,2010-02-12,Percy Jackson & the Olympians: The Lightning Thief,95000000,88768303,223050874,2,2010,128050874,134.7903936842105,tt0814255,Percy Jackson & the Olympians: The Lightning Thief,Adventure,5.9,165108
17,2010-02-12,Percy Jackson & the Olympians: The Lightning Thief,95000000,88768303,223050874,2,2010,128050874,134.7903936842105,tt0814255,Percy Jackson & the Olympians: The Lightning Thief,Family,5.9,165108
17,2010-02-12,Percy Jackson & the Olympians: The Lightning Thief,95000000,88768303,223050874,2,2010,128050874,134.7903936842105,tt0814255,Percy Jackson & the Olympians: The Lightning Thief,Fantasy,5.9,165108
18,2012-08-10,The Campaign,95000000,86907746,104907746,8,2012,9907746,10.429206315789477,tt1790886,The Campaign,Comedy,6.1,118678
18,2012-08-10,The Campaign,95000000,86907746,104907746,8,2012,9907746,10.429206315789477,tt2411684,The Campaign,Documentary,6.9,14
19,2010-11-12,Unstoppable,95000000,81562942,165720921,11,2010,70720921,74.44307473684209,tt0477080,Unstoppable,Action,6.8,173019
19,2010-11-12,Unstoppable,95000000,81562942,165720921,11,2010,70720921,74.44307473684209,tt0477080,Unstoppable,Thriller,6.8,173019
19,2010-11-12,Unstoppable,95000000,81562942,165720921,11,2010,70720921,74.44307473684209,tt3070502,Unstoppable,Documentary,4.3,551
19,2010-11-12,Unstoppable,95000000,81562942,165720921,11,2010,70720921,74.44307473684209,tt9225192,Unstoppable,Action,6.5,576
19,2010-11-12,Unstoppable,95000000,81562942,165720921,11,2010,70720921,74.44307473684209,tt9225192,Unstoppable,Crime,6.5,576
19,2010-11-12,Unstoppable,95000000,81562942,165720921,11,2010,70720921,74.44307473684209,tt9906218,Unstoppable,Documentary,8.1,8
23,2016-08-19,Ben-Hur,95000000,26410477,91669648,8,2016,-3330352,-3.5056336842105265,tt2638144,Ben-Hur,Action,5.7,37975
23,2016-08-19,Ben-Hur,95000000,26410477,91669648,8,2016,-3330352,-3.5056336842105265,tt2638144,Ben-Hur,Adventure,5.7,37975
23,2016-08-19,Ben-Hur,95000000,26410477,91669648,8,2016,-3330352,-3.5056336842105265,tt2638144,Ben-Hur,Drama,5.7,37975
8,2059-11-18,Ben-Hur,15000000,73000000,73259017,11,2059,58259017,388.39344666666665,tt2638144,Ben-Hur,Action,5.7,37975
8,2059-11-18,Ben-Hur,15000000,73000000,73259017,11,2059,58259017,388.39344666666665,tt2638144,Ben-Hur,Adventure,5.7,37975
8,2059-11-18,Ben-Hur,15000000,73000000,73259017,11,2059,58259017,388.39344666666665,tt2638144,Ben-Hur,Drama,5.7,37975
24,2015-02-06,Seventh Son,95000000,17725785,108874967,2,2015,13874967,14.605228421052633,tt1121096,Seventh Son,Action,5.5,66565
24,2015-02-06,Seventh Son,95000000,17725785,108874967,2,2015,13874967,14.605228421052633,tt1121096,Seventh Son,Adventure,5.5,66565
24,2015-02-06,Seventh Son,95000000,17725785,108874967,2,2015,13874967,14.605228421052633,tt1121096,Seventh Son,Fantasy,5.5,66565
29,2015-02-13,Kingsman: The Secret Service,94000000,128261724,404561724,2,2015,310561724,330.38481276595746,tt2802144,Kingsman: The Secret Service,Action,7.7,544510
29,2015-02-13,Kingsman: The Secret Service,94000000,128261724,404561724,2,2015,310561724,330.38481276595746,tt2802144,Kingsman: The Secret Service,Adventure,7.7,544510
29,2015-02-13,Kingsman: The Secret Service,94000000,128261724,404561724,2,2015,310561724,330.38481276595746,tt2802144,Kingsman: The Secret Service,Comedy,7.7,544510
31,2011-08-05,Rise of the Planet of the Apes,93000000,176760185,470986200,8,2011,377986200,406.4367741935483,tt1318514,Rise of the Planet of the Apes,Action,7.6,473020
31,2011-08-05,Rise of the Planet of the Apes,93000000,176760185,470986200,8,2011,377986200,406.4367741935483,tt1318514,Rise of the Planet of the Apes,Drama,7.6,473020
31,2011-08-05,Rise of the Planet of the Apes,93000000,176760185,470986200,8,2011,377986200,406.4367741935483,tt1318514,Rise of the Planet of the Apes,Sci-Fi,7.6,473020
34,2013-02-14,A Good Day to Die Hard,92000000,67349198,304249198,2,2013,212249198,230.70565,tt1606378,A Good Day to Die Hard,Action,5.3,188383
34,2013-02-14,A Good Day to Die Hard,92000000,67349198,304249198,2,2013,212249198,230.70565,tt1606378,A Good Day to Die Hard,Thriller,5.3,188383
37,2013-12-25,The Secret Life of Walter Mitty,91000000,58236838,187861183,12,2013,96861183,106.44086043956044,tt0359950,The Secret Life of Walter Mitty,Adventure,7.3,275300
37,2013-12-25,The Secret Life of Walter Mitty,91000000,58236838,187861183,12,2013,96861183,106.44086043956044,tt0359950,The Secret Life of Walter Mitty,Comedy,7.3,275300
37,2013-12-25,The Secret Life of Walter Mitty,91000000,58236838,187861183,12,2013,96861183,106.44086043956044,tt0359950,The Secret Life of Walter Mitty,Drama,7.3,275300
38,2017-12-20,Jumanji: Welcome to the Jungle,90000000,404508916,964496193,12,2017,874496193,971.6624366666665,tt2283362,Jumanji: Welcome to the Jungle,Action,7.0,242735
38,2017-12-20,Jumanji: Welcome to the Jungle,90000000,404508916,964496193,12,2017,874496193,971.6624366666665,tt2283362,Jumanji: Welcome to the Jungle,Adventure,7.0,242735
38,2017-12-20,Jumanji: Welcome to the Jungle,90000000,404508916,964496193,12,2017,874496193,971.6624366666665,tt2283362,Jumanji: Welcome to the Jungle,Comedy,7.0,242735
46,2011-04-15,Rio,90000000,143619809,487519809,4,2011,397519809,441.6886766666667,tt1436562,Rio,Adventure,6.9,191621
46,2011-04-15,Rio,90000000,143619809,487519809,4,2011,397519809,441.6886766666667,tt1436562,Rio,Animation,6.9,191621
46,2011-04-15,Rio,90000000,143619809,487519809,4,2011,397519809,441.6886766666667,tt1436562,Rio,Comedy,6.9,191621
46,2011-04-15,Rio,90000000,143619809,487519809,4,2011,397519809,441.6886766666667,tt2614250,Rio,Documentary,8.3,14
46,2011-04-15,Rio,90000000,143619809,487519809,4,2011,397519809,441.6886766666667,tt5734820,Rio,Drama,2.6,7
51,2011-12-20,The Girl with the Dragon Tattoo,90000000,102515793,239373970,12,2011,149373970,165.97107777777774,tt1568346,The Girl with the Dragon Tattoo,Crime,7.8,387580
51,2011-12-20,The Girl with the Dragon Tattoo,90000000,102515793,239373970,12,2011,149373970,165.97107777777774,tt1568346,The Girl with the Dragon Tattoo,Drama,7.8,387580
51,2011-12-20,The Girl with the Dragon Tattoo,90000000,102515793,239373970,12,2011,149373970,165.97107777777774,tt1568346,The Girl with the Dragon Tattoo,Mystery,7.8,387580
55,2016-09-23,The Magnificent Seven,90000000,93432655,162525156,9,2016,72525156,80.58350666666666,tt2404435,The Magnificent Seven,Action,6.9,168514
55,2016-09-23,The Magnificent Seven,90000000,93432655,162525156,9,2016,72525156,80.58350666666666,tt2404435,The Magnificent Seven,Adventure,6.9,168514
55,2016-09-23,The Magnificent Seven,90000000,93432655,162525156,9,2016,72525156,80.58350666666666,tt2404435,The Magnificent Seven,Western,6.9,168514
56,2015-12-18,Alvin and the Chipmunks: The Road Chip,90000000,85886987,249517956,12,2015,159517956,177.24217333333337,tt2974918,Alvin and the Chipmunks: The Road Chip,Adventure,5.1,14507
56,2015-12-18,Alvin and the Chipmunks: The Road Chip,90000000,85886987,249517956,12,2015,159517956,177.24217333333337,tt2974918,Alvin and the Chipmunks: The Road Chip,Animation,5.1,14507
56,2015-12-18,Alvin and the Chipmunks: The Road Chip,90000000,85886987,249517956,12,2015,159517956,177.24217333333337,tt2974918,Alvin and the Chipmunks: The Road Chip,Comedy,5.1,14507
59,2015-07-24,Pixels,90000000,78765986,244041804,7,2015,154041804,171.15756000000002,tt1664775,Pixels,Action,4.6,54
59,2015-07-24,Pixels,90000000,78765986,244041804,7,2015,154041804,171.15756000000002,tt1664775,Pixels,Comedy,4.6,54
59,2015-07-24,Pixels,90000000,78765986,244041804,7,2015,154041804,171.15756000000002,tt2120120,Pixels,Action,5.6,119789
59,2015-07-24,Pixels,90000000,78765986,244041804,7,2015,154041804,171.15756000000002,tt2120120,Pixels,Comedy,5.6,119789
59,2015-07-24,Pixels,90000000,78765986,244041804,7,2015,154041804,171.15756000000002,tt2120120,Pixels,Sci-Fi,5.6,119789
64,2013-08-07,Percy Jackson: Sea of Monsters,90000000,68559554,200859554,8,2013,110859554,123.17728222222222,tt1854564,Percy Jackson: Sea of Monsters,Adventure,5.8,102313
64,2013-08-07,Percy Jackson: Sea of Monsters,90000000,68559554,200859554,8,2013,110859554,123.17728222222222,tt1854564,Percy Jackson: Sea of Monsters,Family,5.8,102313
64,2013-08-07,Percy Jackson: Sea of Monsters,90000000,68559554,200859554,8,2013,110859554,123.17728222222222,tt1854564,Percy Jackson: Sea of Monsters,Fantasy,5.8,102313
66,2016-06-10,Now You See Me 2,90000000,65075540,328325007,6,2016,238325007,264.80556333333334,tt3110958,Now You See Me 2,Action,6.5,216219
66,2016-06-10,Now You See Me 2,90000000,65075540,328325007,6,2016,238325007,264.80556333333334,tt3110958,Now You See Me 2,Adventure,6.5,216219
66,2016-06-10,Now You See Me 2,90000000,65075540,328325007,6,2016,238325007,264.80556333333334,tt3110958,Now You See Me 2,Comedy,6.5,216219
70,2018-03-16,Tomb Raider,90000000,58250803,273477501,3,2018,183477501,203.86389,tt1365519,Tomb Raider,Action,6.3,163560
70,2018-03-16,Tomb Raider,90000000,58250803,273477501,3,2018,183477501,203.86389,tt1365519,Tomb Raider,Adventure,6.3,163560
70,2018-03-16,Tomb Raider,90000000,58250803,273477501,3,2018,183477501,203.86389,tt1365519,Tomb Raider,Fantasy,6.3,163560
76,2011-08-19,Conan the Barbarian,90000000,21295021,63356133,8,2011,-26643867,-29.60429666666667,tt0816462,Conan the Barbarian,Action,5.2,90834
76,2011-08-19,Conan the Barbarian,90000000,21295021,63356133,8,2011,-26643867,-29.60429666666667,tt0816462,Conan the Barbarian,Adventure,5.2,90834
76,2011-08-19,Conan the Barbarian,90000000,21295021,63356133,8,2011,-26643867,-29.60429666666667,tt0816462,Conan the Barbarian,Fantasy,5.2,90834
77,2011-10-21,The Three Musketeers,90000000,20377913,139877913,10,2011,49877913,55.41990333333333,tt1509767,The Three Musketeers,Action,5.8,98408
77,2011-10-21,The Three Musketeers,90000000,20377913,139877913,10,2011,49877913,55.41990333333333,tt1509767,The Three Musketeers,Adventure,5.8,98408
77,2011-10-21,The Three Musketeers,90000000,20377913,139877913,10,2011,49877913,55.41990333333333,tt1509767,The Three Musketeers,Romance,5.8,98408
77,2011-10-21,The Three Musketeers,90000000,20377913,139877913,10,2011,49877913,55.41990333333333,tt3274666,The Three Musketeers,Adventure,3.7,213
78,2017-04-21,The Promise,90000000,8224288,10551417,4,2017,-79448583,-88.27620333333334,tt4192918,The Promise,Comedy,8.8,53
78,2017-04-21,The Promise,90000000,8224288,10551417,4,2017,-79448583,-88.27620333333334,tt4776998,The Promise,Drama,6.1,164555
78,2017-04-21,The Promise,90000000,8224288,10551417,4,2017,-79448583,-88.27620333333334,tt4776998,The Promise,History,6.1,164555
78,2017-04-21,The Promise,90000000,8224288,10551417,4,2017,-79448583,-88.27620333333334,tt6072400,The Promise,Thriller,5.8,8
78,2017-04-21,The Promise,90000000,8224288,10551417,4,2017,-79448583,-88.27620333333334,tt7232438,The Promise,Drama,6.1,629
78,2017-04-21,The Promise,90000000,8224288,10551417,4,2017,-79448583,-88.27620333333334,tt7232438,The Promise,Horror,6.1,629
78,2017-04-21,The Promise,90000000,8224288,10551417,4,2017,-79448583,-88.27620333333334,tt7232438,The Promise,Thriller,6.1,629
79,2010-11-24,The Nutcracker in 3D,90000000,195459,20466016,11,2010,-69533984,-77.25998222222222,tt1041804,The Nutcracker in 3D,Action,4.3,3119
79,2010-11-24,The Nutcracker in 3D,90000000,195459,20466016,11,2010,-69533984,-77.25998222222222,tt1041804,The Nutcracker in 3D,Family,4.3,3119
79,2010-11-24,The Nutcracker in 3D,90000000,195459,20466016,11,2010,-69533984,-77.25998222222222,tt1041804,The Nutcracker in 3D,Fantasy,4.3,3119
80,2017-12-13,Bright,90000000,0,0,12,2017,-90000000,-100.0,tt5519340,Bright,Action,6.4,147834
80,2017-12-13,Bright,90000000,0,0,12,2017,-90000000,-100.0,tt5519340,Bright,Crime,6.4,147834
80,2017-12-13,Bright,90000000,0,0,12,2017,-90000000,-100.0,tt5519340,Bright,Fantasy,6.4,147834
84,2018-09-14,The Predator,88000000,51024708,159487563,9,2018,71487563,81.23586704545455,tt3829266,The Predator,Action,5.4,94888
84,2018-09-14,The Predator,88000000,51024708,159487563,9,2018,71487563,81.23586704545455,tt3829266,The Predator,Adventure,5.4,94888
84,2018-09-14,The Predator,88000000,51024708,159487563,9,2018,71487563,81.23586704545455,tt3829266,The Predator,Sci-Fi,5.4,94888
95,2014-03-21,Divergent,85000000,150947895,276014965,3,2014,191014965,224.72348823529407,tt1840309,Divergent,Action,6.7,399703
95,2014-03-21,Divergent,85000000,150947895,276014965,3,2014,191014965,224.72348823529407,tt1840309,Divergent,Adventure,6.7,399703
95,2014-03-21,Divergent,85000000,150947895,276014965,3,2014,191014965,224.72348823529407,tt1840309,Divergent,Mystery,6.7,399703
96,2012-09-28,Hotel Transylvania,85000000,148313048,378505812,9,2012,293505812,345.30095529411767,tt0837562,Hotel Transylvania,Animation,7.1,204571
96,2012-09-28,Hotel Transylvania,85000000,148313048,378505812,9,2012,293505812,345.30095529411767,tt0837562,Hotel Transylvania,Comedy,7.1,204571
96,2012-09-28,Hotel Transylvania,85000000,148313048,378505812,9,2012,293505812,345.30095529411767,tt0837562,Hotel Transylvania,Family,7.1,204571
97,2019-04-05,Shazam!,85000000,139606856,362899733,4,2019,277899733,326.94086235294117,tt0448115,Shazam!,Action,7.4,109051
97,2019-04-05,Shazam!,85000000,139606856,362899733,4,2019,277899733,326.94086235294117,tt0448115,Shazam!,Adventure,7.4,109051
97,2019-04-05,Shazam!,85000000,139606856,362899733,4,2019,277899733,326.94086235294117,tt0448115,Shazam!,Comedy,7.4,109051
99,2012-02-10,Safe House,85000000,126181630,208542162,2,2012,123542162,145.34372,tt1599348,Safe House,Action,6.8,192655
99,2012-02-10,Safe House,85000000,126181630,208542162,2,2012,123542162,145.34372,tt1599348,Safe House,Adventure,6.8,192655
99,2012-02-10,Safe House,85000000,126181630,208542162,2,2012,123542162,145.34372,tt1599348,Safe House,Crime,6.8,192655
5,2011-11-04,Tower Heist,85000000,78046570,150422946,11,2011,65422946,76.96817176470589,tt0471042,Tower Heist,Action,6.2,125102
5,2011-11-04,Tower Heist,85000000,78046570,150422946,11,2011,65422946,76.96817176470589,tt0471042,Tower Heist,Comedy,6.2,125102
5,2011-11-04,Tower Heist,85000000,78046570,150422946,11,2011,65422946,76.96817176470589,tt0471042,Tower Heist,Crime,6.2,125102
7,2012-03-30,Mirror Mirror,85000000,64935167,173613482,3,2012,88613482,104.25115529411764,tt1667353,Mirror Mirror,Adventure,5.6,79510
7,2012-03-30,Mirror Mirror,85000000,64935167,173613482,3,2012,88613482,104.25115529411764,tt1667353,Mirror Mirror,Comedy,5.6,79510
7,2012-03-30,Mirror Mirror,85000000,64935167,173613482,3,2012,88613482,104.25115529411764,tt1667353,Mirror Mirror,Drama,5.6,79510
14,2011-11-23,Arthur Christmas,85000000,46462469,149717124,11,2011,64717124,76.13779294117647,tt1430607,Arthur Christmas,Adventure,7.1,45439
14,2011-11-23,Arthur Christmas,85000000,46462469,149717124,11,2011,64717124,76.13779294117647,tt1430607,Arthur Christmas,Animation,7.1,45439
14,2011-11-23,Arthur Christmas,85000000,46462469,149717124,11,2011,64717124,76.13779294117647,tt1430607,Arthur Christmas,Comedy,7.1,45439
15,2017-01-20,xXx: Return of Xander Cage,85000000,44898413,345033359,1,2017,260033359,305.92159882352934,tt1293847,xXx: Return of Xander Cage,Action,5.2,77976
15,2017-01-20,xXx: Return of Xander Cage,85000000,44898413,345033359,1,2017,260033359,305.92159882352934,tt1293847,xXx: Return of Xander Cage,Adventure,5.2,77976
15,2017-01-20,xXx: Return of Xander Cage,85000000,44898413,345033359,1,2017,260033359,305.92159882352934,tt1293847,xXx: Return of Xander Cage,Thriller,5.2,77976
17,2010-07-30,Cats & Dogs: The Revenge of Kitty Galore,85000000,43585753,113026383,7,2010,28026383,32.972215294117646,tt1287468,Cats & Dogs: The Revenge of Kitty Galore,Action,4.3,12642
17,2010-07-30,Cats & Dogs: The Revenge of Kitty Galore,85000000,43585753,113026383,7,2010,28026383,32.972215294117646,tt1287468,Cats & Dogs: The Revenge of Kitty Galore,Comedy,4.3,12642
17,2010-07-30,Cats & Dogs: The Revenge of Kitty Galore,85000000,43585753,113026383,7,2010,28026383,32.972215294117646,tt1287468,Cats & Dogs: The Revenge of Kitty Galore,Family,4.3,12642
25,2017-12-20,The Greatest Showman,84000000,174340174,386665550,12,2017,302665550,360.3161309523809,tt1485796,The Greatest Showman,Biography,7.6,199663
25,2017-12-20,The Greatest Showman,84000000,174340174,386665550,12,2017,302665550,360.3161309523809,tt1485796,The Greatest Showman,Drama,7.6,199663
25,2017-12-20,The Greatest Showman,84000000,174340174,386665550,12,2017,302665550,360.3161309523809,tt1485796,The Greatest Showman,Musical,7.6,199663
28,2013-07-19,RED 2,84000000,53262560,141507355,7,2013,57507355,68.4611369047619,tt1821694,RED 2,Action,6.6,148846
28,2013-07-19,RED 2,84000000,53262560,141507355,7,2013,57507355,68.4611369047619,tt1821694,RED 2,Comedy,6.6,148846
28,2013-07-19,RED 2,84000000,53262560,141507355,7,2013,57507355,68.4611369047619,tt1821694,RED 2,Crime,6.6,148846
34,2010-08-13,The Expendables,82000000,103068524,268268174,8,2010,186268174,227.1563097560976,tt1320253,The Expendables,Action,6.5,307897
34,2010-08-13,The Expendables,82000000,103068524,268268174,8,2010,186268174,227.1563097560976,tt1320253,The Expendables,Adventure,6.5,307897
34,2010-08-13,The Expendables,82000000,103068524,268268174,8,2010,186268174,227.1563097560976,tt1320253,The Expendables,Thriller,6.5,307897
38,2012-03-23,The Hunger Games,80000000,408010692,677923379,3,2012,597923379,747.40422375,tt1392170,The Hunger Games,Action,7.2,795227
38,2012-03-23,The Hunger Games,80000000,408010692,677923379,3,2012,597923379,747.40422375,tt1392170,The Hunger Games,Adventure,7.2,795227
38,2012-03-23,The Hunger Games,80000000,408010692,677923379,3,2012,597923379,747.40422375,tt1392170,The Hunger Games,Sci-Fi,7.2,795227
39,2011-05-26,The Hangover Part II,80000000,254464305,586464305,5,2011,506464305,633.08038125,tt1411697,The Hangover Part II,Comedy,6.5,432800
39,2011-05-26,The Hangover Part II,80000000,254464305,586464305,5,2011,506464305,633.08038125,tt1411697,The Hangover Part II,Mystery,6.5,432800
41,2017-02-10,The Lego Batman Movie,80000000,175750384,310660018,2,2017,230660018,288.3250225,tt4116284,The Lego Batman Movie,Action,7.3,116433
41,2017-02-10,The Lego Batman Movie,80000000,175750384,310660018,2,2017,230660018,288.3250225,tt4116284,The Lego Batman Movie,Animation,7.3,116433
41,2017-02-10,The Lego Batman Movie,80000000,175750384,310660018,2,2017,230660018,288.3250225,tt4116284,The Lego Batman Movie,Comedy,7.3,116433
42,2015-09-25,Hotel Transylvania 2,80000000,169700110,469500298,9,2015,389500298,486.87537249999997,tt2510894,Hotel Transylvania 2,Animation,6.7,92905
42,2015-09-25,Hotel Transylvania 2,80000000,169700110,469500298,9,2015,389500298,486.87537249999997,tt2510894,Hotel Transylvania 2,Comedy,6.7,92905
42,2015-09-25,Hotel Transylvania 2,80000000,169700110,469500298,9,2015,389500298,486.87537249999997,tt2510894,Hotel Transylvania 2,Family,6.7,92905
48,2013-07-12,Grown Ups 2,80000000,133668525,247023808,7,2013,167023808,208.77976,tt2191701,Grown Ups 2,Comedy,5.4,128500
49,2011-12-16,Alvin and the Chipmunks: Chipwrecked,80000000,133107389,349088523,12,2011,269088523,336.36065375,tt1615918,Alvin and the Chipmunks: Chipwrecked,Adventure,4.4,28158
49,2011-12-16,Alvin and the Chipmunks: Chipwrecked,80000000,133107389,349088523,12,2011,269088523,336.36065375,tt1615918,Alvin and the Chipmunks: Chipwrecked,Animation,4.4,28158
49,2011-12-16,Alvin and the Chipmunks: Chipwrecked,80000000,133107389,349088523,12,2011,269088523,336.36065375,tt1615918,Alvin and the Chipmunks: Chipwrecked,Comedy,4.4,28158
52,2010-02-19,Shutter Island,80000000,128012934,299461782,2,2010,219461782,274.3272275,tt1130884,Shutter Island,Mystery,8.1,1005960
52,2010-02-19,Shutter Island,80000000,128012934,299461782,2,2010,219461782,274.3272275,tt1130884,Shutter Island,Thriller,8.1,1005960
62,2010-12-17,Yogi Bear,80000000,100246011,204774690,12,2010,124774690,155.96836249999996,tt1302067,Yogi Bear,Adventure,4.6,18934
62,2010-12-17,Yogi Bear,80000000,100246011,204774690,12,2010,124774690,155.96836249999996,tt1302067,Yogi Bear,Animation,4.6,18934
62,2010-12-17,Yogi Bear,80000000,100246011,204774690,12,2010,124774690,155.96836249999996,tt1302067,Yogi Bear,Comedy,4.6,18934
64,2010-01-15,The Book of Eli,80000000,94835059,158750817,1,2010,78750817,98.43852125,tt1037705,The Book of Eli,Action,6.9,271307
64,2010-01-15,The Book of Eli,80000000,94835059,158750817,1,2010,78750817,98.43852125,tt1037705,The Book of Eli,Adventure,6.9,271307
64,2010-01-15,The Book of Eli,80000000,94835059,158750817,1,2010,78750817,98.43852125,tt1037705,The Book of Eli,Drama,6.9,271307
68,2014-10-17,Fury,80000000,85817906,210315681,10,2014,130315681,162.89460125,tt2713180,Fury,Action,7.6,381993
68,2014-10-17,Fury,80000000,85817906,210315681,10,2014,130315681,162.89460125,tt2713180,Fury,Drama,7.6,381993
68,2014-10-17,Fury,80000000,85817906,210315681,10,2014,130315681,162.89460125,tt2713180,Fury,War,7.6,381993
69,2018-09-28,Smallfoot,80000000,83240103,213691277,9,2018,133691277,167.11409625,tt6182908,Smallfoot,Adventure,6.7,23295
69,2018-09-28,Smallfoot,80000000,83240103,213691277,9,2018,133691277,167.11409625,tt6182908,Smallfoot,Animation,6.7,23295
69,2018-09-28,Smallfoot,80000000,83240103,213691277,9,2018,133691277,167.11409625,tt6182908,Smallfoot,Comedy,6.7,23295
71,2011-07-08,Zookeeper,80000000,80360866,170805525,7,2011,90805525,113.50690625,tt1222817,Zookeeper,Comedy,5.2,52396
71,2011-07-08,Zookeeper,80000000,80360866,170805525,7,2011,90805525,113.50690625,tt1222817,Zookeeper,Family,5.2,52396
71,2011-07-08,Zookeeper,80000000,80360866,170805525,7,2011,90805525,113.50690625,tt1222817,Zookeeper,Romance,5.2,52396
81,2019-06-07,The Secret Life of Pets 2,80000000,63795655,113351496,6,2019,33351496,41.689370000000004,tt5113040,The Secret Life of Pets 2,Adventure,6.6,3467
81,2019-06-07,The Secret Life of Pets 2,80000000,63795655,113351496,6,2019,33351496,41.689370000000004,tt5113040,The Secret Life of Pets 2,Animation,6.6,3467
81,2019-06-07,The Secret Life of Pets 2,80000000,63795655,113351496,6,2019,33351496,41.689370000000004,tt5113040,The Secret Life of Pets 2,Comedy,6.6,3467
96,2015-10-23,The Last Witch Hunter,80000000,27367660,130818912,10,2015,50818912,63.52364,tt1618442,The Last Witch Hunter,Action,6.0,86118
96,2015-10-23,The Last Witch Hunter,80000000,27367660,130818912,10,2015,50818912,63.52364,tt1618442,The Last Witch Hunter,Adventure,6.0,86118
96,2015-10-23,The Last Witch Hunter,80000000,27367660,130818912,10,2015,50818912,63.52364,tt1618442,The Last Witch Hunter,Fantasy,6.0,86118
97,2014-02-21,Pompeii,80000000,23169033,108469033,2,2014,28469033,35.58629125,tt1921064,Pompeii,Action,5.5,100467
97,2014-02-21,Pompeii,80000000,23169033,108469033,2,2014,28469033,35.58629125,tt1921064,Pompeii,Adventure,5.5,100467
97,2014-02-21,Pompeii,80000000,23169033,108469033,2,2014,28469033,35.58629125,tt1921064,Pompeii,Drama,5.5,100467
10,2012-02-10,Journey 2: The Mysterious Island,79000000,103860290,318146162,2,2012,239146162,302.71666075949366,tt1397514,Journey 2: The Mysterious Island,Action,5.8,83507
10,2012-02-10,Journey 2: The Mysterious Island,79000000,103860290,318146162,2,2012,239146162,302.71666075949366,tt1397514,Journey 2: The Mysterious Island,Adventure,5.8,83507
10,2012-02-10,Journey 2: The Mysterious Island,79000000,103860290,318146162,2,2012,239146162,302.71666075949366,tt1397514,Journey 2: The Mysterious Island,Comedy,5.8,83507
11,2011-11-11,Jack and Jill,79000000,74158157,150519217,11,2011,71519217,90.53065443037974,tt0810913,Jack and Jill,Comedy,3.3,71361
13,2013-09-27,Cloudy with a Chance of Meatballs 2,78000000,119793567,274392649,9,2013,196392649,251.78544743589745,tt1985966,Cloudy with a Chance of Meatballs 2,Adventure,6.4,81010
13,2013-09-27,Cloudy with a Chance of Meatballs 2,78000000,119793567,274392649,9,2013,196392649,251.78544743589745,tt1985966,Cloudy with a Chance of Meatballs 2,Animation,6.4,81010
13,2013-09-27,Cloudy with a Chance of Meatballs 2,78000000,119793567,274392649,9,2013,196392649,251.78544743589745,tt1985966,Cloudy with a Chance of Meatballs 2,Comedy,6.4,81010
19,2016-02-12,The Little Prince,77500000,1311213,102028919,2,2016,24528919,31.650218064516128,tt10075374,The Little Prince,Action,8.3,6
19,2016-02-12,The Little Prince,77500000,1311213,102028919,2,2016,24528919,31.650218064516128,tt1754656,The Little Prince,Adventure,7.7,50015
19,2016-02-12,The Little Prince,77500000,1311213,102028919,2,2016,24528919,31.650218064516128,tt1754656,The Little Prince,Animation,7.7,50015
19,2016-02-12,The Little Prince,77500000,1311213,102028919,2,2016,24528919,31.650218064516128,tt1754656,The Little Prince,Drama,7.7,50015
19,2016-02-12,The Little Prince,77500000,1311213,102028919,2,2016,24528919,31.650218064516128,tt5317732,The Little Prince,Documentary,7.8,6
21,2018-07-20,The Equalizer 2,77000000,102084362,190453132,7,2018,113453132,147.34172987012988,tt3766354,The Equalizer 2,Action,6.7,97963
21,2018-07-20,The Equalizer 2,77000000,102084362,190453132,7,2018,113453132,147.34172987012988,tt3766354,The Equalizer 2,Crime,6.7,97963
21,2018-07-20,The Equalizer 2,77000000,102084362,190453132,7,2018,113453132,147.34172987012988,tt3766354,The Equalizer 2,Thriller,6.7,97963
22,2013-07-03,Despicable Me 2,76000000,368065385,975216835,7,2013,899216835,1183.1800460526315,tt1690953,Despicable Me 2,Adventure,7.4,344230
22,2013-07-03,Despicable Me 2,76000000,368065385,975216835,7,2013,899216835,1183.1800460526315,tt1690953,Despicable Me 2,Animation,7.4,344230
22,2013-07-03,Despicable Me 2,76000000,368065385,975216835,7,2013,899216835,1183.1800460526315,tt1690953,Despicable Me 2,Comedy,7.4,344230
26,2016-07-08,The Secret Life of Pets,75000000,368384330,886750534,7,2016,811750534,1082.3340453333333,tt2709768,The Secret Life of Pets,Adventure,6.5,161997
26,2016-07-08,The Secret Life of Pets,75000000,368384330,886750534,7,2016,811750534,1082.3340453333333,tt2709768,The Secret Life of Pets,Animation,6.5,161997
26,2016-07-08,The Secret Life of Pets,75000000,368384330,886750534,7,2016,811750534,1082.3340453333333,tt2709768,The Secret Life of Pets,Comedy,6.5,161997
29,2016-12-21,Sing,75000000,270329045,634454789,12,2016,559454789,745.9397186666667,tt3470600,Sing,Animation,7.1,115951
29,2016-12-21,Sing,75000000,270329045,634454789,12,2016,559454789,745.9397186666667,tt3470600,Sing,Comedy,7.1,115951
29,2016-12-21,Sing,75000000,270329045,634454789,12,2016,559454789,745.9397186666667,tt3470600,Sing,Family,7.1,115951
30,2017-06-30,Despicable Me 3,75000000,264624300,1034727750,6,2017,959727750,1279.637,tt3469046,Despicable Me 3,Adventure,6.3,92580
30,2017-06-30,Despicable Me 3,75000000,264624300,1034727750,6,2017,959727750,1279.637,tt3469046,Despicable Me 3,Animation,6.3,92580
30,2017-06-30,Despicable Me 3,75000000,264624300,1034727750,6,2017,959727750,1279.637,tt3469046,Despicable Me 3,Comedy,6.3,92580
34,2010-06-25,Grown Ups,75000000,162001186,272223430,6,2010,197223430,262.9645733333333,tt1375670,Grown Ups,Comedy,6.0,210377
41,2013-05-31,Now You See Me,75000000,117723989,342769200,5,2013,267769200,357.0256,tt1670345,Now You See Me,Crime,7.3,553156
41,2013-05-31,Now You See Me,75000000,117723989,342769200,5,2013,267769200,357.0256,tt1670345,Now You See Me,Mystery,7.3,553156
41,2013-05-31,Now You See Me,75000000,117723989,342769200,5,2013,267769200,357.0256,tt1670345,Now You See Me,Thriller,7.3,553156
41,2013-05-31,Now You See Me,75000000,117723989,342769200,5,2013,267769200,357.0256,tt2221640,Now You See Me,Drama,7.0,237
41,2013-05-31,Now You See Me,75000000,117723989,342769200,5,2013,267769200,357.0256,tt2221640,Now You See Me,Horror,7.0,237
41,2013-05-31,Now You See Me,75000000,117723989,342769200,5,2013,267769200,357.0256,tt2221640,Now You See Me,Thriller,7.0,237
43,2018-08-03,Christopher Robin,75000000,99215042,197504758,8,2018,122504758,163.33967733333338,tt4575576,Christopher Robin,Adventure,7.3,52737
43,2018-08-03,Christopher Robin,75000000,99215042,197504758,8,2018,122504758,163.33967733333338,tt4575576,Christopher Robin,Animation,7.3,52737
43,2018-08-03,Christopher Robin,75000000,99215042,197504758,8,2018,122504758,163.33967733333338,tt4575576,Christopher Robin,Comedy,7.3,52737
45,2011-11-11,Immortals,75000000,83504017,211562435,11,2011,136562435,182.08324666666667,tt1253864,Immortals,Action,6.0,152992
45,2011-11-11,Immortals,75000000,83504017,211562435,11,2011,136562435,182.08324666666667,tt1253864,Immortals,Drama,6.0,152992
45,2011-11-11,Immortals,75000000,83504017,211562435,11,2011,136562435,182.08324666666667,tt1253864,Immortals,Fantasy,6.0,152992
54,2010-06-04,Killers,75000000,47059963,95572749,6,2010,20572749,27.430332,tt1103153,Killers,Action,5.4,82237
54,2010-06-04,Killers,75000000,47059963,95572749,6,2010,20572749,27.430332,tt1103153,Killers,Comedy,5.4,82237
54,2010-06-04,Killers,75000000,47059963,95572749,6,2010,20572749,27.430332,tt1103153,Killers,Romance,5.4,82237
54,2010-06-04,Killers,75000000,47059963,95572749,6,2010,20572749,27.430332,tt2409300,Killers,Action,6.5,4472
54,2010-06-04,Killers,75000000,47059963,95572749,6,2010,20572749,27.430332,tt2409300,Killers,Crime,6.5,4472
54,2010-06-04,Killers,75000000,47059963,95572749,6,2010,20572749,27.430332,tt2409300,Killers,Drama,6.5,4472
62,2011-03-25,Sucker Punch,75000000,36392502,89758389,3,2011,14758389,19.677851999999998,tt0978764,Sucker Punch,Action,6.1,218371
62,2011-03-25,Sucker Punch,75000000,36392502,89758389,3,2011,14758389,19.677851999999998,tt0978764,Sucker Punch,Adventure,6.1,218371
62,2011-03-25,Sucker Punch,75000000,36392502,89758389,3,2011,14758389,19.677851999999998,tt0978764,Sucker Punch,Fantasy,6.1,218371
64,2016-10-28,Inferno,75000000,34343574,219519367,10,2016,144519367,192.69248933333333,tt1686470,Inferno,Thriller,6.3,50
64,2016-10-28,Inferno,75000000,34343574,219519367,10,2016,144519367,192.69248933333333,tt3062096,Inferno,Action,6.2,138978
64,2016-10-28,Inferno,75000000,34343574,219519367,10,2016,144519367,192.69248933333333,tt3062096,Inferno,Adventure,6.2,138978
64,2016-10-28,Inferno,75000000,34343574,219519367,10,2016,144519367,192.69248933333333,tt3062096,Inferno,Crime,6.2,138978
64,2016-10-28,Inferno,75000000,34343574,219519367,10,2016,144519367,192.69248933333333,tt3219106,Inferno,Drama,6.3,183
73,2015-07-10,Minions,74000000,336045770,1160336173,7,2015,1086336173,1468.0218554054056,tt2293640,Minions,Adventure,6.4,193917
73,2015-07-10,Minions,74000000,336045770,1160336173,7,2015,1086336173,1468.0218554054056,tt2293640,Minions,Animation,6.4,193917
73,2015-07-10,Minions,74000000,336045770,1160336173,7,2015,1086336173,1468.0218554054056,tt2293640,Minions,Comedy,6.4,193917
74,2015-02-06,The SpongeBob Movie: Sponge Out of Water,74000000,162994032,311013181,2,2015,237013181,320.28808243243236,tt2279373,The SpongeBob Movie: Sponge Out of Water,Adventure,6.0,43560
74,2015-02-06,The SpongeBob Movie: Sponge Out of Water,74000000,162994032,311013181,2,2015,237013181,320.28808243243236,tt2279373,The SpongeBob Movie: Sponge Out of Water,Animation,6.0,43560
74,2015-02-06,The SpongeBob Movie: Sponge Out of Water,74000000,162994032,311013181,2,2015,237013181,320.28808243243236,tt2279373,The SpongeBob Movie: Sponge Out of Water,Comedy,6.0,43560
77,2016-05-20,The Angry Birds Movie,73000000,107509366,352327887,5,2016,279327887,382.64094109589035,tt1985949,The Angry Birds Movie,Action,6.3,69624
77,2016-05-20,The Angry Birds Movie,73000000,107509366,352327887,5,2016,279327887,382.64094109589035,tt1985949,The Angry Birds Movie,Animation,6.3,69624
77,2016-05-20,The Angry Birds Movie,73000000,107509366,352327887,5,2016,279327887,382.64094109589035,tt1985949,The Angry Birds Movie,Comedy,6.3,69624
9,2013-03-22,Olympus Has Fallen,70000000,98927592,172878928,3,2013,102878928,146.96989714285715,tt2302755,Olympus Has Fallen,Action,6.5,235443
9,2013-03-22,Olympus Has Fallen,70000000,98927592,172878928,3,2013,102878928,146.96989714285715,tt2302755,Olympus Has Fallen,Thriller,6.5,235443
12,2011-12-25,War Horse,70000000,79883359,156815529,12,2011,86815529,124.02218428571429,tt1568911,War Horse,Drama,7.2,136447
12,2011-12-25,War Horse,70000000,79883359,156815529,12,2011,86815529,124.02218428571429,tt1568911,War Horse,History,7.2,136447
12,2011-12-25,War Horse,70000000,79883359,156815529,12,2011,86815529,124.02218428571429,tt1568911,War Horse,War,7.2,136447
12,2011-12-25,War Horse,70000000,79883359,156815529,12,2011,86815529,124.02218428571429,tt3313072,War Horse,Drama,8.6,143
14,2014-02-07,The Monuments Men,70000000,78031620,158702748,2,2014,88702748,126.71821142857141,tt2177771,The Monuments Men,Comedy,6.1,117638
14,2014-02-07,The Monuments Men,70000000,78031620,158702748,2,2014,88702748,126.71821142857141,tt2177771,The Monuments Men,Drama,6.1,117638
14,2014-02-07,The Monuments Men,70000000,78031620,158702748,2,2014,88702748,126.71821142857141,tt2177771,The Monuments Men,History,6.1,117638
15,2016-09-23,Storks,70000000,72679278,183353431,9,2016,113353431,161.93347285714285,tt4624424,Storks,Adventure,6.8,50448
15,2016-09-23,Storks,70000000,72679278,183353431,9,2016,113353431,161.93347285714285,tt4624424,Storks,Animation,6.8,50448
15,2016-09-23,Storks,70000000,72679278,183353431,9,2016,113353431,161.93347285714285,tt4624424,Storks,Comedy,6.8,50448
20,2017-09-22,The Lego Ninjago Movie,70000000,59281555,122737201,9,2017,52737201,75.33885857142856,tt3014284,The Lego Ninjago Movie,Action,6.0,18926
20,2017-09-22,The Lego Ninjago Movie,70000000,59281555,122737201,9,2017,52737201,75.33885857142856,tt3014284,The Lego Ninjago Movie,Adventure,6.0,18926
20,2017-09-22,The Lego Ninjago Movie,70000000,59281555,122737201,9,2017,52737201,75.33885857142856,tt3014284,The Lego Ninjago Movie,Animation,6.0,18926
21,2014-10-10,Dracula Untold,70000000,55991880,220241723,10,2014,150241723,214.63103285714286,tt0829150,Dracula Untold,Action,6.3,164829
21,2014-10-10,Dracula Untold,70000000,55991880,220241723,10,2014,150241723,214.63103285714286,tt0829150,Dracula Untold,Drama,6.3,164829
21,2014-10-10,Dracula Untold,70000000,55991880,220241723,10,2014,150241723,214.63103285714286,tt0829150,Dracula Untold,Fantasy,6.3,164829
25,2011-01-14,The Dilemma,70000000,48475290,70546865,1,2011,546865,0.7812357142857143,tt1578275,The Dilemma,Comedy,5.3,48148
25,2011-01-14,The Dilemma,70000000,48475290,70546865,1,2011,546865,0.7812357142857143,tt1578275,The Dilemma,Drama,5.3,48148
29,2012-06-15,Rock of Ages,70000000,38518613,61031932,6,2012,-8968068,-12.811525714285715,tt1336608,Rock of Ages,Comedy,5.9,69910
29,2012-06-15,Rock of Ages,70000000,38518613,61031932,6,2012,-8968068,-12.811525714285715,tt1336608,Rock of Ages,Drama,5.9,69910
29,2012-06-15,Rock of Ages,70000000,38518613,61031932,6,2012,-8968068,-12.811525714285715,tt1336608,Rock of Ages,Musical,5.9,69910
36,2016-01-29,The Finest Hours,70000000,27569558,49252761,1,2016,-20747239,-29.638912857142852,tt2025690,The Finest Hours,Action,6.8,55981
36,2016-01-29,The Finest Hours,70000000,27569558,49252761,1,2016,-20747239,-29.638912857142852,tt2025690,The Finest Hours,Drama,6.8,55981
36,2016-01-29,The Finest Hours,70000000,27569558,49252761,1,2016,-20747239,-29.638912857142852,tt2025690,The Finest Hours,History,6.8,55981
37,2013-10-18,Escape Plan,70000000,25135965,103735965,10,2013,33735965,48.19423571428572,tt1211956,Escape Plan,Action,6.7,211587
37,2013-10-18,Escape Plan,70000000,25135965,103735965,10,2013,33735965,48.19423571428572,tt1211956,Escape Plan,Crime,6.7,211587
37,2013-10-18,Escape Plan,70000000,25135965,103735965,10,2013,33735965,48.19423571428572,tt1211956,Escape Plan,Mystery,6.7,211587
38,2011-09-23,Killer Elite,70000000,25124986,65409046,9,2011,-4590954,-6.5585057142857135,tt1448755,Killer Elite,Action,6.5,117711
38,2011-09-23,Killer Elite,70000000,25124986,65409046,9,2011,-4590954,-6.5585057142857135,tt1448755,Killer Elite,Crime,6.5,117711
38,2011-09-23,Killer Elite,70000000,25124986,65409046,9,2011,-4590954,-6.5585057142857135,tt1448755,Killer Elite,Thriller,6.5,117711
42,2014-01-10,The Legend of Hercules,70000000,18848538,58953319,1,2014,-11046681,-15.780972857142858,tt1043726,The Legend of Hercules,Action,4.2,50352
42,2014-01-10,The Legend of Hercules,70000000,18848538,58953319,1,2014,-11046681,-15.780972857142858,tt1043726,The Legend of Hercules,Adventure,4.2,50352
42,2014-01-10,The Legend of Hercules,70000000,18848538,58953319,1,2014,-11046681,-15.780972857142858,tt1043726,The Legend of Hercules,Fantasy,4.2,50352
47,2015-01-16,Blackhat,70000000,8005980,19665004,1,2015,-50334996,-71.90713714285717,tt2717822,Blackhat,Action,5.4,48427
47,2015-01-16,Blackhat,70000000,8005980,19665004,1,2015,-50334996,-71.90713714285717,tt2717822,Blackhat,Crime,5.4,48427
47,2015-01-16,Blackhat,70000000,8005980,19665004,1,2015,-50334996,-71.90713714285717,tt2717822,Blackhat,Thriller,5.4,48427
50,2010-07-09,Despicable Me,69000000,251513985,543464573,7,2010,474464573,687.6298159420288,tt1323594,Despicable Me,Animation,7.7,464511
50,2010-07-09,Despicable Me,69000000,251513985,543464573,7,2010,474464573,687.6298159420288,tt1323594,Despicable Me,Comedy,7.7,464511
50,2010-07-09,Despicable Me,69000000,251513985,543464573,7,2010,474464573,687.6298159420288,tt1323594,Despicable Me,Family,7.7,464511
51,2010-07-30,Dinner for Schmucks,69000000,73026337,86796502,7,2010,17796502,25.79203188405797,tt0427152,Dinner for Schmucks,Comedy,5.9,91546
52,2018-03-02,Red Sparrow,69000000,46874505,145951861,3,2018,76951861,111.52443623188408,tt2873282,Red Sparrow,Action,6.6,136738
52,2018-03-02,Red Sparrow,69000000,46874505,145951861,3,2018,76951861,111.52443623188408,tt2873282,Red Sparrow,Drama,6.6,136738
52,2018-03-02,Red Sparrow,69000000,46874505,145951861,3,2018,76951861,111.52443623188408,tt2873282,Red Sparrow,Thriller,6.6,136738
53,2010-06-30,The Twilight Saga: Eclipse,68000000,300531751,706102828,6,2010,638102828,938.3865117647058,tt1325004,The Twilight Saga: Eclipse,Adventure,5.0,211733
53,2010-06-30,The Twilight Saga: Eclipse,68000000,300531751,706102828,6,2010,638102828,938.3865117647058,tt1325004,The Twilight Saga: Eclipse,Drama,5.0,211733
53,2010-06-30,The Twilight Saga: Eclipse,68000000,300531751,706102828,6,2010,638102828,938.3865117647058,tt1325004,The Twilight Saga: Eclipse,Fantasy,5.0,211733
55,2015-06-26,Ted 2,68000000,81476385,217214143,6,2015,149214143,219.43256323529408,tt2637276,Ted 2,Comedy,6.3,165843
57,2011-02-25,Hall Pass,68000000,45060734,87173475,2,2011,19173475,28.196286764705878,tt0480687,Hall Pass,Comedy,5.9,113775
57,2011-02-25,Hall Pass,68000000,45060734,87173475,2,2011,19173475,28.196286764705878,tt0480687,Hall Pass,Romance,5.9,113775
62,2017-12-22,Downsizing,68000000,24449754,54462971,12,2017,-13537029,-19.907395588235293,tt1389072,Downsizing,Drama,5.7,74815
62,2017-12-22,Downsizing,68000000,24449754,54462971,12,2017,-13537029,-19.907395588235293,tt1389072,Downsizing,Sci-Fi,5.7,74815
65,2012-06-22,Abraham Lincoln: Vampire Hunter,67500000,37519139,137489730,6,2012,69989730,103.68848888888887,tt1611224,Abraham Lincoln: Vampire Hunter,Action,5.9,142853
65,2012-06-22,Abraham Lincoln: Vampire Hunter,67500000,37519139,137489730,6,2012,69989730,103.68848888888887,tt1611224,Abraham Lincoln: Vampire Hunter,Fantasy,5.9,142853
65,2012-06-22,Abraham Lincoln: Vampire Hunter,67500000,37519139,137489730,6,2012,69989730,103.68848888888887,tt1611224,Abraham Lincoln: Vampire Hunter,Horror,5.9,142853
70,2014-03-14,Need for Speed,66000000,43568507,194169619,3,2014,128169619,194.1963924242424,tt2369135,Need for Speed,Action,6.5,154909
70,2014-03-14,Need for Speed,66000000,43568507,194169619,3,2014,128169619,194.1963924242424,tt2369135,Need for Speed,Crime,6.5,154909
70,2014-03-14,Need for Speed,66000000,43568507,194169619,3,2014,128169619,194.1963924242424,tt2369135,Need for Speed,Thriller,6.5,154909
73,2012-11-09,Lincoln,65000000,182207973,273346281,11,2012,208346281,320.53274,tt0443272,Lincoln,Biography,7.4,228701
73,2012-11-09,Lincoln,65000000,182207973,273346281,11,2012,208346281,320.53274,tt0443272,Lincoln,Drama,7.4,228701
73,2012-11-09,Lincoln,65000000,182207973,273346281,11,2012,208346281,320.53274,tt0443272,Lincoln,History,7.4,228701
77,2018-07-13,Hotel Transylvania 3: Summer Vacation,65000000,167500092,527079962,7,2018,462079962,710.8922492307692,tt5220122,Hotel Transylvania 3: Summer Vacation,Adventure,6.3,42299
77,2018-07-13,Hotel Transylvania 3: Summer Vacation,65000000,167500092,527079962,7,2018,462079962,710.8922492307692,tt5220122,Hotel Transylvania 3: Summer Vacation,Animation,6.3,42299
77,2018-07-13,Hotel Transylvania 3: Summer Vacation,65000000,167500092,527079962,7,2018,462079962,710.8922492307692,tt5220122,Hotel Transylvania 3: Summer Vacation,Comedy,6.3,42299
82,2014-12-25,Unbroken,65000000,115637895,163527824,12,2014,98527824,151.58126769230768,tt1809398,Unbroken,Biography,7.2,129981
82,2014-12-25,Unbroken,65000000,115637895,163527824,12,2014,98527824,151.58126769230768,tt1809398,Unbroken,Drama,7.2,129981
82,2014-12-25,Unbroken,65000000,115637895,163527824,12,2014,98527824,151.58126769230768,tt1809398,Unbroken,Sport,7.2,129981
84,2010-11-05,Due Date,65000000,100539043,211739043,11,2010,146739043,225.75237384615383,tt1231583,Due Date,Adventure,6.5,303523
84,2010-11-05,Due Date,65000000,100539043,211739043,11,2010,146739043,225.75237384615383,tt1231583,Due Date,Comedy,6.5,303523
89,2014-12-19,Annie,65000000,85911262,139829625,12,2014,74829625,115.1225,tt1823664,Annie,Comedy,5.3,31241
89,2014-12-19,Annie,65000000,85911262,139829625,12,2014,74829625,115.1225,tt1823664,Annie,Drama,5.3,31241
89,2014-12-19,Annie,65000000,85911262,139829625,12,2014,74829625,115.1225,tt1823664,Annie,Family,5.3,31241
96,2012-05-16,The Dictator,65000000,59650222,180148897,5,2012,115148897,177.15214923076923,tt1645170,The Dictator,Comedy,6.4,250976
98,2012-02-17,This Means War,65000000,54760791,156974557,2,2012,91974557,141.49931846153848,tt1596350,This Means War,Action,6.3,167438
98,2012-02-17,This Means War,65000000,54760791,156974557,2,2012,91974557,141.49931846153848,tt1596350,This Means War,Comedy,6.3,167438
98,2012-02-17,This Means War,65000000,54760791,156974557,2,2012,91974557,141.49931846153848,tt1596350,This Means War,Romance,6.3,167438
99,2015-02-27,Focus,65000000,53862963,168065700,2,2015,103065700,158.56261538461538,tt2381941,Focus,Comedy,6.6,192147
99,2015-02-27,Focus,65000000,53862963,168065700,2,2015,103065700,158.56261538461538,tt2381941,Focus,Crime,6.6,192147
99,2015-02-27,Focus,65000000,53862963,168065700,2,2015,103065700,158.56261538461538,tt2381941,Focus,Drama,6.6,192147
99,2015-02-27,Focus,65000000,53862963,168065700,2,2015,103065700,158.56261538461538,tt2949588,Focus,Comedy,6.8,54
1,2012-11-21,Red Dawn,65000000,44806783,48164150,11,2012,-16835850,-25.901307692307693,tt1234719,Red Dawn,Action,5.4,69599
1,2012-11-21,Red Dawn,65000000,44806783,48164150,11,2012,-16835850,-25.901307692307693,tt1234719,Red Dawn,Sci-Fi,5.4,69599
1,2012-11-21,Red Dawn,65000000,44806783,48164150,11,2012,-16835850,-25.901307692307693,tt1234719,Red Dawn,Thriller,5.4,69599
3,2015-09-18,Everest,65000000,43482270,221297061,9,2015,156297061,240.4570169230769,tt2719848,Everest,Action,7.1,181133
3,2015-09-18,Everest,65000000,43482270,221297061,9,2015,156297061,240.4570169230769,tt2719848,Everest,Adventure,7.1,181133
3,2015-09-18,Everest,65000000,43482270,221297061,9,2015,156297061,240.4570169230769,tt2719848,Everest,Biography,7.1,181133
4,2012-09-14,Resident Evil: Retribution,65000000,42345531,240647629,9,2012,175647629,270.22712153846163,tt1855325,Resident Evil: Retribution,Action,5.4,125191
4,2012-09-14,Resident Evil: Retribution,65000000,42345531,240647629,9,2012,175647629,270.22712153846163,tt1855325,Resident Evil: Retribution,Horror,5.4,125191
4,2012-09-14,Resident Evil: Retribution,65000000,42345531,240647629,9,2012,175647629,270.22712153846163,tt1855325,Resident Evil: Retribution,Sci-Fi,5.4,125191
14,2014-01-24,"I, Frankenstein",65000000,19075290,74575290,1,2014,9575290,14.731215384615385,tt1418377,"I, Frankenstein",Action,5.1,74910
14,2014-01-24,"I, Frankenstein",65000000,19075290,74575290,1,2014,9575290,14.731215384615385,tt1418377,"I, Frankenstein",Fantasy,5.1,74910
14,2014-01-24,"I, Frankenstein",65000000,19075290,74575290,1,2014,9575290,14.731215384615385,tt1418377,"I, Frankenstein",Horror,5.1,74910
16,2014-08-22,Sin City: A Dame to Kill For,65000000,13757804,40650842,8,2014,-24349158,-37.46024307692308,tt0458481,Sin City: A Dame to Kill For,Crime,6.5,140666
16,2014-08-22,Sin City: A Dame to Kill For,65000000,13757804,40650842,8,2014,-24349158,-37.46024307692308,tt0458481,Sin City: A Dame to Kill For,Thriller,6.5,140666
17,2016-12-25,Live by Night,65000000,10378555,21774432,12,2016,-43225568,-66.50087384615384,tt2361317,Live by Night,Action,6.4,47243
17,2016-12-25,Live by Night,65000000,10378555,21774432,12,2016,-43225568,-66.50087384615384,tt2361317,Live by Night,Crime,6.4,47243
17,2016-12-25,Live by Night,65000000,10378555,21774432,12,2016,-43225568,-66.50087384615384,tt2361317,Live by Night,Drama,6.4,47243
21,2018-10-26,Air Strike,65000000,0,516279,10,2018,-64483721,-99.2057246153846,tt4743226,Air Strike,Action,3.3,2536
21,2018-10-26,Air Strike,65000000,0,516279,10,2018,-64483721,-99.2057246153846,tt4743226,Air Strike,Adventure,3.3,2536
21,2018-10-26,Air Strike,65000000,0,516279,10,2018,-64483721,-99.2057246153846,tt4743226,Air Strike,Drama,3.3,2536
27,2011-04-01,Hop,63000000,108085305,188657593,4,2011,125657593,199.45649682539684,tt1411704,Hop,Adventure,5.4,28893
27,2011-04-01,Hop,63000000,108085305,188657593,4,2011,125657593,199.45649682539684,tt1411704,Hop,Animation,5.4,28893
27,2011-04-01,Hop,63000000,108085305,188657593,4,2011,125657593,199.45649682539684,tt1411704,Hop,Comedy,5.4,28893
28,2017-09-15,American Assassin,63000000,36249674,68310140,9,2017,5310140,8.42879365079365,tt1961175,American Assassin,Action,6.2,57793
28,2017-09-15,American Assassin,63000000,36249674,68310140,9,2017,5310140,8.42879365079365,tt1961175,American Assassin,Thriller,6.2,57793
33,2015-12-25,The Hateful Eight,62000000,54117416,147864886,12,2015,85864886,138.49175161290324,tt3460252,The Hateful Eight,Crime,7.8,434966
33,2015-12-25,The Hateful Eight,62000000,54117416,147864886,12,2015,85864886,138.49175161290324,tt3460252,The Hateful Eight,Drama,7.8,434966
33,2015-12-25,The Hateful Eight,62000000,54117416,147864886,12,2015,85864886,138.49175161290324,tt3460252,The Hateful Eight,Mystery,7.8,434966
36,2014-10-03,Gone Girl,61000000,167767189,368567189,10,2014,307567189,504.20850655737706,tt2267998,Gone Girl,Drama,8.1,761592
36,2014-10-03,Gone Girl,61000000,167767189,368567189,10,2014,307567189,504.20850655737706,tt2267998,Gone Girl,Mystery,8.1,761592
36,2014-10-03,Gone Girl,61000000,167767189,368567189,10,2014,307567189,504.20850655737706,tt2267998,Gone Girl,Thriller,8.1,761592
38,2015-09-18,Maze Runner: The Scorch Trials,61000000,81697192,310566162,9,2015,249566162,409.1248557377049,tt4046784,Maze Runner: The Scorch Trials,Action,6.3,201143
38,2015-09-18,Maze Runner: The Scorch Trials,61000000,81697192,310566162,9,2015,249566162,409.1248557377049,tt4046784,Maze Runner: The Scorch Trials,Sci-Fi,6.3,201143
38,2015-09-18,Maze Runner: The Scorch Trials,61000000,81697192,310566162,9,2015,249566162,409.1248557377049,tt4046784,Maze Runner: The Scorch Trials,Thriller,6.3,201143
39,2013-08-02,2 Guns,61000000,75612460,132493015,8,2013,71493015,117.20166393442624,tt1272878,2 Guns,Action,6.7,182025
39,2013-08-02,2 Guns,61000000,75612460,132493015,8,2013,71493015,117.20166393442624,tt1272878,2 Guns,Comedy,6.7,182025
39,2013-08-02,2 Guns,61000000,75612460,132493015,8,2013,71493015,117.20166393442624,tt1272878,2 Guns,Crime,6.7,182025
44,2014-02-07,The Lego Movie,60000000,257784718,457729388,2,2014,397729388,662.8823133333333,tt1490017,The Lego Movie,Action,7.8,304179
44,2014-02-07,The Lego Movie,60000000,257784718,457729388,2,2014,397729388,662.8823133333333,tt1490017,The Lego Movie,Adventure,7.8,304179
44,2014-02-07,The Lego Movie,60000000,257784718,457729388,2,2014,397729388,662.8823133333333,tt1490017,The Lego Movie,Animation,7.8,304179
50,2016-09-09,Sully,60000000,125070033,238524556,9,2016,178524556,297.5409266666667,tt3263904,Sully,Biography,7.5,202718
50,2016-09-09,Sully,60000000,125070033,238524556,9,2016,178524556,297.5409266666667,tt3263904,Sully,Drama,7.5,202718
63,2010-10-15,Red,60000000,90380162,196439693,10,2010,136439693,227.3994883333333,tt2181948,Red,Thriller,5.8,9
63,2010-10-15,Red,60000000,90380162,196439693,10,2010,136439693,227.3994883333333,tt4170206,Red,Drama,8.4,8
63,2010-10-15,Red,60000000,90380162,196439693,10,2010,136439693,227.3994883333333,tt8851190,Red,Drama,8.1,26
67,2010-08-13,Eat Pray Love,60000000,80574010,206598789,8,2010,146598789,244.331315,tt0879870,Eat Pray Love,Drama,5.8,77709
67,2010-08-13,Eat Pray Love,60000000,80574010,206598789,8,2010,146598789,244.331315,tt0879870,Eat Pray Love,Romance,5.8,77709
68,2012-12-21,Jack Reacher,60000000,80070736,217370736,12,2012,157370736,262.28456,tt0790724,Jack Reacher,Action,7.0,284547
68,2012-12-21,Jack Reacher,60000000,80070736,217370736,12,2012,157370736,262.28456,tt0790724,Jack Reacher,Crime,7.0,284547
68,2012-12-21,Jack Reacher,60000000,80070736,217370736,12,2012,157370736,262.28456,tt0790724,Jack Reacher,Thriller,7.0,284547
71,2011-09-09,Contagion,60000000,75658097,137551594,9,2011,77551594,129.25265666666667,tt1598778,Contagion,Action,6.6,201536
71,2011-09-09,Contagion,60000000,75658097,137551594,9,2011,77551594,129.25265666666667,tt1598778,Contagion,Drama,6.6,201536
71,2011-09-09,Contagion,60000000,75658097,137551594,9,2011,77551594,129.25265666666667,tt1598778,Contagion,Thriller,6.6,201536
80,2016-03-04,London Has Fallen,60000000,62524260,195194085,3,2016,135194085,225.323475,tt3300542,London Has Fallen,Action,5.9,124757
80,2016-03-04,London Has Fallen,60000000,62524260,195194085,3,2016,135194085,225.323475,tt3300542,London Has Fallen,Thriller,5.9,124757
85,2016-10-21,Jack Reacher: Never Go Back,60000000,58697076,159946489,10,2016,99946489,166.57748166666667,tt3393786,Jack Reacher: Never Go Back,Action,6.1,121892
85,2016-10-21,Jack Reacher: Never Go Back,60000000,58697076,159946489,10,2016,99946489,166.57748166666667,tt3393786,Jack Reacher: Never Go Back,Thriller,6.1,121892
86,2017-05-25,Baywatch,60000000,58060186,175863783,5,2017,115863783,193.106305,tt1469304,Baywatch,Action,5.6,137528
86,2017-05-25,Baywatch,60000000,58060186,175863783,5,2017,115863783,193.106305,tt1469304,Baywatch,Comedy,5.6,137528
86,2017-05-25,Baywatch,60000000,58060186,175863783,5,2017,115863783,193.106305,tt1469304,Baywatch,Crime,5.6,137528
88,2015-12-25,Joy,60000000,56451232,101134059,12,2015,41134059,68.556765,tt1465490,Joy,Drama,6.1,233
88,2015-12-25,Joy,60000000,56451232,101134059,12,2015,41134059,68.556765,tt2446980,Joy,Drama,6.6,118086
88,2015-12-25,Joy,60000000,56451232,101134059,12,2015,41134059,68.556765,tt2495188,Joy,,5.8,28
88,2015-12-25,Joy,60000000,56451232,101134059,12,2015,41134059,68.556765,tt6180144,Joy,Drama,7.1,34
88,2015-12-25,Joy,60000000,56451232,101134059,12,2015,41134059,68.556765,tt8917752,Joy,Drama,6.5,430
89,2012-08-17,ParaNorman,60000000,56003051,108119662,8,2012,48119662,80.19943666666667,tt1623288,ParaNorman,Adventure,7.0,87250
89,2012-08-17,ParaNorman,60000000,56003051,108119662,8,2012,48119662,80.19943666666667,tt1623288,ParaNorman,Animation,7.0,87250
89,2012-08-17,ParaNorman,60000000,56003051,108119662,8,2012,48119662,80.19943666666667,tt1623288,ParaNorman,Comedy,7.0,87250
94,2014-09-26,The Boxtrolls,60000000,50837305,111946251,9,2014,51946251,86.577085,tt0787474,The Boxtrolls,Adventure,6.8,50763
94,2014-09-26,The Boxtrolls,60000000,50837305,111946251,9,2014,51946251,86.577085,tt0787474,The Boxtrolls,Animation,6.8,50763
94,2014-09-26,The Boxtrolls,60000000,50837305,111946251,9,2014,51946251,86.577085,tt0787474,The Boxtrolls,Comedy,6.8,50763
95,2017-08-04,The Dark Tower,60000000,50701325,113461527,8,2017,53461527,89.10254499999999,tt1648190,The Dark Tower,Action,5.7,107518
95,2017-08-04,The Dark Tower,60000000,50701325,113461527,8,2017,53461527,89.10254499999999,tt1648190,The Dark Tower,Adventure,5.7,107518
95,2017-08-04,The Dark Tower,60000000,50701325,113461527,8,2017,53461527,89.10254499999999,tt1648190,The Dark Tower,Fantasy,5.7,107518
97,2014-01-17,Jack Ryan: Shadow Recruit,60000000,50577412,131377412,1,2014,71377412,118.96235333333334,tt1205537,Jack Ryan: Shadow Recruit,Action,6.2,114913
97,2014-01-17,Jack Ryan: Shadow Recruit,60000000,50577412,131377412,1,2014,71377412,118.96235333333334,tt1205537,Jack Ryan: Shadow Recruit,Drama,6.2,114913
97,2014-01-17,Jack Ryan: Shadow Recruit,60000000,50577412,131377412,1,2014,71377412,118.96235333333334,tt1205537,Jack Ryan: Shadow Recruit,Thriller,6.2,114913
100,2018-12-25,Vice,60000000,47836282,70883171,12,2018,10883171,18.138618333333334,tt3480796,Vice,Action,4.2,14436
100,2018-12-25,Vice,60000000,47836282,70883171,12,2018,10883171,18.138618333333334,tt3480796,Vice,Adventure,4.2,14436
100,2018-12-25,Vice,60000000,47836282,70883171,12,2018,10883171,18.138618333333334,tt3480796,Vice,Sci-Fi,4.2,14436
100,2018-12-25,Vice,60000000,47836282,70883171,12,2018,10883171,18.138618333333334,tt6266538,Vice,Biography,7.2,72855
100,2018-12-25,Vice,60000000,47836282,70883171,12,2018,10883171,18.138618333333334,tt6266538,Vice,Comedy,7.2,72855
100,2018-12-25,Vice,60000000,47836282,70883171,12,2018,10883171,18.138618333333334,tt6266538,Vice,Drama,7.2,72855
4,2013-01-11,Gangster Squad,60000000,46000903,104100903,1,2013,44100903,73.50150500000001,tt1321870,Gangster Squad,Action,6.7,195560
4,2013-01-11,Gangster Squad,60000000,46000903,104100903,1,2013,44100903,73.50150500000001,tt1321870,Gangster Squad,Crime,6.7,195560
4,2013-01-11,Gangster Squad,60000000,46000903,104100903,1,2013,44100903,73.50150500000001,tt1321870,Gangster Squad,Drama,6.7,195560
5,2017-04-07,Smurfs: The Lost Village,60000000,45020282,197578586,4,2017,137578586,229.29764333333333,tt2398241,Smurfs: The Lost Village,Adventure,6.0,15612
5,2017-04-07,Smurfs: The Lost Village,60000000,45020282,197578586,4,2017,137578586,229.29764333333333,tt2398241,Smurfs: The Lost Village,Animation,6.0,15612
5,2017-04-07,Smurfs: The Lost Village,60000000,45020282,197578586,4,2017,137578586,229.29764333333333,tt2398241,Smurfs: The Lost Village,Comedy,6.0,15612
6,2018-10-12,First Man,60000000,44936545,105203825,10,2018,45203825,75.33970833333333,tt1213641,First Man,Biography,7.4,120009
6,2018-10-12,First Man,60000000,44936545,105203825,10,2018,45203825,75.33970833333333,tt1213641,First Man,Drama,7.4,120009
6,2018-10-12,First Man,60000000,44936545,105203825,10,2018,45203825,75.33970833333333,tt1213641,First Man,History,7.4,120009
6,2018-10-12,First Man,60000000,44936545,105203825,10,2018,45203825,75.33970833333333,tt7027210,First Man,Documentary,6.6,186
8,2010-01-29,Edge of Darkness,60000000,43313890,82812456,1,2010,22812456,38.02076,tt1226273,Edge of Darkness,Crime,6.6,84753
8,2010-01-29,Edge of Darkness,60000000,43313890,82812456,1,2010,22812456,38.02076,tt1226273,Edge of Darkness,Drama,6.6,84753
8,2010-01-29,Edge of Darkness,60000000,43313890,82812456,1,2010,22812456,38.02076,tt1226273,Edge of Darkness,Mystery,6.6,84753
18,2012-09-21,Trouble with the Curve,60000000,35763137,47818913,9,2012,-12181087,-20.301811666666666,tt2083383,Trouble with the Curve,Drama,6.8,56129
18,2012-09-21,Trouble with the Curve,60000000,35763137,47818913,9,2012,-12181087,-20.301811666666666,tt2083383,Trouble with the Curve,Sport,6.8,56129
23,2019-02-08,Cold Pursuit,60000000,32138862,62599159,2,2019,2599159,4.331931666666667,tt5719748,Cold Pursuit,Action,6.2,27648
23,2019-02-08,Cold Pursuit,60000000,32138862,62599159,2,2019,2599159,4.331931666666667,tt5719748,Cold Pursuit,Crime,6.2,27648
23,2019-02-08,Cold Pursuit,60000000,32138862,62599159,2,2019,2599159,4.331931666666667,tt5719748,Cold Pursuit,Drama,6.2,27648
26,2013-08-21,The Mortal Instruments: City of Bones,60000000,31165421,75965567,8,2013,15965567,26.609278333333336,tt1538403,The Mortal Instruments: City of Bones,Action,5.9,121936
26,2013-08-21,The Mortal Instruments: City of Bones,60000000,31165421,75965567,8,2013,15965567,26.609278333333336,tt1538403,The Mortal Instruments: City of Bones,Fantasy,5.9,121936
26,2013-08-21,The Mortal Instruments: City of Bones,60000000,31165421,75965567,8,2013,15965567,26.609278333333336,tt1538403,The Mortal Instruments: City of Bones,Horror,5.9,121936
29,2011-05-13,Priest,60000000,29136626,84154026,5,2011,24154026,40.25671,tt0822847,Priest,Action,5.7,108320
29,2011-05-13,Priest,60000000,29136626,84154026,5,2011,24154026,40.25671,tt0822847,Priest,Adventure,5.7,108320
29,2011-05-13,Priest,60000000,29136626,84154026,5,2011,24154026,40.25671,tt0822847,Priest,Fantasy,5.7,108320
47,2017-02-24,Rock Dog,60000000,9420546,24148488,2,2017,-35851512,-59.75252,tt2822672,Rock Dog,Adventure,5.9,3991
47,2017-02-24,Rock Dog,60000000,9420546,24148488,2,2017,-35851512,-59.75252,tt2822672,Rock Dog,Animation,5.9,3991
47,2017-02-24,Rock Dog,60000000,9420546,24148488,2,2017,-35851512,-59.75252,tt2822672,Rock Dog,Comedy,5.9,3991
48,2015-01-23,Mortdecai,60000000,7696134,30396134,1,2015,-29603866,-49.33977666666666,tt3045616,Mortdecai,Action,5.5,61366
48,2015-01-23,Mortdecai,60000000,7696134,30396134,1,2015,-29603866,-49.33977666666666,tt3045616,Mortdecai,Comedy,5.5,61366
48,2015-01-23,Mortdecai,60000000,7696134,30396134,1,2015,-29603866,-49.33977666666666,tt3045616,Mortdecai,Crime,5.5,61366
52,2015-12-11,The Ridiculous 6,60000000,0,0,12,2015,-60000000,-100.0,tt2479478,The Ridiculous 6,Comedy,4.8,38694
52,2015-12-11,The Ridiculous 6,60000000,0,0,12,2015,-60000000,-100.0,tt2479478,The Ridiculous 6,Western,4.8,38694
53,2019-11-08,Midway,59500000,0,0,11,2019,-59500000,-100.0,tt2428672,Midway,Documentary,7.3,43
53,2019-11-08,Midway,59500000,0,0,11,2019,-59500000,-100.0,tt2428672,Midway,Family,7.3,43
54,2018-03-23,Sherlock Gnomes,59000000,43242871,87527651,3,2018,28527651,48.351950847457616,tt2296777,Sherlock Gnomes,Adventure,5.1,8030
54,2018-03-23,Sherlock Gnomes,59000000,43242871,87527651,3,2018,28527651,48.351950847457616,tt2296777,Sherlock Gnomes,Animation,5.1,8030
54,2018-03-23,Sherlock Gnomes,59000000,43242871,87527651,3,2018,28527651,48.351950847457616,tt2296777,Sherlock Gnomes,Comedy,5.1,8030
55,2019-01-25,The Kid Who Would Be King,59000000,16790790,28348446,1,2019,-30651554,-51.951786440677964,tt6811018,The Kid Who Would Be King,Action,6.0,8044
55,2019-01-25,The Kid Who Would Be King,59000000,16790790,28348446,1,2019,-30651554,-51.951786440677964,tt6811018,The Kid Who Would Be King,Adventure,6.0,8044
55,2019-01-25,The Kid Who Would Be King,59000000,16790790,28348446,1,2019,-30651554,-51.951786440677964,tt6811018,The Kid Who Would Be King,Family,6.0,8044
56,2016-02-12,Deadpool,58000000,363070709,801025593,2,2016,743025593,1281.0786086206895,tt1431045,Deadpool,Action,8.0,820847
56,2016-02-12,Deadpool,58000000,363070709,801025593,2,2016,743025593,1281.0786086206895,tt1431045,Deadpool,Adventure,8.0,820847
56,2016-02-12,Deadpool,58000000,363070709,801025593,2,2016,743025593,1281.0786086206895,tt1431045,Deadpool,Comedy,8.0,820847
57,2014-12-25,American Sniper,58000000,350126372,547326372,12,2014,489326372,843.6661586206897,tt2179136,American Sniper,Action,7.3,401915
57,2014-12-25,American Sniper,58000000,350126372,547326372,12,2014,489326372,843.6661586206897,tt2179136,American Sniper,Biography,7.3,401915
57,2014-12-25,American Sniper,58000000,350126372,547326372,12,2014,489326372,843.6661586206897,tt2179136,American Sniper,Drama,7.3,401915
58,2015-10-16,Goosebumps,58000000,80069458,158905324,10,2015,100905324,173.97469655172412,tt1051904,Goosebumps,Adventure,6.3,72858
58,2015-10-16,Goosebumps,58000000,80069458,158905324,10,2015,100905324,173.97469655172412,tt1051904,Goosebumps,Comedy,6.3,72858
58,2015-10-16,Goosebumps,58000000,80069458,158905324,10,2015,100905324,173.97469655172412,tt1051904,Goosebumps,Family,6.3,72858
61,2012-01-20,Red Tails,58000000,49876377,50365498,1,2012,-7634502,-13.16293448275862,tt0485985,Red Tails,Action,5.9,31815
61,2012-01-20,Red Tails,58000000,49876377,50365498,1,2012,-7634502,-13.16293448275862,tt0485985,Red Tails,Adventure,5.9,31815
61,2012-01-20,Red Tails,58000000,49876377,50365498,1,2012,-7634502,-13.16293448275862,tt0485985,Red Tails,Drama,5.9,31815
63,2013-06-07,The Internship,58000000,44672764,93672764,6,2013,35672764,61.50476551724138,tt2234155,The Internship,Comedy,6.3,179817
66,2017-03-24,Life,58000000,30234022,100929666,3,2017,42929666,74.01666551724138,tt1869538,Life,Documentary,7.8,5
66,2017-03-24,Life,58000000,30234022,100929666,3,2017,42929666,74.01666551724138,tt2948840,Life,Biography,6.1,6604
66,2017-03-24,Life,58000000,30234022,100929666,3,2017,42929666,74.01666551724138,tt2948840,Life,Drama,6.1,6604
66,2017-03-24,Life,58000000,30234022,100929666,3,2017,42929666,74.01666551724138,tt5442430,Life,Horror,6.6,182840
66,2017-03-24,Life,58000000,30234022,100929666,3,2017,42929666,74.01666551724138,tt5442430,Life,Sci-Fi,6.6,182840
66,2017-03-24,Life,58000000,30234022,100929666,3,2017,42929666,74.01666551724138,tt5442430,Life,Thriller,6.6,182840
70,2010-09-10,Resident Evil: Afterlife,57500000,60128566,295874190,9,2010,238374190,414.56380869565214,tt1220634,Resident Evil: Afterlife,Action,5.9,153270
70,2010-09-10,Resident Evil: Afterlife,57500000,60128566,295874190,9,2010,238374190,414.56380869565214,tt1220634,Resident Evil: Afterlife,Adventure,5.9,153270
70,2010-09-10,Resident Evil: Afterlife,57500000,60128566,295874190,9,2010,238374190,414.56380869565214,tt1220634,Resident Evil: Afterlife,Horror,5.9,153270
71,2012-06-15,That's My Boy,57500000,36931089,58085235,6,2012,585235,1.0178,tt1232200,That's My Boy,Comedy,5.6,83009
73,2012-02-17,Ghost Rider: Spirit of Vengeance,57000000,51774002,149217355,2,2012,92217355,161.78483333333332,tt1071875,Ghost Rider: Spirit of Vengeance,Action,4.3,103608
73,2012-02-17,Ghost Rider: Spirit of Vengeance,57000000,51774002,149217355,2,2012,92217355,161.78483333333332,tt1071875,Ghost Rider: Spirit of Vengeance,Fantasy,4.3,103608
73,2012-02-17,Ghost Rider: Spirit of Vengeance,57000000,51774002,149217355,2,2012,92217355,161.78483333333332,tt1071875,Ghost Rider: Spirit of Vengeance,Thriller,4.3,103608
77,2014-12-25,Into the Woods,56200000,128002372,213116401,12,2014,156916401,279.2106779359431,tt2180411,Into the Woods,Adventure,6.0,123577
77,2014-12-25,Into the Woods,56200000,128002372,213116401,12,2014,156916401,279.2106779359431,tt2180411,Into the Woods,Comedy,6.0,123577
77,2014-12-25,Into the Woods,56200000,128002372,213116401,12,2014,156916401,279.2106779359431,tt2180411,Into the Woods,Drama,6.0,123577
77,2014-12-25,Into the Woods,56200000,128002372,213116401,12,2014,156916401,279.2106779359431,tt2191715,Into the Woods,Comedy,7.8,33
77,2014-12-25,Into the Woods,56200000,128002372,213116401,12,2014,156916401,279.2106779359431,tt2191715,Into the Woods,Musical,7.8,33
77,2014-12-25,Into the Woods,56200000,128002372,213116401,12,2014,156916401,279.2106779359431,tt2201083,Into the Woods,Thriller,2.6,167
84,2018-11-02,Bohemian Rhapsody,55000000,216303339,894985342,11,2018,839985342,1527.2460763636366,tt1727824,Bohemian Rhapsody,Biography,8.0,345466
84,2018-11-02,Bohemian Rhapsody,55000000,216303339,894985342,11,2018,839985342,1527.2460763636366,tt1727824,Bohemian Rhapsody,Drama,8.0,345466
84,2018-11-02,Bohemian Rhapsody,55000000,216303339,894985342,11,2018,839985342,1527.2460763636366,tt1727824,Bohemian Rhapsody,Music,8.0,345466
91,2017-02-10,Fifty Shades Darker,55000000,114434010,381398492,2,2017,326398492,593.4518036363636,tt4465564,Fifty Shades Darker,Drama,4.6,81706
91,2017-02-10,Fifty Shades Darker,55000000,114434010,381398492,2,2017,326398492,593.4518036363636,tt4465564,Fifty Shades Darker,Romance,4.6,81706
92,2013-10-11,Captain Phillips,55000000,107136417,220648184,10,2013,165648184,301.17851636363633,tt1535109,Captain Phillips,Biography,7.8,387402
92,2013-10-11,Captain Phillips,55000000,107136417,220648184,10,2013,165648184,301.17851636363633,tt1535109,Captain Phillips,Drama,7.8,387402
92,2013-10-11,Captain Phillips,55000000,107136417,220648184,10,2013,165648184,301.17851636363633,tt1535109,Captain Phillips,Thriller,7.8,387402
95,2017-11-10,Murder on the Orient Express,55000000,102826543,345922730,11,2017,290922730,528.9504181818181,tt3402236,Murder on the Orient Express,Crime,6.5,178603
95,2017-11-10,Murder on the Orient Express,55000000,102826543,345922730,11,2017,290922730,528.9504181818181,tt3402236,Murder on the Orient Express,Drama,6.5,178603
95,2017-11-10,Murder on the Orient Express,55000000,102826543,345922730,11,2017,290922730,528.9504181818181,tt3402236,Murder on the Orient Express,Mystery,6.5,178603
96,2014-09-26,The Equalizer,55000000,101530738,192903624,9,2014,137903624,250.7338618181818,tt0455944,The Equalizer,Action,7.2,302302
96,2014-09-26,The Equalizer,55000000,101530738,192903624,9,2014,137903624,250.7338618181818,tt0455944,The Equalizer,Crime,7.2,302302
96,2014-09-26,The Equalizer,55000000,101530738,192903624,9,2014,137903624,250.7338618181818,tt0455944,The Equalizer,Thriller,7.2,302302
97,2018-02-09,Fifty Shades Freed,55000000,100407760,371350619,2,2018,316350619,575.1829436363638,tt4477536,Fifty Shades Freed,Drama,4.5,43893
97,2018-02-09,Fifty Shades Freed,55000000,100407760,371350619,2,2018,316350619,575.1829436363638,tt4477536,Fifty Shades Freed,Romance,4.5,43893
97,2018-02-09,Fifty Shades Freed,55000000,100407760,371350619,2,2018,316350619,575.1829436363638,tt4477536,Fifty Shades Freed,Thriller,4.5,43893
99,2010-04-09,Date Night,55000000,98711404,152269033,4,2010,97269033,176.85278727272726,tt1279935,Date Night,Comedy,6.3,144683
99,2010-04-09,Date Night,55000000,98711404,152269033,4,2010,97269033,176.85278727272726,tt1279935,Date Night,Crime,6.3,144683
99,2010-04-09,Date Night,55000000,98711404,152269033,4,2010,97269033,176.85278727272726,tt1279935,Date Night,Romance,6.3,144683
5,2015-01-16,Paddington,55000000,76223578,258789097,1,2015,203789097,370.52563090909086,tt1109624,Paddington,Adventure,7.2,84679
5,2015-01-16,Paddington,55000000,76223578,258789097,1,2015,203789097,370.52563090909086,tt1109624,Paddington,Comedy,7.2,84679
5,2015-01-16,Paddington,55000000,76223578,258789097,1,2015,203789097,370.52563090909086,tt1109624,Paddington,Family,7.2,84679
16,2013-11-01,Free Birds,55000000,55750480,110387072,11,2013,55387072,100.70376727272728,tt1621039,Free Birds,Adventure,5.9,20934
16,2013-11-01,Free Birds,55000000,55750480,110387072,11,2013,55387072,100.70376727272728,tt1621039,Free Birds,Animation,5.9,20934
16,2013-11-01,Free Birds,55000000,55750480,110387072,11,2013,55387072,100.70376727272728,tt1621039,Free Birds,Comedy,5.9,20934
20,2014-03-21,Muppets Most Wanted,55000000,51178893,79312301,3,2014,24312301,44.20418363636364,tt2281587,Muppets Most Wanted,Adventure,6.4,29018
20,2014-03-21,Muppets Most Wanted,55000000,51178893,79312301,3,2014,24312301,44.20418363636364,tt2281587,Muppets Most Wanted,Comedy,6.4,29018
20,2014-03-21,Muppets Most Wanted,55000000,51178893,79312301,3,2014,24312301,44.20418363636364,tt2281587,Muppets Most Wanted,Crime,6.4,29018
22,2016-08-19,Kubo and the Two Strings,55000000,48023088,77548122,8,2016,22548122,40.99658545454545,tt4302938,Kubo and the Two Strings,Action,7.8,105578
22,2016-08-19,Kubo and the Two Strings,55000000,48023088,77548122,8,2016,22548122,40.99658545454545,tt4302938,Kubo and the Two Strings,Adventure,7.8,105578
22,2016-08-19,Kubo and the Two Strings,55000000,48023088,77548122,8,2016,22548122,40.99658545454545,tt4302938,Kubo and the Two Strings,Animation,7.8,105578
24,2010-11-24,Burlesque,55000000,39440655,90552675,11,2010,35552675,64.64122727272728,tt1126591,Burlesque,Drama,6.4,71021
24,2010-11-24,Burlesque,55000000,39440655,90552675,11,2010,35552675,64.64122727272728,tt1126591,Burlesque,Music,6.4,71021
24,2010-11-24,Burlesque,55000000,39440655,90552675,11,2010,35552675,64.64122727272728,tt1126591,Burlesque,Musical,6.4,71021
24,2010-11-24,Burlesque,55000000,39440655,90552675,11,2010,35552675,64.64122727272728,tt1586713,Burlesque,Drama,7.0,45
27,2012-07-27,The Watch,55000000,34353000,67130045,7,2012,12130045,22.054627272727274,tt1298649,The Watch,Action,5.7,115757
27,2012-07-27,The Watch,55000000,34353000,67130045,7,2012,12130045,22.054627272727274,tt1298649,The Watch,Comedy,5.7,115757
27,2012-07-27,The Watch,55000000,34353000,67130045,7,2012,12130045,22.054627272727274,tt1298649,The Watch,Horror,5.7,115757
32,2018-02-23,Annihilation,55000000,32732301,43070915,2,2018,-11929085,-21.689245454545453,tt2798920,Annihilation,Adventure,6.9,228664
32,2018-02-23,Annihilation,55000000,32732301,43070915,2,2018,-11929085,-21.689245454545453,tt2798920,Annihilation,Drama,6.9,228664
32,2018-02-23,Annihilation,55000000,32732301,43070915,2,2018,-11929085,-21.689245454545453,tt2798920,Annihilation,Horror,6.9,228664
33,2015-10-16,Crimson Peak,55000000,31090320,74966854,10,2015,19966854,36.30337090909091,tt2554274,Crimson Peak,Drama,6.5,119287
33,2015-10-16,Crimson Peak,55000000,31090320,74966854,10,2015,19966854,36.30337090909091,tt2554274,Crimson Peak,Fantasy,6.5,119287
33,2015-10-16,Crimson Peak,55000000,31090320,74966854,10,2015,19966854,36.30337090909091,tt2554274,Crimson Peak,Horror,6.5,119287
34,2012-04-27,The Pirates! Band of Misfits,55000000,31051126,136143605,4,2012,81143605,147.53382727272728,tt1430626,The Pirates! Band of Misfits,Adventure,6.7,41958
34,2012-04-27,The Pirates! Band of Misfits,55000000,31051126,136143605,4,2012,81143605,147.53382727272728,tt1430626,The Pirates! Band of Misfits,Animation,6.7,41958
34,2012-04-27,The Pirates! Band of Misfits,55000000,31051126,136143605,4,2012,81143605,147.53382727272728,tt1430626,The Pirates! Band of Misfits,Comedy,6.7,41958
42,2013-02-01,Bullet to the Head,55000000,9489829,22597969,2,2013,-32402031,-58.91278363636364,tt1308729,Bullet to the Head,Action,5.7,44816
42,2013-02-01,Bullet to the Head,55000000,9489829,22597969,2,2013,-32402031,-58.91278363636364,tt1308729,Bullet to the Head,Crime,5.7,44816
42,2013-02-01,Bullet to the Head,55000000,9489829,22597969,2,2013,-32402031,-58.91278363636364,tt1308729,Bullet to the Head,Thriller,5.7,44816
59,2015-09-18,Black Mass,53000000,62575678,98837872,9,2015,45837872,86.48655094339622,tt1355683,Black Mass,Biography,6.9,155847
59,2015-09-18,Black Mass,53000000,62575678,98837872,9,2015,45837872,86.48655094339622,tt1355683,Black Mass,Crime,6.9,155847
59,2015-09-18,Black Mass,53000000,62575678,98837872,9,2015,45837872,86.48655094339622,tt1355683,Black Mass,Drama,6.9,155847
66,2012-12-19,Zero Dark Thirty,52500000,95720716,134612435,12,2012,82112435,156.40463809523808,tt1790885,Zero Dark Thirty,Drama,7.4,251072
66,2012-12-19,Zero Dark Thirty,52500000,95720716,134612435,12,2012,82112435,156.40463809523808,tt1790885,Zero Dark Thirty,Thriller,7.4,251072
70,2010-02-12,Valentine's Day,52000000,110485654,217569328,2,2010,165569328,318.4025538461538,tt0817230,Valentine's Day,Comedy,5.7,107171
70,2010-02-12,Valentine's Day,52000000,110485654,217569328,2,2010,165569328,318.4025538461538,tt0817230,Valentine's Day,Romance,5.7,107171
72,2011-08-05,The Change-Up,52000000,37243418,75997067,8,2011,23997067,46.14820576923078,tt1488555,The Change-Up,Comedy,6.3,155374
72,2011-08-05,The Change-Up,52000000,37243418,75997067,8,2011,23997067,46.14820576923078,tt1488555,The Change-Up,Fantasy,6.3,155374
79,2018-08-17,Alpha,51000000,35851379,99624873,8,2018,48624873,95.34288823529413,tt2121250,Alpha,Crime,5.5,102
79,2018-08-17,Alpha,51000000,35851379,99624873,8,2018,48624873,95.34288823529413,tt3166734,Alpha,Drama,7.7,37
79,2018-08-17,Alpha,51000000,35851379,99624873,8,2018,48624873,95.34288823529413,tt3166734,Alpha,Horror,7.7,37
79,2018-08-17,Alpha,51000000,35851379,99624873,8,2018,48624873,95.34288823529413,tt3166734,Alpha,Mystery,7.7,37
79,2018-08-17,Alpha,51000000,35851379,99624873,8,2018,48624873,95.34288823529413,tt4244998,Alpha,Adventure,6.7,41882
79,2018-08-17,Alpha,51000000,35851379,99624873,8,2018,48624873,95.34288823529413,tt4244998,Alpha,Drama,6.7,41882
79,2018-08-17,Alpha,51000000,35851379,99624873,8,2018,48624873,95.34288823529413,tt4244998,Alpha,Family,6.7,41882
81,2011-03-04,The Adjustment Bureau,50200000,62495645,126931325,3,2011,76731325,152.8512450199203,tt1385826,The Adjustment Bureau,Romance,7.1,227616
81,2011-03-04,The Adjustment Bureau,50200000,62495645,126931325,3,2011,76731325,152.8512450199203,tt1385826,The Adjustment Bureau,Sci-Fi,7.1,227616
81,2011-03-04,The Adjustment Bureau,50200000,62495645,126931325,3,2011,76731325,152.8512450199203,tt1385826,The Adjustment Bureau,Thriller,7.1,227616
84,2012-06-29,Ted,50000000,218665740,556016627,6,2012,506016627,1012.033254,tt1637725,Ted,Comedy,6.9,538367
84,2012-06-29,Ted,50000000,218665740,556016627,6,2012,506016627,1012.033254,tt1637725,Ted,Fantasy,6.9,538367
85,2014-06-13,22 Jump Street,50000000,191719337,331333876,6,2014,281333876,562.6677520000002,tt2294449,22 Jump Street,Action,7.0,319504
85,2014-06-13,22 Jump Street,50000000,191719337,331333876,6,2014,281333876,562.6677520000002,tt2294449,22 Jump Street,Comedy,7.0,319504
85,2014-06-13,22 Jump Street,50000000,191719337,331333876,6,2014,281333876,562.6677520000002,tt2294449,22 Jump Street,Crime,7.0,319504
91,2016-06-17,Central Intelligence,50000000,127440871,217194805,6,2016,167194805,334.38961,tt1489889,Central Intelligence,Action,6.3,138872
91,2016-06-17,Central Intelligence,50000000,127440871,217194805,6,2016,167194805,334.38961,tt1489889,Central Intelligence,Comedy,6.3,138872
91,2016-06-17,Central Intelligence,50000000,127440871,217194805,6,2016,167194805,334.38961,tt1489889,Central Intelligence,Crime,6.3,138872
92,2013-12-18,Anchorman 2: The Legend Continues,50000000,127352707,172185754,12,2013,122185754,244.371508,tt1229340,Anchorman 2: The Legend Continues,Comedy,6.3,156116
93,2011-06-10,Super 8,50000000,127004179,257972745,6,2011,207972745,415.94549,tt1650062,Super 8,Mystery,7.0,320575
93,2011-06-10,Super 8,50000000,127004179,257972745,6,2011,207972745,415.94549,tt1650062,Super 8,Sci-Fi,7.0,320575
93,2011-06-10,Super 8,50000000,127004179,257972745,6,2011,207972745,415.94549,tt1650062,Super 8,Thriller,7.0,320575
96,2018-11-21,Creed II,50000000,115715889,213591522,11,2018,163591522,327.183044,tt6343314,Creed II,Drama,7.2,72503
96,2018-11-21,Creed II,50000000,115715889,213591522,11,2018,163591522,327.183044,tt6343314,Creed II,Sport,7.2,72503
97,2018-02-09,Peter Rabbit,50000000,115234093,347136477,2,2018,297136477,594.272954,tt5117670,Peter Rabbit,Adventure,6.6,27908
97,2018-02-09,Peter Rabbit,50000000,115234093,347136477,2,2018,297136477,594.272954,tt5117670,Peter Rabbit,Animation,6.6,27908
97,2018-02-09,Peter Rabbit,50000000,115234093,347136477,2,2018,297136477,594.272954,tt5117670,Peter Rabbit,Comedy,6.6,27908
100,2018-12-14,The Mule,50000000,103804407,170857676,12,2018,120857676,241.715352,tt0804509,The Mule,Comedy,6.2,653
100,2018-12-14,The Mule,50000000,103804407,170857676,12,2018,120857676,241.715352,tt0804509,The Mule,Drama,6.2,653
100,2018-12-14,The Mule,50000000,103804407,170857676,12,2018,120857676,241.715352,tt2130270,The Mule,Comedy,6.3,5788
100,2018-12-14,The Mule,50000000,103804407,170857676,12,2018,120857676,241.715352,tt2130270,The Mule,Crime,6.3,5788
100,2018-12-14,The Mule,50000000,103804407,170857676,12,2018,120857676,241.715352,tt2130270,The Mule,Drama,6.3,5788
100,2018-12-14,The Mule,50000000,103804407,170857676,12,2018,120857676,241.715352,tt7959026,The Mule,Crime,7.1,58955
100,2018-12-14,The Mule,50000000,103804407,170857676,12,2018,120857676,241.715352,tt7959026,The Mule,Drama,7.1,58955
100,2018-12-14,The Mule,50000000,103804407,170857676,12,2018,120857676,241.715352,tt7959026,The Mule,Thriller,7.1,58955
2,2014-02-28,Non-Stop,50000000,91742160,222383055,2,2014,172383055,344.76611,tt2024469,Non-Stop,Action,7.0,234717
2,2014-02-28,Non-Stop,50000000,91742160,222383055,2,2014,172383055,344.76611,tt2024469,Non-Stop,Mystery,7.0,234717
2,2014-02-28,Non-Stop,50000000,91742160,222383055,2,2014,172383055,344.76611,tt2024469,Non-Stop,Thriller,7.0,234717
7,2017-07-28,The Emoji Movie,50000000,86089513,216562312,7,2017,166562312,333.12462400000004,tt4877122,The Emoji Movie,Adventure,3.2,47294
7,2017-07-28,The Emoji Movie,50000000,86089513,216562312,7,2017,166562312,333.12462400000004,tt4877122,The Emoji Movie,Animation,3.2,47294
7,2017-07-28,The Emoji Movie,50000000,86089513,216562312,7,2017,166562312,333.12462400000004,tt4877122,The Emoji Movie,Comedy,3.2,47294
9,2017-12-22,The Post,50000000,81903458,179748880,12,2017,129748880,259.49776,tt6294822,The Post,Biography,7.2,108017
9,2017-12-22,The Post,50000000,81903458,179748880,12,2017,129748880,259.49776,tt6294822,The Post,Drama,7.2,108017
9,2017-12-22,The Post,50000000,81903458,179748880,12,2017,129748880,259.49776,tt6294822,The Post,History,7.2,108017
14,2011-12-23,We Bought a Zoo,50000000,75624550,118729073,12,2011,68729073,137.458146,tt1389137,We Bought a Zoo,Comedy,7.1,126849
14,2011-12-23,We Bought a Zoo,50000000,75624550,118729073,12,2011,68729073,137.458146,tt1389137,We Bought a Zoo,Drama,7.1,126849
14,2011-12-23,We Bought a Zoo,50000000,75624550,118729073,12,2011,68729073,137.458146,tt1389137,We Bought a Zoo,Family,7.1,126849
15,2011-09-23,Moneyball,50000000,75605492,111300835,9,2011,61300835,122.60167,tt1210166,Moneyball,Biography,7.6,326657
15,2011-09-23,Moneyball,50000000,75605492,111300835,9,2011,61300835,122.60167,tt1210166,Moneyball,Drama,7.6,326657
15,2011-09-23,Moneyball,50000000,75605492,111300835,9,2011,61300835,122.60167,tt1210166,Moneyball,Sport,7.6,326657
26,2012-04-06,American Reunion,50000000,56758835,236799211,4,2012,186799211,373.598422,tt1605630,American Reunion,Comedy,6.7,192250
27,2013-01-25,Hansel & Gretel: Witch Hunters,50000000,55703475,214949716,1,2013,164949716,329.899432,tt1428538,Hansel & Gretel: Witch Hunters,Action,6.1,183387
27,2013-01-25,Hansel & Gretel: Witch Hunters,50000000,55703475,214949716,1,2013,164949716,329.899432,tt1428538,Hansel & Gretel: Witch Hunters,Fantasy,6.1,183387
27,2013-01-25,Hansel & Gretel: Witch Hunters,50000000,55703475,214949716,1,2013,164949716,329.899432,tt1428538,Hansel & Gretel: Witch Hunters,Horror,6.1,183387
32,2017-09-29,American Made,50000000,51342000,135569212,9,2017,85569212,171.138424,tt3532216,American Made,Action,7.2,131043
32,2017-09-29,American Made,50000000,51342000,135569212,9,2017,85569212,171.138424,tt3532216,American Made,Biography,7.2,131043
32,2017-09-29,American Made,50000000,51342000,135569212,9,2017,85569212,171.138424,tt3532216,American Made,Comedy,7.2,131043
35,2014-10-17,The Book of Life,50000000,50151543,97651543,10,2014,47651543,95.303086,tt2262227,The Book of Life,Adventure,7.3,59486
35,2014-10-17,The Book of Life,50000000,50151543,97651543,10,2014,47651543,95.303086,tt2262227,The Book of Life,Animation,7.3,59486
35,2014-10-17,The Book of Life,50000000,50151543,97651543,10,2014,47651543,95.303086,tt2262227,The Book of Life,Comedy,7.3,59486
35,2014-10-17,The Book of Life,50000000,50151543,97651543,10,2014,47651543,95.303086,tt6716346,The Book of Life,Thriller,6.7,7
40,2014-08-08,Into the Storm,50000000,47602194,150429371,8,2014,100429371,200.858742,tt2106361,Into the Storm,Action,5.8,60894
40,2014-08-08,Into the Storm,50000000,47602194,150429371,8,2014,100429371,200.858742,tt2106361,Into the Storm,Adventure,5.8,60894
40,2014-08-08,Into the Storm,50000000,47602194,150429371,8,2014,100429371,200.858742,tt2106361,Into the Storm,Drama,5.8,60894
41,2014-10-10,The Judge,50000000,47119388,76119388,10,2014,26119388,52.238776,tt1872194,The Judge,Crime,7.4,162952
41,2014-10-10,The Judge,50000000,47119388,76119388,10,2014,26119388,52.238776,tt1872194,The Judge,Drama,7.4,162952
41,2014-10-10,The Judge,50000000,47119388,76119388,10,2014,26119388,52.238776,tt6246092,The Judge,Documentary,7.3,84
45,2016-08-19,War Dogs,50000000,43034523,86234503,8,2016,36234503,72.46900600000002,tt2005151,War Dogs,Comedy,7.1,154029
45,2016-08-19,War Dogs,50000000,43034523,86234503,8,2016,36234503,72.46900600000002,tt2005151,War Dogs,Crime,7.1,154029
45,2016-08-19,War Dogs,50000000,43034523,86234503,8,2016,36234503,72.46900600000002,tt2005151,War Dogs,Drama,7.1,154029
56,2016-05-20,The Nice Guys,50000000,36261763,59596747,5,2016,9596747,19.193494,tt3799694,The Nice Guys,Action,7.4,240337
56,2016-05-20,The Nice Guys,50000000,36261763,59596747,5,2016,9596747,19.193494,tt3799694,The Nice Guys,Comedy,7.4,240337
56,2016-05-20,The Nice Guys,50000000,36261763,59596747,5,2016,9596747,19.193494,tt3799694,The Nice Guys,Crime,7.4,240337
59,2010-06-04,Marmaduke,50000000,33644788,89895930,6,2010,39895930,79.79186,tt1392197,Marmaduke,Comedy,4.2,13283
59,2010-06-04,Marmaduke,50000000,33644788,89895930,6,2010,39895930,79.79186,tt1392197,Marmaduke,Family,4.2,13283
61,2010-10-15,Hereafter,50000000,32746941,108660270,10,2010,58660270,117.32054,tt1212419,Hereafter,Drama,6.5,87288
61,2010-10-15,Hereafter,50000000,32746941,108660270,10,2010,58660270,117.32054,tt1212419,Hereafter,Fantasy,6.5,87288
61,2010-10-15,Hereafter,50000000,32746941,108660270,10,2010,58660270,117.32054,tt1212419,Hereafter,Romance,6.5,87288
64,2016-02-12,Zoolander 2,50000000,28848693,55348693,2,2016,5348693,10.697386,tt1608290,Zoolander 2,Comedy,4.7,59914
68,2013-03-29,The Host,50000000,26623701,64477051,3,2013,14477051,28.954102000000002,tt1517260,The Host,Action,5.9,105633
68,2013-03-29,The Host,50000000,26623701,64477051,3,2013,14477051,28.954102000000002,tt1517260,The Host,Adventure,5.9,105633
68,2013-03-29,The Host,50000000,26623701,64477051,3,2013,14477051,28.954102000000002,tt1517260,The Host,Drama,5.9,105633
68,2013-03-29,The Host,50000000,26623701,64477051,3,2013,14477051,28.954102000000002,tt5537146,The Host,Documentary,6.4,8
70,2015-03-13,Run All Night,50000000,26461644,66961644,3,2015,16961644,33.923288,tt2199571,Run All Night,Action,6.6,94131
70,2015-03-13,Run All Night,50000000,26461644,66961644,3,2015,16961644,33.923288,tt2199571,Run All Night,Drama,6.6,94131
70,2015-03-13,Run All Night,50000000,26461644,66961644,3,2015,16961644,33.923288,tt2199571,Run All Night,Thriller,6.6,94131
77,2019-04-12,Hellboy,50000000,21903748,40725492,4,2019,-9274508,-18.549016,tt2274648,Hellboy,Action,5.4,19534
77,2019-04-12,Hellboy,50000000,21903748,40725492,4,2019,-9274508,-18.549016,tt2274648,Hellboy,Adventure,5.4,19534
77,2019-04-12,Hellboy,50000000,21903748,40725492,4,2019,-9274508,-18.549016,tt2274648,Hellboy,Fantasy,5.4,19534
78,2011-04-08,Your Highness,50000000,21596445,26121638,4,2011,-23878362,-47.756724,tt1240982,Your Highness,Adventure,5.5,92940
78,2011-04-08,Your Highness,50000000,21596445,26121638,4,2011,-23878362,-47.756724,tt1240982,Your Highness,Comedy,5.5,92940
78,2011-04-08,Your Highness,50000000,21596445,26121638,4,2011,-23878362,-47.756724,tt1240982,Your Highness,Fantasy,5.5,92940
79,2016-09-16,Snowden,50000000,21587519,35380918,9,2016,-14619082,-29.238164,tt3774114,Snowden,Biography,7.3,119149
79,2016-09-16,Snowden,50000000,21587519,35380918,9,2016,-14619082,-29.238164,tt3774114,Snowden,Drama,7.3,119149
79,2016-09-16,Snowden,50000000,21587519,35380918,9,2016,-14619082,-29.238164,tt3774114,Snowden,Thriller,7.3,119149
80,2011-09-30,Dream House,50000000,21302340,41642166,9,2011,-8357834,-16.715668,tt1462041,Dream House,Drama,6.0,59714
80,2011-09-30,Dream House,50000000,21302340,41642166,9,2011,-8357834,-16.715668,tt1462041,Dream House,Mystery,6.0,59714
80,2011-09-30,Dream House,50000000,21302340,41642166,9,2011,-8357834,-16.715668,tt1462041,Dream House,Thriller,6.0,59714
81,2016-06-24,Free State of Jones,50000000,20810036,23237252,6,2016,-26762748,-53.525496,tt1124037,Free State of Jones,Action,6.9,45135
81,2016-06-24,Free State of Jones,50000000,20810036,23237252,6,2016,-26762748,-53.525496,tt1124037,Free State of Jones,Biography,6.9,45135
81,2016-06-24,Free State of Jones,50000000,20810036,23237252,6,2016,-26762748,-53.525496,tt1124037,Free State of Jones,Drama,6.9,45135
85,2013-02-14,Beautiful Creatures,50000000,19452138,60282876,2,2013,10282876,20.565752,tt1559547,Beautiful Creatures,Drama,6.2,79764
85,2013-02-14,Beautiful Creatures,50000000,19452138,60282876,2,2013,10282876,20.565752,tt1559547,Beautiful Creatures,Fantasy,6.2,79764
85,2013-02-14,Beautiful Creatures,50000000,19452138,60282876,2,2013,10282876,20.565752,tt1559547,Beautiful Creatures,Romance,6.2,79764
91,2011-02-25,Drive Angry,50000000,10721033,41042583,2,2011,-8957417,-17.914834,tt1502404,Drive Angry,Action,5.4,90203
91,2011-02-25,Drive Angry,50000000,10721033,41042583,2,2011,-8957417,-17.914834,tt1502404,Drive Angry,Fantasy,5.4,90203
91,2011-02-25,Drive Angry,50000000,10721033,41042583,2,2011,-8957417,-17.914834,tt1502404,Drive Angry,Thriller,5.4,90203
98,2018-02-16,Early Man,50000000,8267544,45285890,2,2018,-4714110,-9.42822,tt4701724,Early Man,Adventure,6.1,15882
98,2018-02-16,Early Man,50000000,8267544,45285890,2,2018,-4714110,-9.42822,tt4701724,Early Man,Animation,6.1,15882
98,2018-02-16,Early Man,50000000,8267544,45285890,2,2018,-4714110,-9.42822,tt4701724,Early Man,Comedy,6.1,15882
2,2015-04-17,Child 44,50000000,1224330,8004221,4,2015,-41995779,-83.991558,tt1014763,Child 44,Crime,6.5,59477
2,2015-04-17,Child 44,50000000,1224330,8004221,4,2015,-41995779,-83.991558,tt1014763,Child 44,Drama,6.5,59477
2,2015-04-17,Child 44,50000000,1224330,8004221,4,2015,-41995779,-83.991558,tt1014763,Child 44,History,6.5,59477
4,2013-03-15,Upside Down,50000000,102118,26387039,3,2013,-23612961,-47.225922,tt1374992,Upside Down,Drama,6.4,66347
4,2013-03-15,Upside Down,50000000,102118,26387039,3,2013,-23612961,-47.225922,tt1374992,Upside Down,Fantasy,6.4,66347
4,2013-03-15,Upside Down,50000000,102118,26387039,3,2013,-23612961,-47.225922,tt1374992,Upside Down,Romance,6.4,66347
4,2013-03-15,Upside Down,50000000,102118,26387039,3,2013,-23612961,-47.225922,tt1713561,Upside Down,Drama,7.7,6
4,2013-03-15,Upside Down,50000000,102118,26387039,3,2013,-23612961,-47.225922,tt2105043,Upside Down,Drama,6.6,45
5,2015-10-02,Shanghai,50000000,46425,15505922,10,2015,-34494078,-68.988156,tt1092634,Shanghai,Crime,6.4,8662
5,2015-10-02,Shanghai,50000000,46425,15505922,10,2015,-34494078,-68.988156,tt1092634,Shanghai,Drama,6.4,8662
5,2015-10-02,Shanghai,50000000,46425,15505922,10,2015,-34494078,-68.988156,tt1092634,Shanghai,Mystery,6.4,8662
5,2015-10-02,Shanghai,50000000,46425,15505922,10,2015,-34494078,-68.988156,tt2072227,Shanghai,Crime,7.2,9047
5,2015-10-02,Shanghai,50000000,46425,15505922,10,2015,-34494078,-68.988156,tt2072227,Shanghai,Mystery,7.2,9047
5,2015-10-02,Shanghai,50000000,46425,15505922,10,2015,-34494078,-68.988156,tt2072227,Shanghai,Thriller,7.2,9047
11,2015-03-06,Chappie,49000000,31569268,105002056,3,2015,56002056,114.28991020408165,tt1823672,Chappie,Action,6.8,213733
11,2015-03-06,Chappie,49000000,31569268,105002056,3,2015,56002056,114.28991020408165,tt1823672,Chappie,Crime,6.8,213733
11,2015-03-06,Chappie,49000000,31569268,105002056,3,2015,56002056,114.28991020408165,tt1823672,Chappie,Drama,6.8,213733
13,2012-11-16,Anna Karenina,49000000,12816367,71004627,11,2012,22004627,44.907402040816315,tt1781769,Anna Karenina,Drama,6.6,84668
13,2012-11-16,Anna Karenina,49000000,12816367,71004627,11,2012,22004627,44.907402040816315,tt1781769,Anna Karenina,Romance,6.6,84668
18,2015-01-09,Taken 3,48000000,89256424,327656424,1,2015,279656424,582.6175499999998,tt2446042,Taken 3,Action,6.0,165072
18,2015-01-09,Taken 3,48000000,89256424,327656424,1,2015,279656424,582.6175499999998,tt2446042,Taken 3,Thriller,6.0,165072
20,2018-11-16,Instant Family,48000000,67363237,119736188,11,2018,71736188,149.45039166666666,tt7401588,Instant Family,Comedy,7.4,46728
20,2018-11-16,Instant Family,48000000,67363237,119736188,11,2018,71736188,149.45039166666666,tt7401588,Instant Family,Drama,7.4,46728
23,2010-01-22,Tooth Fairy,48000000,60022256,112610386,1,2010,64610386,134.60497083333334,tt0808510,Tooth Fairy,Comedy,5.0,37939
23,2010-01-22,Tooth Fairy,48000000,60022256,112610386,1,2010,64610386,134.60497083333334,tt0808510,Tooth Fairy,Family,5.0,37939
23,2010-01-22,Tooth Fairy,48000000,60022256,112610386,1,2010,64610386,134.60497083333334,tt0808510,Tooth Fairy,Fantasy,5.0,37939
23,2010-01-22,Tooth Fairy,48000000,60022256,112610386,1,2010,64610386,134.60497083333334,tt7906260,Tooth Fairy,Horror,2.6,64
32,2016-07-13,The Infiltrator,47500000,15436808,20718104,7,2016,-26781896,-56.38293894736842,tt1355631,The Infiltrator,Biography,7.0,61547
32,2016-07-13,The Infiltrator,47500000,15436808,20718104,7,2016,-26781896,-56.38293894736842,tt1355631,The Infiltrator,Crime,7.0,61547
32,2016-07-13,The Infiltrator,47500000,15436808,20718104,7,2016,-26781896,-56.38293894736842,tt1355631,The Infiltrator,Drama,7.0,61547
34,2016-11-11,Arrival,47000000,100546139,203127894,11,2016,156127894,332.1870085106383,tt2543164,Arrival,Drama,7.9,515483
34,2016-11-11,Arrival,47000000,100546139,203127894,11,2016,156127894,332.1870085106383,tt2543164,Arrival,Mystery,7.9,515483
34,2016-11-11,Arrival,47000000,100546139,203127894,11,2016,156127894,332.1870085106383,tt2543164,Arrival,Sci-Fi,7.9,515483
40,2010-06-18,Jonah Hex,47000000,10547117,11022696,6,2010,-35977304,-76.54745531914894,tt1075747,Jonah Hex,Action,4.7,51860
40,2010-06-18,Jonah Hex,47000000,10547117,11022696,6,2010,-35977304,-76.54745531914894,tt1075747,Jonah Hex,Drama,4.7,51860
40,2010-06-18,Jonah Hex,47000000,10547117,11022696,6,2010,-35977304,-76.54745531914894,tt1075747,Jonah Hex,Fantasy,4.7,51860
42,2016-12-23,Silence,46500000,7100177,23726626,12,2016,-22773374,-48.974997849462355,tt0490215,Silence,Adventure,7.2,85242
42,2016-12-23,Silence,46500000,7100177,23726626,12,2016,-22773374,-48.974997849462355,tt0490215,Silence,Drama,7.2,85242
42,2016-12-23,Silence,46500000,7100177,23726626,12,2016,-22773374,-48.974997849462355,tt0490215,Silence,History,7.2,85242
42,2016-12-23,Silence,46500000,7100177,23726626,12,2016,-22773374,-48.974997849462355,tt1731755,Silence,Drama,6.7,373
42,2016-12-23,Silence,46500000,7100177,23726626,12,2016,-22773374,-48.974997849462355,tt1731755,Silence,War,6.7,373
42,2016-12-23,Silence,46500000,7100177,23726626,12,2016,-22773374,-48.974997849462355,tt2275949,Silence,Drama,6.7,174
42,2016-12-23,Silence,46500000,7100177,23726626,12,2016,-22773374,-48.974997849462355,tt3425108,Silence,Drama,4.6,170
42,2016-12-23,Silence,46500000,7100177,23726626,12,2016,-22773374,-48.974997849462355,tt3425108,Silence,Thriller,4.6,170
48,2013-09-20,Prisoners,46000000,61002302,113402302,9,2013,67402302,146.52674347826087,tt1392214,Prisoners,Crime,8.1,526273
48,2013-09-20,Prisoners,46000000,61002302,113402302,9,2013,67402302,146.52674347826087,tt1392214,Prisoners,Drama,8.1,526273
48,2013-09-20,Prisoners,46000000,61002302,113402302,9,2013,67402302,146.52674347826087,tt1392214,Prisoners,Mystery,8.1,526273
54,2012-10-05,Taken 2,45000000,139854287,377807404,10,2012,332807404,739.5720088888891,tt1397280,Taken 2,Action,6.3,273106
54,2012-10-05,Taken 2,45000000,139854287,377807404,10,2012,332807404,739.5720088888891,tt1397280,Taken 2,Thriller,6.3,273106
58,2017-12-22,Pitch Perfect 3,45000000,104897530,185736412,12,2017,140736412,312.74758222222215,tt4765284,Pitch Perfect 3,Comedy,5.8,45127
58,2017-12-22,Pitch Perfect 3,45000000,104897530,185736412,12,2017,140736412,312.74758222222215,tt4765284,Pitch Perfect 3,Music,5.8,45127
64,2011-11-23,The Muppets,45000000,88625922,160971922,11,2011,115971922,257.71538222222216,tt1204342,The Muppets,Adventure,7.1,82752
64,2011-11-23,The Muppets,45000000,88625922,160971922,11,2011,115971922,257.71538222222216,tt1204342,The Muppets,Comedy,7.1,82752
64,2011-11-23,The Muppets,45000000,88625922,160971922,11,2011,115971922,257.71538222222216,tt1204342,The Muppets,Family,7.1,82752
68,2016-10-07,The Girl on the Train,45000000,75395035,174278214,10,2016,129278214,287.28492,tt2387589,The Girl on the Train,Thriller,4.4,819
68,2016-10-07,The Girl on the Train,45000000,75395035,174278214,10,2016,129278214,287.28492,tt3631112,The Girl on the Train,Crime,6.5,150977
68,2016-10-07,The Girl on the Train,45000000,75395035,174278214,10,2016,129278214,287.28492,tt3631112,The Girl on the Train,Drama,6.5,150977
68,2016-10-07,The Girl on the Train,45000000,75395035,174278214,10,2016,129278214,287.28492,tt3631112,The Girl on the Train,Mystery,6.5,150977
73,2010-03-19,The Bounty Hunter,45000000,67061228,135808837,3,2010,90808837,201.7974155555556,tt1038919,The Bounty Hunter,Action,5.6,112444
73,2010-03-19,The Bounty Hunter,45000000,67061228,135808837,3,2010,90808837,201.7974155555556,tt1038919,The Bounty Hunter,Comedy,5.6,112444
73,2010-03-19,The Bounty Hunter,45000000,67061228,135808837,3,2010,90808837,201.7974155555556,tt1038919,The Bounty Hunter,Romance,5.6,112444
73,2010-03-19,The Bounty Hunter,45000000,67061228,135808837,3,2010,90808837,201.7974155555556,tt1472211,The Bounty Hunter,,6.3,29
81,2016-12-09,Office Christmas Party,45000000,54767494,91323299,12,2016,46323299,102.94066444444445,tt1711525,Office Christmas Party,Comedy,5.8,59253
88,2012-07-06,Savages,45000000,47323100,82513490,7,2012,37513490,83.36331111111113,tt1615065,Savages,Crime,6.5,115793
88,2012-07-06,Savages,45000000,47323100,82513490,7,2012,37513490,83.36331111111113,tt1615065,Savages,Drama,6.5,115793
88,2012-07-06,Savages,45000000,47323100,82513490,7,2012,37513490,83.36331111111113,tt1615065,Savages,Thriller,6.5,115793
90,2014-05-23,Blended,45000000,46290741,127990741,5,2014,82990741,184.4238688888889,tt1086772,Blended,Comedy,6.5,106491
90,2014-05-23,Blended,45000000,46290741,127990741,5,2014,82990741,184.4238688888889,tt1086772,Blended,Romance,6.5,106491
91,2017-06-16,All Eyez on Me,45000000,44922302,54876855,6,2017,9876855,21.948566666666665,tt1666185,All Eyez on Me,Biography,5.8,18541
91,2017-06-16,All Eyez on Me,45000000,44922302,54876855,6,2017,9876855,21.948566666666665,tt1666185,All Eyez on Me,Drama,5.8,18541
91,2017-06-16,All Eyez on Me,45000000,44922302,54876855,6,2017,9876855,21.948566666666665,tt1666185,All Eyez on Me,Music,5.8,18541
6,2019-05-03,UglyDolls,45000000,19894664,24644664,5,2019,-20355336,-45.23408,tt1946502,UglyDolls,Adventure,4.5,1176
6,2019-05-03,UglyDolls,45000000,19894664,24644664,5,2019,-20355336,-45.23408,tt1946502,UglyDolls,Animation,4.5,1176
6,2019-05-03,UglyDolls,45000000,19894664,24644664,5,2019,-20355336,-45.23408,tt1946502,UglyDolls,Comedy,4.5,1176
11,2010-02-19,The Ghost Writer,45000000,15541549,65532491,2,2010,20532491,45.627757777777774,tt1139328,The Ghost Writer,Drama,7.2,148274
11,2010-02-19,The Ghost Writer,45000000,15541549,65532491,2,2010,20532491,45.627757777777774,tt1139328,The Ghost Writer,Mystery,7.2,148274
11,2010-02-19,The Ghost Writer,45000000,15541549,65532491,2,2010,20532491,45.627757777777774,tt1139328,The Ghost Writer,Thriller,7.2,148274
15,2012-09-21,Dredd,45000000,13414714,41467606,9,2012,-3532394,-7.8497644444444425,tt1343727,Dredd,Action,7.1,234616
15,2012-09-21,Dredd,45000000,13414714,41467606,9,2012,-3532394,-7.8497644444444425,tt1343727,Dredd,Crime,7.1,234616
15,2012-09-21,Dredd,45000000,13414714,41467606,9,2012,-3532394,-7.8497644444444425,tt1343727,Dredd,Sci-Fi,7.1,234616
16,2011-10-28,The Rum Diary,45000000,13109815,21544732,10,2011,-23455268,-52.122817777777776,tt0376136,The Rum Diary,Comedy,6.2,94787
16,2011-10-28,The Rum Diary,45000000,13109815,21544732,10,2011,-23455268,-52.122817777777776,tt0376136,The Rum Diary,Drama,6.2,94787
18,2018-12-21,Welcome to Marwen,45000000,10763520,12874922,12,2018,-32125078,-71.38906222222222,tt3289724,Welcome to Marwen,Biography,6.1,8920
18,2018-12-21,Welcome to Marwen,45000000,10763520,12874922,12,2018,-32125078,-71.38906222222222,tt3289724,Welcome to Marwen,Comedy,6.1,8920
18,2018-12-21,Welcome to Marwen,45000000,10763520,12874922,12,2018,-32125078,-71.38906222222222,tt3289724,Welcome to Marwen,Drama,6.1,8920
19,2011-10-21,Johnny English Reborn,45000000,8406711,164640401,10,2011,119640401,265.86755777777785,tt1634122,Johnny English Reborn,Action,6.3,110824
19,2011-10-21,Johnny English Reborn,45000000,8406711,164640401,10,2011,119640401,265.86755777777785,tt1634122,Johnny English Reborn,Adventure,6.3,110824
19,2011-10-21,Johnny English Reborn,45000000,8406711,164640401,10,2011,119640401,265.86755777777785,tt1634122,Johnny English Reborn,Comedy,6.3,110824
26,2012-12-31,Foodfight!,45000000,0,73706,12,2012,-44926294,-99.83620888888888,tt0249516,Foodfight!,Action,1.9,8248
26,2012-12-31,Foodfight!,45000000,0,73706,12,2012,-44926294,-99.83620888888888,tt0249516,Foodfight!,Animation,1.9,8248
26,2012-12-31,Foodfight!,45000000,0,73706,12,2012,-44926294,-99.83620888888888,tt0249516,Foodfight!,Comedy,1.9,8248
27,2012-10-12,Argo,44500000,136025503,227140757,10,2012,182640757,410.4286674157303,tt1024648,Argo,Biography,7.7,534683
27,2012-10-12,Argo,44500000,136025503,227140757,10,2012,182640757,410.4286674157303,tt1024648,Argo,Drama,7.7,534683
27,2012-10-12,Argo,44500000,136025503,227140757,10,2012,182640757,410.4286674157303,tt1024648,Argo,Thriller,7.7,534683
31,2010-07-30,Charlie St. Cloud,44000000,31206263,48478084,7,2010,4478084,10.177463636363637,tt1438254,Charlie St. Cloud,Drama,6.5,55016
31,2010-07-30,Charlie St. Cloud,44000000,31206263,48478084,7,2010,4478084,10.177463636363637,tt1438254,Charlie St. Cloud,Fantasy,6.5,55016
31,2010-07-30,Charlie St. Cloud,44000000,31206263,48478084,7,2010,4478084,10.177463636363637,tt1438254,Charlie St. Cloud,Romance,6.5,55016
33,2014-02-06,The Interview,44000000,6105175,12342632,2,2014,-31657368,-71.94856363636364,tt2788710,The Interview,Comedy,6.5,286341
35,2013-06-28,The Heat,43000000,159581587,229727774,6,2013,186727774,434.25063720930234,tt2404463,The Heat,Action,6.6,153501
35,2013-06-28,The Heat,43000000,159581587,229727774,6,2013,186727774,434.25063720930234,tt2404463,The Heat,Comedy,6.6,153501
35,2013-06-28,The Heat,43000000,159581587,229727774,6,2013,186727774,434.25063720930234,tt2404463,The Heat,Crime,6.6,153501
41,2017-01-06,A Monster Calls,43000000,3740823,46414530,1,2017,3414530,7.940767441860465,tt3416532,A Monster Calls,Animation,7.5,70416
41,2017-01-06,A Monster Calls,43000000,3740823,46414530,1,2017,3414530,7.940767441860465,tt3416532,A Monster Calls,Drama,7.5,70416
41,2017-01-06,A Monster Calls,43000000,3740823,46414530,1,2017,3414530,7.940767441860465,tt3416532,A Monster Calls,Fantasy,7.5,70416
42,2011-01-28,The Mechanic,42500000,29121498,76347393,1,2011,33847393,79.64092470588236,tt0472399,The Mechanic,Action,6.6,141254
42,2011-01-28,The Mechanic,42500000,29121498,76347393,1,2011,33847393,79.64092470588236,tt0472399,The Mechanic,Crime,6.6,141254
42,2011-01-28,The Mechanic,42500000,29121498,76347393,1,2011,33847393,79.64092470588236,tt0472399,The Mechanic,Thriller,6.6,141254
44,2012-03-16,21 Jump Street,42000000,138447667,202812429,3,2012,160812429,382.88673571428575,tt1232829,21 Jump Street,Action,7.2,477771
44,2012-03-16,21 Jump Street,42000000,138447667,202812429,3,2012,160812429,382.88673571428575,tt1232829,21 Jump Street,Comedy,7.2,477771
44,2012-03-16,21 Jump Street,42000000,138447667,202812429,3,2012,160812429,382.88673571428575,tt1232829,21 Jump Street,Crime,7.2,477771
51,2017-05-12,Snatched,42000000,45852178,57852177,5,2017,15852177,37.74327857142858,tt1245534,Snatched,Comedy,5.5,61
51,2017-05-12,Snatched,42000000,45852178,57852177,5,2017,15852177,37.74327857142858,tt2334871,Snatched,Action,4.5,29997
51,2017-05-12,Snatched,42000000,45852178,57852177,5,2017,15852177,37.74327857142858,tt2334871,Snatched,Adventure,4.5,29997
51,2017-05-12,Snatched,42000000,45852178,57852177,5,2017,15852177,37.74327857142858,tt2334871,Snatched,Comedy,4.5,29997
52,2012-10-12,Here Comes the Boom,42000000,45290318,73239258,10,2012,31239258,74.37918571428571,tt1648179,Here Comes the Boom,Action,6.4,81761
52,2012-10-12,Here Comes the Boom,42000000,45290318,73239258,10,2012,31239258,74.37918571428571,tt1648179,Here Comes the Boom,Comedy,6.4,81761
52,2012-10-12,Here Comes the Boom,42000000,45290318,73239258,10,2012,31239258,74.37918571428571,tt1648179,Here Comes the Boom,Sport,6.4,81761
55,2011-03-11,Red Riding Hood,42000000,37662162,91678442,3,2011,49678442,118.28200476190477,tt1486185,Red Riding Hood,Fantasy,5.5,102369
55,2011-03-11,Red Riding Hood,42000000,37662162,91678442,3,2011,49678442,118.28200476190477,tt1486185,Red Riding Hood,Horror,5.5,102369
55,2011-03-11,Red Riding Hood,42000000,37662162,91678442,3,2011,49678442,118.28200476190477,tt1486185,Red Riding Hood,Mystery,5.5,102369
58,2018-12-25,Holmes & Watson,42000000,30568743,41926605,12,2018,-73395,-0.17475,tt1255919,Holmes & Watson,Adventure,3.8,17661
58,2018-12-25,Holmes & Watson,42000000,30568743,41926605,12,2018,-73395,-0.17475,tt1255919,Holmes & Watson,Comedy,3.8,17661
58,2018-12-25,Holmes & Watson,42000000,30568743,41926605,12,2018,-73395,-0.17475,tt1255919,Holmes & Watson,Crime,3.8,17661
59,2012-01-27,One for the Money,42000000,26414527,36197221,1,2012,-5802779,-13.816140476190474,tt1598828,One for the Money,Action,5.3,38473
59,2012-01-27,One for the Money,42000000,26414527,36197221,1,2012,-5802779,-13.816140476190474,tt1598828,One for the Money,Comedy,5.3,38473
59,2012-01-27,One for the Money,42000000,26414527,36197221,1,2012,-5802779,-13.816140476190474,tt1598828,One for the Money,Crime,5.3,38473
64,2012-01-27,Man on a Ledge,42000000,18620000,49621440,1,2012,7621440,18.146285714285714,tt1568338,Man on a Ledge,Action,6.6,137507
64,2012-01-27,Man on a Ledge,42000000,18620000,49621440,1,2012,7621440,18.146285714285714,tt1568338,Man on a Ledge,Adventure,6.6,137507
64,2012-01-27,Man on a Ledge,42000000,18620000,49621440,1,2012,7621440,18.146285714285714,tt1568338,Man on a Ledge,Crime,6.6,137507
65,2010-12-03,The Warrior's Way,42000000,5666340,8514325,12,2010,-33485675,-79.72779761904762,tt1032751,The Warrior's Way,Action,6.3,24271
65,2010-12-03,The Warrior's Way,42000000,5666340,8514325,12,2010,-33485675,-79.72779761904762,tt1032751,The Warrior's Way,Fantasy,6.3,24271
65,2010-12-03,The Warrior's Way,42000000,5666340,8514325,12,2010,-33485675,-79.72779761904762,tt1032751,The Warrior's Way,Western,6.3,24271
71,2019-05-31,Rocketman,41000000,57342725,108642725,5,2019,67642725,164.982256097561,tt2066051,Rocketman,Biography,7.7,24266
71,2019-05-31,Rocketman,41000000,57342725,108642725,5,2019,67642725,164.982256097561,tt2066051,Rocketman,Drama,7.7,24266
71,2019-05-31,Rocketman,41000000,57342725,108642725,5,2019,67642725,164.982256097561,tt2066051,Rocketman,Music,7.7,24266
74,2011-10-14,The Big Year,41000000,7204138,7684524,10,2011,-33315476,-81.25725853658538,tt1053810,The Big Year,Comedy,6.2,39522
77,2010-06-11,The Karate Kid,40000000,176591618,351774938,6,2010,311774938,779.437345,tt1155076,The Karate Kid,Action,6.2,146401
77,2010-06-11,The Karate Kid,40000000,176591618,351774938,6,2010,311774938,779.437345,tt1155076,The Karate Kid,Drama,6.2,146401
77,2010-06-11,The Karate Kid,40000000,176591618,351774938,6,2010,311774938,779.437345,tt1155076,The Karate Kid,Family,6.2,146401
78,2015-02-13,Fifty Shades of Grey,40000000,166167230,570998101,2,2015,530998101,1327.4952525,tt2322441,Fifty Shades of Grey,Drama,4.1,279126
78,2015-02-13,Fifty Shades of Grey,40000000,166167230,570998101,2,2015,530998101,1327.4952525,tt2322441,Fifty Shades of Grey,Romance,4.1,279126
78,2015-02-13,Fifty Shades of Grey,40000000,166167230,570998101,2,2015,530998101,1327.4952525,tt2322441,Fifty Shades of Grey,Thriller,4.1,279126
80,2013-12-13,American Hustle,40000000,150117807,257878294,12,2013,217878294,544.695735,tt1800241,American Hustle,Crime,7.2,418221
80,2013-12-13,American Hustle,40000000,150117807,257878294,12,2013,217878294,544.695735,tt1800241,American Hustle,Drama,7.2,418221
83,2014-07-25,Lucy,40000000,126573960,457507776,7,2014,417507776,1043.76944,tt2872732,Lucy,Action,6.4,403194
83,2014-07-25,Lucy,40000000,126573960,457507776,7,2014,417507776,1043.76944,tt2872732,Lucy,Sci-Fi,6.4,403194
83,2014-07-25,Lucy,40000000,126573960,457507776,7,2014,417507776,1043.76944,tt2872732,Lucy,Thriller,6.4,403194
83,2014-07-25,Lucy,40000000,126573960,457507776,7,2014,417507776,1043.76944,tt6142034,Lucy,Documentary,7.0,6
84,2013-12-25,Lone Survivor,40000000,125095601,149804632,12,2013,109804632,274.51158000000004,tt1091191,Lone Survivor,Action,7.5,246641
84,2013-12-25,Lone Survivor,40000000,125095601,149804632,12,2013,109804632,274.51158000000004,tt1091191,Lone Survivor,Biography,7.5,246641
84,2013-12-25,Lone Survivor,40000000,125095601,149804632,12,2013,109804632,274.51158000000004,tt1091191,Lone Survivor,Drama,7.5,246641
91,2010-10-01,The Social Network,40000000,96962694,224922135,10,2010,184922135,462.3053375,tt1285016,The Social Network,Biography,7.7,568578
91,2010-10-01,The Social Network,40000000,96962694,224922135,10,2010,184922135,462.3053375,tt1285016,The Social Network,Drama,7.7,568578
95,2016-01-15,Ride Along 2,40000000,90862685,124827316,1,2016,84827316,212.06829,tt2869728,Ride Along 2,Action,5.9,48688
95,2016-01-15,Ride Along 2,40000000,90862685,124827316,1,2016,84827316,212.06829,tt2869728,Ride Along 2,Comedy,5.9,48688
95,2016-01-15,Ride Along 2,40000000,90862685,124827316,1,2016,84827316,212.06829,tt2869728,Ride Along 2,Crime,5.9,48688
97,2015-03-27,Get Hard,40000000,90411453,106511453,3,2015,66511453,166.2786325,tt2561572,Get Hard,Comedy,6.0,111187
97,2015-03-27,Get Hard,40000000,90411453,106511453,3,2015,66511453,166.2786325,tt2561572,Get Hard,Crime,6.0,111187
100,2016-10-14,The Accountant,40000000,86260045,152962083,10,2016,112962083,282.4052075,tt2140479,The Accountant,Action,7.3,233022
100,2016-10-14,The Accountant,40000000,86260045,152962083,10,2016,112962083,282.4052075,tt2140479,The Accountant,Crime,7.3,233022
100,2016-10-14,The Accountant,40000000,86260045,152962083,10,2016,112962083,282.4052075,tt2140479,The Accountant,Drama,7.3,233022
1,2014-11-14,Dumb and Dumber To,40000000,86208010,156553592,11,2014,116553592,291.38398,tt2096672,Dumb and Dumber To,Adventure,5.6,118646
1,2014-11-14,Dumb and Dumber To,40000000,86208010,156553592,11,2014,116553592,291.38398,tt2096672,Dumb and Dumber To,Comedy,5.6,118646
2,2014-04-25,The Other Woman,40000000,83911193,195111193,4,2014,155111193,387.7779825,tt2203939,The Other Woman,Comedy,6.0,122889
2,2014-04-25,The Other Woman,40000000,83911193,195111193,4,2014,155111193,387.7779825,tt2203939,The Other Woman,Romance,6.0,122889
6,2015-09-25,The Intern,40000000,75764672,197115710,9,2015,157115710,392.789275,tt1636456,The Intern,,5.5,22
6,2015-09-25,The Intern,40000000,75764672,197115710,9,2015,157115710,392.789275,tt2361509,The Intern,Comedy,7.1,191494
6,2015-09-25,The Intern,40000000,75764672,197115710,9,2015,157115710,392.789275,tt2361509,The Intern,Drama,7.1,191494
10,2015-10-16,Bridge of Spies,40000000,72313754,162498338,10,2015,122498338,306.24584500000003,tt3682448,Bridge of Spies,Drama,7.6,263004
10,2015-10-16,Bridge of Spies,40000000,72313754,162498338,10,2015,122498338,306.24584500000003,tt3682448,Bridge of Spies,History,7.6,263004
10,2015-10-16,Bridge of Spies,40000000,72313754,162498338,10,2015,122498338,306.24584500000003,tt3682448,Bridge of Spies,Thriller,7.6,263004
17,2016-11-04,Hacksaw Ridge,40000000,67209615,168904682,11,2016,128904682,322.261705,tt2119532,Hacksaw Ridge,Biography,8.1,366904
17,2016-11-04,Hacksaw Ridge,40000000,67209615,168904682,11,2016,128904682,322.261705,tt2119532,Hacksaw Ridge,Drama,8.1,366904
17,2016-11-04,Hacksaw Ridge,40000000,67209615,168904682,11,2016,128904682,322.261705,tt2119532,Hacksaw Ridge,History,8.1,366904
21,2011-02-18,Unknown,40000000,63686397,136123083,2,2011,96123083,240.3077075,tt1401152,Unknown,Action,6.9,235167
21,2011-02-18,Unknown,40000000,63686397,136123083,2,2011,96123083,240.3077075,tt1401152,Unknown,Mystery,6.9,235167
21,2011-02-18,Unknown,40000000,63686397,136123083,2,2011,96123083,240.3077075,tt1401152,Unknown,Thriller,6.9,235167
21,2011-02-18,Unknown,40000000,63686397,136123083,2,2011,96123083,240.3077075,tt2402731,Unknown,Drama,6.9,14
22,2010-06-04,Get Him to the Greek,40000000,61153526,91455875,6,2010,51455875,128.6396875,tt1226229,Get Him to the Greek,Adventure,6.4,161653
22,2010-06-04,Get Him to the Greek,40000000,61153526,91455875,6,2010,51455875,128.6396875,tt1226229,Get Him to the Greek,Comedy,6.4,161653
22,2010-06-04,Get Him to the Greek,40000000,61153526,91455875,6,2010,51455875,128.6396875,tt1226229,Get Him to the Greek,Music,6.4,161653
25,2011-03-18,The Lincoln Lawyer,40000000,58009200,87145086,3,2011,47145086,117.862715,tt1189340,The Lincoln Lawyer,Crime,7.3,196109
25,2011-03-18,The Lincoln Lawyer,40000000,58009200,87145086,3,2011,47145086,117.862715,tt1189340,The Lincoln Lawyer,Drama,7.3,196109
25,2011-03-18,The Lincoln Lawyer,40000000,58009200,87145086,3,2011,47145086,117.862715,tt1189340,The Lincoln Lawyer,Thriller,7.3,196109
31,2014-11-26,Horrible Bosses 2,40000000,54445357,105945357,11,2014,65945357,164.8633925,tt2170439,Horrible Bosses 2,Comedy,6.3,144442
31,2014-11-26,Horrible Bosses 2,40000000,54445357,105945357,11,2014,65945357,164.8633925,tt2170439,Horrible Bosses 2,Crime,6.3,144442
35,2010-07-09,Predators,40000000,52000688,127234389,7,2010,87234389,218.0859725,tt1424381,Predators,Action,6.4,199764
35,2010-07-09,Predators,40000000,52000688,127234389,7,2010,87234389,218.0859725,tt1424381,Predators,Adventure,6.4,199764
35,2010-07-09,Predators,40000000,52000688,127234389,7,2010,87234389,218.0859725,tt1424381,Predators,Sci-Fi,6.4,199764
36,2012-08-15,The Odd Life of Timothy Green,40000000,51853450,55249159,8,2012,15249159,38.1228975,tt1462769,The Odd Life of Timothy Green,Comedy,6.6,42770
36,2012-08-15,The Odd Life of Timothy Green,40000000,51853450,55249159,8,2012,15249159,38.1228975,tt1462769,The Odd Life of Timothy Green,Drama,6.6,42770
36,2012-08-15,The Odd Life of Timothy Green,40000000,51853450,55249159,8,2012,15249159,38.1228975,tt1462769,The Odd Life of Timothy Green,Family,6.6,42770
43,2014-06-20,Jersey Boys,40000000,47047013,65282732,6,2014,25282732,63.20683,tt1742044,Jersey Boys,Biography,6.8,30410
43,2014-06-20,Jersey Boys,40000000,47047013,65282732,6,2014,25282732,63.20683,tt1742044,Jersey Boys,Drama,6.8,30410
43,2014-06-20,Jersey Boys,40000000,47047013,65282732,6,2014,25282732,63.20683,tt1742044,Jersey Boys,Music,6.8,30410
49,2011-08-12,Final Destination 5,40000000,42587643,155011165,8,2011,115011165,287.5279125,tt1622979,Final Destination 5,Horror,5.9,98061
50,2018-11-16,Widows,40000000,42402632,73866088,11,2018,33866088,84.66521999999998,tt1785670,Widows,Comedy,6.3,484
50,2018-11-16,Widows,40000000,42402632,73866088,11,2018,33866088,84.66521999999998,tt1785670,Widows,Drama,6.3,484
50,2018-11-16,Widows,40000000,42402632,73866088,11,2018,33866088,84.66521999999998,tt4218572,Widows,Crime,7.0,61615
50,2018-11-16,Widows,40000000,42402632,73866088,11,2018,33866088,84.66521999999998,tt4218572,Widows,Drama,7.0,61615
50,2018-11-16,Widows,40000000,42402632,73866088,11,2018,33866088,84.66521999999998,tt4218572,Widows,Thriller,7.0,61615
54,2014-07-18,Sex Tape,40000000,38543473,126069509,7,2014,86069509,215.1737725,tt1956620,Sex Tape,Comedy,5.1,100520
54,2014-07-18,Sex Tape,40000000,38543473,126069509,7,2014,86069509,215.1737725,tt1956620,Sex Tape,Romance,5.1,100520
55,2011-04-15,Scream 4,40000000,38180928,95989590,4,2011,55989590,139.973975,tt1262416,Scream 4,Horror,6.2,118779
55,2011-04-15,Scream 4,40000000,38180928,95989590,4,2011,55989590,139.973975,tt1262416,Scream 4,Mystery,6.2,118779
58,2011-03-18,Paul,40000000,37412945,101162106,3,2011,61162106,152.905265,tt1092026,Paul,Adventure,7.0,220567
58,2011-03-18,Paul,40000000,37412945,101162106,3,2011,61162106,152.905265,tt1092026,Paul,Comedy,7.0,220567
58,2011-03-18,Paul,40000000,37412945,101162106,3,2011,61162106,152.905265,tt1092026,Paul,Sci-Fi,7.0,220567
58,2011-03-18,Paul,40000000,37412945,101162106,3,2011,61162106,152.905265,tt5132504,Paul,Drama,4.8,6
59,2012-12-19,The Guilt Trip,40000000,37134215,41294674,12,2012,1294674,3.2366850000000005,tt1694020,The Guilt Trip,Comedy,5.8,33702
59,2012-12-19,The Guilt Trip,40000000,37134215,41294674,12,2012,1294674,3.2366850000000005,tt1694020,The Guilt Trip,Drama,5.8,33702
60,2011-08-26,Colombiana,40000000,36665854,72295262,8,2011,32295262,80.738155,tt1657507,Colombiana,Action,6.4,87659
60,2011-08-26,Colombiana,40000000,36665854,72295262,8,2011,32295262,80.738155,tt1657507,Colombiana,Drama,6.4,87659
60,2011-08-26,Colombiana,40000000,36665854,72295262,8,2011,32295262,80.738155,tt1657507,Colombiana,Thriller,6.4,87659
62,2018-01-12,The Commuter,40000000,36343858,101985431,1,2018,61985431,154.96357749999999,tt1590193,The Commuter,Action,6.3,83114
62,2018-01-12,The Commuter,40000000,36343858,101985431,1,2018,61985431,154.96357749999999,tt1590193,The Commuter,Mystery,6.3,83114
62,2018-01-12,The Commuter,40000000,36343858,101985431,1,2018,61985431,154.96357749999999,tt1590193,The Commuter,Thriller,6.3,83114
67,2011-04-08,Arthur,40000000,33035397,47787943,4,2011,7787943,19.4698575,tt1334512,Arthur,Comedy,5.7,49013
67,2011-04-08,Arthur,40000000,33035397,47787943,4,2011,7787943,19.4698575,tt1334512,Arthur,Romance,5.7,49013
69,2016-12-21,Patriots Day,40000000,31886361,52837989,12,2016,12837989,32.094972500000004,tt4572514,Patriots Day,Action,7.4,76204
69,2016-12-21,Patriots Day,40000000,31886361,52837989,12,2016,12837989,32.094972500000004,tt4572514,Patriots Day,Crime,7.4,76204
69,2016-12-21,Patriots Day,40000000,31886361,52837989,12,2016,12837989,32.094972500000004,tt4572514,Patriots Day,Drama,7.4,76204
73,2010-11-10,Morning Glory,40000000,31011732,59795070,11,2010,19795070,49.487675,tt1126618,Morning Glory,Comedy,6.5,67367
73,2010-11-10,Morning Glory,40000000,31011732,59795070,11,2010,19795070,49.487675,tt1126618,Morning Glory,Drama,6.5,67367
73,2010-11-10,Morning Glory,40000000,31011732,59795070,11,2010,19795070,49.487675,tt1126618,Morning Glory,Romance,6.5,67367
75,2019-05-03,Long Shot,40000000,30202860,43711031,5,2019,3711031,9.2775775,tt2139881,Long Shot,Comedy,7.2,12814
75,2019-05-03,Long Shot,40000000,30202860,43711031,5,2019,3711031,9.2775775,tt2139881,Long Shot,Romance,7.2,12814
77,2013-12-25,Grudge Match,40000000,29807260,69807260,12,2013,29807260,74.51815,tt1661382,Grudge Match,Comedy,6.4,54080
77,2013-12-25,Grudge Match,40000000,29807260,69807260,12,2013,29807260,74.51815,tt1661382,Grudge Match,Drama,6.4,54080
77,2013-12-25,Grudge Match,40000000,29807260,69807260,12,2013,29807260,74.51815,tt1661382,Grudge Match,Sport,6.4,54080
81,2017-08-11,The Nut Job 2: Nutty by Nature,40000000,28370522,57438389,8,2017,17438389,43.595972499999995,tt3486626,The Nut Job 2: Nutty by Nature,Adventure,5.5,4820
81,2017-08-11,The Nut Job 2: Nutty by Nature,40000000,28370522,57438389,8,2017,17438389,43.595972499999995,tt3486626,The Nut Job 2: Nutty by Nature,Animation,5.5,4820
81,2017-08-11,The Nut Job 2: Nutty by Nature,40000000,28370522,57438389,8,2017,17438389,43.595972499999995,tt3486626,The Nut Job 2: Nutty by Nature,Comedy,5.5,4820
84,2017-01-27,Resident Evil: The Final Chapter,40000000,26844692,314101190,1,2017,274101190,685.252975,tt2592614,Resident Evil: The Final Chapter,Action,5.6,74979
84,2017-01-27,Resident Evil: The Final Chapter,40000000,26844692,314101190,1,2017,274101190,685.252975,tt2592614,Resident Evil: The Final Chapter,Horror,5.6,74979
84,2017-01-27,Resident Evil: The Final Chapter,40000000,26844692,314101190,1,2017,274101190,685.252975,tt2592614,Resident Evil: The Final Chapter,Sci-Fi,5.6,74979
86,2017-06-30,The House,40000000,25584504,31192425,6,2017,-8807575,-22.0189375,tt1961562,The House,Drama,4.6,50
86,2017-06-30,The House,40000000,25584504,31192425,6,2017,-8807575,-22.0189375,tt1961562,The House,Mystery,4.6,50
86,2017-06-30,The House,40000000,25584504,31192425,6,2017,-8807575,-22.0189375,tt1961562,The House,Thriller,4.6,50
86,2017-06-30,The House,40000000,25584504,31192425,6,2017,-8807575,-22.0189375,tt2408288,The House,Animation,7.3,58
86,2017-06-30,The House,40000000,25584504,31192425,6,2017,-8807575,-22.0189375,tt3425402,The House,Thriller,4.5,476
86,2017-06-30,The House,40000000,25584504,31192425,6,2017,-8807575,-22.0189375,tt4481514,The House,Comedy,5.6,33365
86,2017-06-30,The House,40000000,25584504,31192425,6,2017,-8807575,-22.0189375,tt4481514,The House,Crime,5.6,33365
89,2011-01-07,Season of the Witch,40000000,24827228,91126600,1,2011,51126600,127.8165,tt0479997,Season of the Witch,Action,5.4,85777
89,2011-01-07,Season of the Witch,40000000,24827228,91126600,1,2011,51126600,127.8165,tt0479997,Season of the Witch,Adventure,5.4,85777
89,2011-01-07,Season of the Witch,40000000,24827228,91126600,1,2011,51126600,127.8165,tt0479997,Season of the Witch,Fantasy,5.4,85777
94,2016-08-26,Mechanic: Resurrection,40000000,21218403,109738840,8,2016,69738840,174.3471,tt3522806,Mechanic: Resurrection,Action,5.7,67275
94,2016-08-26,Mechanic: Resurrection,40000000,21218403,109738840,8,2016,69738840,174.3471,tt3522806,Mechanic: Resurrection,Adventure,5.7,67275
94,2016-08-26,Mechanic: Resurrection,40000000,21218403,109738840,8,2016,69738840,174.3471,tt3522806,Mechanic: Resurrection,Thriller,5.7,67275
99,2012-02-03,Big Miracle,40000000,20157300,25268680,2,2012,-14731320,-36.82830000000001,tt1430615,Big Miracle,Biography,6.5,17585
99,2012-02-03,Big Miracle,40000000,20157300,25268680,2,2012,-14731320,-36.82830000000001,tt1430615,Big Miracle,Drama,6.5,17585
99,2012-02-03,Big Miracle,40000000,20157300,25268680,2,2012,-14731320,-36.82830000000001,tt1430615,Big Miracle,Family,6.5,17585
100,2012-12-21,The Impossible,40000000,19019882,169590606,12,2012,129590606,323.976515,tt1649419,The Impossible,Drama,7.6,177762
100,2012-12-21,The Impossible,40000000,19019882,169590606,12,2012,129590606,323.976515,tt1649419,The Impossible,History,7.6,177762
100,2012-12-21,The Impossible,40000000,19019882,169590606,12,2012,129590606,323.976515,tt1649419,The Impossible,Thriller,7.6,177762
1,2012-03-09,A Thousand Words,40000000,18450127,20790486,3,2012,-19209514,-48.023785,tt0763831,A Thousand Words,Comedy,5.9,36387
1,2012-03-09,A Thousand Words,40000000,18450127,20790486,3,2012,-19209514,-48.023785,tt0763831,A Thousand Words,Drama,5.9,36387
15,2015-03-20,The Gunman,40000000,10664749,18594227,3,2015,-21405773,-53.5144325,tt2515034,The Gunman,Action,5.8,36053
15,2015-03-20,The Gunman,40000000,10664749,18594227,3,2015,-21405773,-53.5144325,tt2515034,The Gunman,Crime,5.8,36053
15,2015-03-20,The Gunman,40000000,10664749,18594227,3,2015,-21405773,-53.5144325,tt2515034,The Gunman,Drama,5.8,36053
19,2013-08-16,Paranoia,40000000,7388654,16340767,8,2013,-23659233,-59.148082499999994,tt1413495,Paranoia,Drama,5.7,33149
19,2013-08-16,Paranoia,40000000,7388654,16340767,8,2013,-23659233,-59.148082499999994,tt1413495,Paranoia,Thriller,5.7,33149
19,2013-08-16,Paranoia,40000000,7388654,16340767,8,2013,-23659233,-59.148082499999994,tt1904995,Paranoia,Thriller,5.3,26
21,2015-07-10,Baahubali: The Beginning,40000000,6738000,26736665,7,2015,-13263335,-33.1583375,tt2631186,Baahubali: The Beginning,Action,8.1,93243
21,2015-07-10,Baahubali: The Beginning,40000000,6738000,26736665,7,2015,-13263335,-33.1583375,tt2631186,Baahubali: The Beginning,Drama,8.1,93243
22,2018-03-09,The Hurricane Heist,40000000,6115824,30963684,3,2018,-9036316,-22.59079,tt5360952,The Hurricane Heist,Action,5.1,15326
22,2018-03-09,The Hurricane Heist,40000000,6115824,30963684,3,2018,-9036316,-22.59079,tt5360952,The Hurricane Heist,Adventure,5.1,15326
22,2018-03-09,The Hurricane Heist,40000000,6115824,30963684,3,2018,-9036316,-22.59079,tt5360952,The Hurricane Heist,Crime,5.1,15326
24,2015-11-25,Victor Frankenstein,40000000,5775076,31124367,11,2015,-8875633,-22.1890825,tt1976009,Victor Frankenstein,Drama,6.0,47492
24,2015-11-25,Victor Frankenstein,40000000,5775076,31124367,11,2015,-8875633,-22.1890825,tt1976009,Victor Frankenstein,Horror,6.0,47492
24,2015-11-25,Victor Frankenstein,40000000,5775076,31124367,11,2015,-8875633,-22.1890825,tt1976009,Victor Frankenstein,Sci-Fi,6.0,47492
27,2014-06-27,Snowpiercer,40000000,4563029,88069880,6,2014,48069880,120.1747,tt1706620,Snowpiercer,Action,7.1,239264
27,2014-06-27,Snowpiercer,40000000,4563029,88069880,6,2014,48069880,120.1747,tt1706620,Snowpiercer,Drama,7.1,239264
27,2014-06-27,Snowpiercer,40000000,4563029,88069880,6,2014,48069880,120.1747,tt1706620,Snowpiercer,Sci-Fi,7.1,239264
39,2019-06-21,Kursk,40000000,0,4212799,6,2019,-35787201,-89.4680025,tt2392373,Kursk,Drama,5.5,14
40,2016-11-11,USS Indianapolis: Men of Courage,40000000,0,1663785,11,2016,-38336215,-95.8405375,tt2032572,USS Indianapolis: Men of Courage,Action,5.2,9453
40,2016-11-11,USS Indianapolis: Men of Courage,40000000,0,1663785,11,2016,-38336215,-95.8405375,tt2032572,USS Indianapolis: Men of Courage,Drama,5.2,9453
40,2016-11-11,USS Indianapolis: Men of Courage,40000000,0,1663785,11,2016,-38336215,-95.8405375,tt2032572,USS Indianapolis: Men of Courage,History,5.2,9453
48,2012-10-05,Frankenweenie,39000000,35287788,81150788,10,2012,42150788,108.0789435897436,tt1142977,Frankenweenie,Animation,7.0,89489
48,2012-10-05,Frankenweenie,39000000,35287788,81150788,10,2012,42150788,108.0789435897436,tt1142977,Frankenweenie,Comedy,7.0,89489
48,2012-10-05,Frankenweenie,39000000,35287788,81150788,10,2012,42150788,108.0789435897436,tt1142977,Frankenweenie,Family,7.0,89489
59,2017-06-02,Captain Underpants: The First Epic Movie,38000000,73921000,126577874,6,2017,88577874,233.09966842105263,tt2091256,Captain Underpants: The First Epic Movie,Action,6.2,21903
59,2017-06-02,Captain Underpants: The First Epic Movie,38000000,73921000,126577874,6,2017,88577874,233.09966842105263,tt2091256,Captain Underpants: The First Epic Movie,Animation,6.2,21903
59,2017-06-02,Captain Underpants: The First Epic Movie,38000000,73921000,126577874,6,2017,88577874,233.09966842105263,tt2091256,Captain Underpants: The First Epic Movie,Comedy,6.2,21903
60,2015-04-17,Paul Blart: Mall Cop 2,38000000,71091594,107650646,4,2015,69650646,183.29117368421046,tt3450650,Paul Blart: Mall Cop 2,Action,4.4,30828
60,2015-04-17,Paul Blart: Mall Cop 2,38000000,71091594,107650646,4,2015,69650646,183.29117368421046,tt3450650,Paul Blart: Mall Cop 2,Comedy,4.4,30828
60,2015-04-17,Paul Blart: Mall Cop 2,38000000,71091594,107650646,4,2015,69650646,183.29117368421046,tt3450650,Paul Blart: Mall Cop 2,Crime,4.4,30828
62,2016-12-23,Why Him?,38000000,60323786,117425156,12,2016,79425156,209.01356842105264,tt4501244,Why Him?,Comedy,6.2,89628
63,2011-04-22,Water for Elephants,38000000,58709717,116809717,4,2011,78809717,207.39399210526318,tt1067583,Water for Elephants,Drama,6.9,105812
63,2011-04-22,Water for Elephants,38000000,58709717,116809717,4,2011,78809717,207.39399210526318,tt1067583,Water for Elephants,Romance,6.9,105812
64,2010-10-08,Life as We Know It,38000000,53374681,105887837,10,2010,67887837,178.65220263157894,tt1055292,Life as We Know It,Comedy,6.6,113077
64,2010-10-08,Life as We Know It,38000000,53374681,105887837,10,2010,67887837,178.65220263157894,tt1055292,Life as We Know It,Drama,6.6,113077
64,2010-10-08,Life as We Know It,38000000,53374681,105887837,10,2010,67887837,178.65220263157894,tt1055292,Life as We Know It,Romance,6.6,113077
66,2013-09-06,Riddick,38000000,42025135,94763758,9,2013,56763758,149.37831052631574,tt1411250,Riddick,Action,6.4,144821
66,2013-09-06,Riddick,38000000,42025135,94763758,9,2013,56763758,149.37831052631574,tt1411250,Riddick,Adventure,6.4,144821
66,2013-09-06,Riddick,38000000,42025135,94763758,9,2013,56763758,149.37831052631574,tt1411250,Riddick,Sci-Fi,6.4,144821
69,2016-01-22,The 5th Wave,38000000,34912982,111336398,1,2016,73336398,192.9905210526316,tt2304933,The 5th Wave,Action,5.2,90788
69,2016-01-22,The 5th Wave,38000000,34912982,111336398,1,2016,73336398,192.9905210526316,tt2304933,The 5th Wave,Adventure,5.2,90788
69,2016-01-22,The 5th Wave,38000000,34912982,111336398,1,2016,73336398,192.9905210526316,tt2304933,The 5th Wave,Drama,5.2,90788
71,2013-09-20,Rush,38000000,26947624,98230839,9,2013,60230839,158.50220789473684,tt1979320,Rush,Action,8.1,393437
71,2013-09-20,Rush,38000000,26947624,98230839,9,2013,60230839,158.50220789473684,tt1979320,Rush,Biography,8.1,393437
71,2013-09-20,Rush,38000000,26947624,98230839,9,2013,60230839,158.50220789473684,tt1979320,Rush,Drama,8.1,393437
71,2013-09-20,Rush,38000000,26947624,98230839,9,2013,60230839,158.50220789473684,tt1987632,Rush,Comedy,7.9,8
71,2013-09-20,Rush,38000000,26947624,98230839,9,2013,60230839,158.50220789473684,tt1987632,Rush,Romance,7.9,8
71,2013-09-20,Rush,38000000,26947624,98230839,9,2013,60230839,158.50220789473684,tt2256514,Rush,Crime,3.8,780
71,2013-09-20,Rush,38000000,26947624,98230839,9,2013,60230839,158.50220789473684,tt2256514,Rush,Thriller,3.8,780
75,2017-10-20,Only the Brave,38000000,18340051,24555177,10,2017,-13444823,-35.38111315789474,tt3829920,Only the Brave,Action,7.7,45482
75,2017-10-20,Only the Brave,38000000,18340051,24555177,10,2017,-13444823,-35.38111315789474,tt3829920,Only the Brave,Biography,7.7,45482
75,2017-10-20,Only the Brave,38000000,18340051,24555177,10,2017,-13444823,-35.38111315789474,tt3829920,Only the Brave,Drama,7.7,45482
77,2011-10-14,The Thing,38000000,16999934,27573078,10,2011,-10426922,-27.439268421052628,tt0905372,The Thing,Horror,6.2,111900
77,2011-10-14,The Thing,38000000,16999934,27573078,10,2011,-10426922,-27.439268421052628,tt0905372,The Thing,Mystery,6.2,111900
77,2011-10-14,The Thing,38000000,16999934,27573078,10,2011,-10426922,-27.439268421052628,tt0905372,The Thing,Sci-Fi,6.2,111900
82,2018-09-21,The Sisters Brothers,38000000,3143056,13143056,9,2018,-24856944,-65.41301052631579,tt4971344,The Sisters Brothers,Adventure,7.0,32135
82,2018-09-21,The Sisters Brothers,38000000,3143056,13143056,9,2018,-24856944,-65.41301052631579,tt4971344,The Sisters Brothers,Comedy,7.0,32135
82,2018-09-21,The Sisters Brothers,38000000,3143056,13143056,9,2018,-24856944,-65.41301052631579,tt4971344,The Sisters Brothers,Crime,7.0,32135
85,2019-01-11,The Upside,37500000,108235497,119024536,1,2019,81524536,217.39876266666664,tt1987680,The Upside,Comedy,6.7,24169
85,2019-01-11,The Upside,37500000,108235497,119024536,1,2019,81524536,217.39876266666664,tt1987680,The Upside,Drama,6.7,24169
86,2012-05-18,What to Expect When You're Expecting,37500000,41152203,88473016,5,2012,50973016,135.92804266666667,tt1586265,What to Expect When You're Expecting,Comedy,5.7,65890
86,2012-05-18,What to Expect When You're Expecting,37500000,41152203,88473016,5,2012,50973016,135.92804266666667,tt1586265,What to Expect When You're Expecting,Drama,5.7,65890
86,2012-05-18,What to Expect When You're Expecting,37500000,41152203,88473016,5,2012,50973016,135.92804266666667,tt1586265,What to Expect When You're Expecting,Romance,5.7,65890
87,2012-09-14,The Master,37500000,16247159,50647416,9,2012,13147416,35.059776,tt1560747,The Master,Drama,7.1,131365
87,2012-09-14,The Master,37500000,16247159,50647416,9,2012,13147416,35.059776,tt4117096,The Master,Documentary,8.0,130
87,2012-09-14,The Master,37500000,16247159,50647416,9,2012,13147416,35.059776,tt4273106,The Master,Action,4.8,54
87,2012-09-14,The Master,37500000,16247159,50647416,9,2012,13147416,35.059776,tt4273106,The Master,History,4.8,54
90,2013-08-07,We're the Millers,37000000,150394119,267816276,8,2013,230816276,623.827772972973,tt1723121,We're the Millers,Comedy,7.0,371759
90,2013-08-07,We're the Millers,37000000,150394119,267816276,8,2013,230816276,623.827772972973,tt1723121,We're the Millers,Crime,7.0,371759
91,2015-11-25,Creed,37000000,109767581,173567581,11,2015,136567581,369.1015702702703,tt1632705,Creed,Horror,6.6,12
91,2015-11-25,Creed,37000000,109767581,173567581,11,2015,136567581,369.1015702702703,tt3076658,Creed,Drama,7.6,224671
91,2015-11-25,Creed,37000000,109767581,173567581,11,2015,136567581,369.1015702702703,tt3076658,Creed,Sport,7.6,224671
91,2015-11-25,Creed,37000000,109767581,173567581,11,2015,136567581,369.1015702702703,tt4354930,Creed,Crime,5.8,25
91,2015-11-25,Creed,37000000,109767581,173567581,11,2015,136567581,369.1015702702703,tt4354930,Creed,Drama,5.8,25
92,2010-09-17,The Town,37000000,92186262,152566881,9,2010,115566881,312.34292162162166,tt0840361,The Town,Crime,7.6,322524
92,2010-09-17,The Town,37000000,92186262,152566881,9,2010,115566881,312.34292162162166,tt0840361,The Town,Drama,7.6,322524
92,2010-09-17,The Town,37000000,92186262,152566881,9,2010,115566881,312.34292162162166,tt0840361,The Town,Thriller,7.6,322524
93,2011-09-23,Dolphin Tale,37000000,72286779,96068724,9,2011,59068724,159.6452,tt1564349,Dolphin Tale,Drama,6.9,20746
93,2011-09-23,Dolphin Tale,37000000,72286779,96068724,9,2011,59068724,159.6452,tt1564349,Dolphin Tale,Family,6.9,20746
94,2018-02-23,Game Night,37000000,69179066,117378084,2,2018,80378084,217.2380648648649,tt2704998,Game Night,Action,7.0,163279
94,2018-02-23,Game Night,37000000,69179066,117378084,2,2018,80378084,217.2380648648649,tt2704998,Game Night,Comedy,7.0,163279
94,2018-02-23,Game Night,37000000,69179066,117378084,2,2018,80378084,217.2380648648649,tt2704998,Game Night,Crime,7.0,163279
99,2010-02-26,Cop Out,37000000,44875481,55909910,2,2010,18909910,51.10786486486486,tt1385867,Cop Out,Action,5.6,81656
99,2010-02-26,Cop Out,37000000,44875481,55909910,2,2010,18909910,51.10786486486486,tt1385867,Cop Out,Comedy,5.6,81656
99,2010-02-26,Cop Out,37000000,44875481,55909910,2,2010,18909910,51.10786486486486,tt1385867,Cop Out,Crime,5.6,81656
100,2011-01-28,The Rite,37000000,33047633,97143987,1,2011,60143987,162.55131621621618,tt1161864,The Rite,Drama,6.0,85604
100,2011-01-28,The Rite,37000000,33047633,97143987,1,2011,60143987,162.55131621621618,tt1161864,The Rite,Horror,6.0,85604
100,2011-01-28,The Rite,37000000,33047633,97143987,1,2011,60143987,162.55131621621618,tt1161864,The Rite,Mystery,6.0,85604
3,2015-05-29,Aloha,37000000,21052030,25387091,5,2015,-11612909,-31.386240540540534,tt1243974,Aloha,Comedy,5.4,54646
3,2015-05-29,Aloha,37000000,21052030,25387091,5,2015,-11612909,-31.386240540540534,tt1243974,Aloha,Drama,5.4,54646
3,2015-05-29,Aloha,37000000,21052030,25387091,5,2015,-11612909,-31.386240540540534,tt1243974,Aloha,Romance,5.4,54646
5,2018-10-05,A Star is Born,36000000,215288866,433449571,10,2018,397449571,1104.026586111111,tt1776364,A Star is Born,Documentary,5.1,15
5,2018-10-05,A Star is Born,36000000,215288866,433449571,10,2018,397449571,1104.026586111111,tt1776364,A Star is Born,Music,5.1,15
10,2010-03-26,Hot Tub Time Machine,36000000,50269859,65967750,3,2010,29967750,83.24375,tt1231587,Hot Tub Time Machine,Comedy,6.4,153962
10,2010-03-26,Hot Tub Time Machine,36000000,50269859,65967750,3,2010,29967750,83.24375,tt1231587,Hot Tub Time Machine,Sci-Fi,6.4,153962
12,2014-09-12,Dolphin Tale 2,36000000,42024533,57824533,9,2014,21824533,60.62370277777778,tt2978462,Dolphin Tale 2,Drama,6.4,7579
12,2014-09-12,Dolphin Tale 2,36000000,42024533,57824533,9,2014,21824533,60.62370277777778,tt2978462,Dolphin Tale 2,Family,6.4,7579
13,2016-12-16,Collateral Beauty,36000000,31016021,85309093,12,2016,49309093,136.96970277777777,tt4682786,Collateral Beauty,Drama,6.8,78764
13,2016-12-16,Collateral Beauty,36000000,31016021,85309093,12,2016,49309093,136.96970277777777,tt4682786,Collateral Beauty,Romance,6.8,78764
21,2011-05-06,There Be Dragons,36000000,1069334,4020990,5,2011,-31979010,-88.83058333333334,tt1316616,There Be Dragons,Biography,5.8,4326
21,2011-05-06,There Be Dragons,36000000,1069334,4020990,5,2011,-31979010,-88.83058333333334,tt1316616,There Be Dragons,Drama,5.8,4326
21,2011-05-06,There Be Dragons,36000000,1069334,4020990,5,2011,-31979010,-88.83058333333334,tt1316616,There Be Dragons,War,5.8,4326
22,2017-04-14,Queen of the Desert,36000000,0,1578543,4,2017,-34421457,-95.61515833333334,tt1837636,Queen of the Desert,Adventure,5.7,8529
22,2017-04-14,Queen of the Desert,36000000,0,1578543,4,2017,-34421457,-95.61515833333334,tt1837636,Queen of the Desert,Biography,5.7,8529
22,2017-04-14,Queen of the Desert,36000000,0,1578543,4,2017,-34421457,-95.61515833333334,tt1837636,Queen of the Desert,Drama,5.7,8529
24,2017-09-08,It,35000000,327481748,697457969,9,2017,662457969,1892.7370542857145,tt1396484,It,Horror,7.4,359123
24,2017-09-08,It,35000000,327481748,697457969,9,2017,662457969,1892.7370542857145,tt1396484,It,Thriller,7.4,359123
29,2010-12-22,True Grit,35000000,171243005,252276928,12,2010,217276928,620.7912228571429,tt1403865,True Grit,Adventure,7.6,284034
29,2010-12-22,True Grit,35000000,171243005,252276928,12,2010,217276928,620.7912228571429,tt1403865,True Grit,Drama,7.6,284034
29,2010-12-22,True Grit,35000000,171243005,252276928,12,2010,217276928,620.7912228571429,tt1403865,True Grit,Western,7.6,284034
32,2013-02-08,Identity Thief,35000000,134506920,175361578,2,2013,140361578,401.03308,tt2024432,Identity Thief,Adventure,5.7,115624
32,2013-02-08,Identity Thief,35000000,134506920,175361578,2,2013,140361578,401.03308,tt2024432,Identity Thief,Comedy,5.7,115624
32,2013-02-08,Identity Thief,35000000,134506920,175361578,2,2013,140361578,401.03308,tt2024432,Identity Thief,Crime,5.7,115624
34,2011-07-08,Horrible Bosses,35000000,117538559,212417601,7,2011,177417601,506.9074314285714,tt1499658,Horrible Bosses,Comedy,6.9,398695
34,2011-07-08,Horrible Bosses,35000000,117538559,212417601,7,2011,177417601,506.9074314285714,tt1499658,Horrible Bosses,Crime,6.9,398695
36,2015-07-17,Trainwreck,35000000,110212700,141123897,7,2015,106123897,303.21113428571425,tt3152624,Trainwreck,Comedy,6.2,121860
36,2015-07-17,Trainwreck,35000000,110212700,141123897,7,2015,106123897,303.21113428571425,tt3152624,Trainwreck,Drama,6.2,121860
36,2015-07-17,Trainwreck,35000000,110212700,141123897,7,2015,106123897,303.21113428571425,tt3152624,Trainwreck,Romance,6.2,121860
37,2013-12-13,Saving Mr. Banks,35000000,83299761,114962525,12,2013,79962525,228.46435714285718,tt2140373,Saving Mr. Banks,Biography,7.5,140678
37,2013-12-13,Saving Mr. Banks,35000000,83299761,114962525,12,2013,79962525,228.46435714285718,tt2140373,Saving Mr. Banks,Comedy,7.5,140678
37,2013-12-13,Saving Mr. Banks,35000000,83299761,114962525,12,2013,79962525,228.46435714285718,tt2140373,Saving Mr. Banks,Drama,7.5,140678
49,2010-04-30,A Nightmare on Elm Street,35000000,63075011,117729621,4,2010,82729621,236.3703457142857,tt1179056,A Nightmare on Elm Street,Crime,5.2,85497
49,2010-04-30,A Nightmare on Elm Street,35000000,63075011,117729621,4,2010,82729621,236.3703457142857,tt1179056,A Nightmare on Elm Street,Drama,5.2,85497
49,2010-04-30,A Nightmare on Elm Street,35000000,63075011,117729621,4,2010,82729621,236.3703457142857,tt1179056,A Nightmare on Elm Street,Horror,5.2,85497
53,2010-10-08,Secretariat,35000000,59699513,60376247,10,2010,25376247,72.50356285714284,tt1028576,Secretariat,Biography,7.2,24536
53,2010-10-08,Secretariat,35000000,59699513,60376247,10,2010,25376247,72.50356285714284,tt1028576,Secretariat,Drama,7.2,24536
53,2010-10-08,Secretariat,35000000,59699513,60376247,10,2010,25376247,72.50356285714284,tt1028576,Secretariat,Family,7.2,24536
55,2011-07-22,Friends with Benefits,35000000,55802754,146595891,7,2011,111595891,318.84540285714286,tt1632708,Friends with Benefits,Comedy,6.6,317338
55,2011-07-22,Friends with Benefits,35000000,55802754,146595891,7,2011,111595891,318.84540285714286,tt1632708,Friends with Benefits,Romance,6.6,317338
56,2016-05-20,Neighbors 2: Sorority Rising,35000000,55340730,108757621,5,2016,73757621,210.73606,tt4438848,Neighbors 2: Sorority Rising,Comedy,5.7,102793
59,2018-06-29,Sicario: Day of the Soldado,35000000,50065850,75885196,6,2018,40885196,116.81484571428572,tt5052474,Sicario: Day of the Soldado,Action,7.1,95650
59,2018-06-29,Sicario: Day of the Soldado,35000000,50065850,75885196,6,2018,40885196,116.81484571428572,tt5052474,Sicario: Day of the Soldado,Crime,7.1,95650
59,2018-06-29,Sicario: Day of the Soldado,35000000,50065850,75885196,6,2018,40885196,116.81484571428572,tt5052474,Sicario: Day of the Soldado,Drama,7.1,95650
62,2015-05-22,Poltergeist,35000000,47425125,95713069,5,2015,60713069,173.4659114285714,tt1029360,Poltergeist,Horror,4.9,51538
62,2015-05-22,Poltergeist,35000000,47425125,95713069,5,2015,60713069,173.4659114285714,tt1029360,Poltergeist,Thriller,4.9,51538
63,2018-10-12,Goosebumps 2: Haunted Halloween,35000000,46697321,93291478,10,2018,58291478,166.54708,tt5664636,Goosebumps 2: Haunted Halloween,Adventure,5.6,11459
63,2018-10-12,Goosebumps 2: Haunted Halloween,35000000,46697321,93291478,10,2018,58291478,166.54708,tt5664636,Goosebumps 2: Haunted Halloween,Comedy,5.6,11459
63,2018-10-12,Goosebumps 2: Haunted Halloween,35000000,46697321,93291478,10,2018,58291478,166.54708,tt5664636,Goosebumps 2: Haunted Halloween,Family,5.6,11459
64,2018-01-19,12 Strong,35000000,45819713,71118378,1,2018,36118378,103.19536571428571,tt1413492,12 Strong,Action,6.6,50155
64,2018-01-19,12 Strong,35000000,45819713,71118378,1,2018,36118378,103.19536571428571,tt1413492,12 Strong,Drama,6.6,50155
64,2018-01-19,12 Strong,35000000,45819713,71118378,1,2018,36118378,103.19536571428571,tt1413492,12 Strong,History,6.6,50155
72,2011-05-06,Something Borrowed,35000000,39046489,65084116,5,2011,30084116,85.95461714285715,tt0491152,Something Borrowed,Comedy,5.9,54314
72,2011-05-06,Something Borrowed,35000000,39046489,65084116,5,2011,30084116,85.95461714285715,tt0491152,Something Borrowed,Drama,5.9,54314
72,2011-05-06,Something Borrowed,35000000,39046489,65084116,5,2011,30084116,85.95461714285715,tt0491152,Something Borrowed,Romance,5.9,54314
74,2011-10-28,In Time,35000000,37553932,165103952,10,2011,130103952,371.7255771428572,tt1637688,In Time,Action,6.7,346077
74,2011-10-28,In Time,35000000,37553932,165103952,10,2011,130103952,371.7255771428572,tt1637688,In Time,Crime,6.7,346077
74,2011-10-28,In Time,35000000,37553932,165103952,10,2011,130103952,371.7255771428572,tt1637688,In Time,Drama,6.7,346077
75,2010-04-23,The Back-up Plan,35000000,37490007,75281179,4,2010,40281179,115.08908285714287,tt1212436,The Back-up Plan,Comedy,5.4,46128
75,2010-04-23,The Back-up Plan,35000000,37490007,75281179,4,2010,40281179,115.08908285714287,tt1212436,The Back-up Plan,Romance,5.4,46128
76,2011-11-09,J. Edgar,35000000,37306030,84606030,11,2011,49606030,141.73151428571433,tt1616195,J. Edgar,Biography,6.6,115925
76,2011-11-09,J. Edgar,35000000,37306030,84606030,11,2011,49606030,141.73151428571433,tt1616195,J. Edgar,Crime,6.6,115925
76,2011-11-09,J. Edgar,35000000,37306030,84606030,11,2011,49606030,141.73151428571433,tt1616195,J. Edgar,Drama,6.6,115925
78,2018-08-17,Mile 22,35000000,36108758,66295121,8,2018,31295121,89.41463142857144,tt4560436,Mile 22,Action,6.1,47862
78,2018-08-17,Mile 22,35000000,36108758,66295121,8,2018,31295121,89.41463142857144,tt4560436,Mile 22,Adventure,6.1,47862
78,2018-08-17,Mile 22,35000000,36108758,66295121,8,2018,31295121,89.41463142857144,tt4560436,Mile 22,Thriller,6.1,47862
79,2015-05-08,Hot Pursuit,35000000,34580201,45671512,5,2015,10671512,30.490034285714284,tt2967224,Hot Pursuit,Action,5.1,44723
79,2015-05-08,Hot Pursuit,35000000,34580201,45671512,5,2015,10671512,30.490034285714284,tt2967224,Hot Pursuit,Comedy,5.1,44723
79,2015-05-08,Hot Pursuit,35000000,34580201,45671512,5,2015,10671512,30.490034285714284,tt2967224,Hot Pursuit,Crime,5.1,44723
80,2015-12-25,Concussion,35000000,34531832,50363790,12,2015,15363790,43.89654285714285,tt2296697,Concussion,Drama,5.7,3813
80,2015-12-25,Concussion,35000000,34531832,50363790,12,2015,15363790,43.89654285714285,tt3322364,Concussion,Biography,7.1,77576
80,2015-12-25,Concussion,35000000,34531832,50363790,12,2015,15363790,43.89654285714285,tt3322364,Concussion,Drama,7.1,77576
80,2015-12-25,Concussion,35000000,34531832,50363790,12,2015,15363790,43.89654285714285,tt3322364,Concussion,Sport,7.1,77576
81,2017-10-13,The Foreigner,35000000,34393507,140783360,10,2017,105783360,302.23817142857143,tt1615160,The Foreigner,Action,7.0,81288
81,2017-10-13,The Foreigner,35000000,34393507,140783360,10,2017,105783360,302.23817142857143,tt1615160,The Foreigner,Thriller,7.0,81288
81,2017-10-13,The Foreigner,35000000,34393507,140783360,10,2017,105783360,302.23817142857143,tt2170623,The Foreigner,Comedy,6.8,1526
81,2017-10-13,The Foreigner,35000000,34393507,140783360,10,2017,105783360,302.23817142857143,tt2170623,The Foreigner,Romance,6.8,1526
89,2018-06-01,Adrift,35000000,31445011,57897191,6,2018,22897191,65.42054571428572,tt2408090,Adrift,Drama,6.0,6
89,2018-06-01,Adrift,35000000,31445011,57897191,6,2018,22897191,65.42054571428572,tt6306064,Adrift,Action,6.6,34115
89,2018-06-01,Adrift,35000000,31445011,57897191,6,2018,22897191,65.42054571428572,tt6306064,Adrift,Adventure,6.6,34115
89,2018-06-01,Adrift,35000000,31445011,57897191,6,2018,22897191,65.42054571428572,tt6306064,Adrift,Biography,6.6,34115
91,2017-01-06,Underworld: Blood Wars,35000000,30353973,81209222,1,2017,46209222,132.02634857142857,tt3717252,Underworld: Blood Wars,Action,5.8,62942
91,2017-01-06,Underworld: Blood Wars,35000000,30353973,81209222,1,2017,46209222,132.02634857142857,tt3717252,Underworld: Blood Wars,Adventure,5.8,62942
91,2017-01-06,Underworld: Blood Wars,35000000,30353973,81209222,1,2017,46209222,132.02634857142857,tt3717252,Underworld: Blood Wars,Fantasy,5.8,62942
96,2011-09-23,Abduction,35000000,28087155,86648359,9,2011,51648359,147.56673999999998,tt1600195,Abduction,Action,5.1,72552
96,2011-09-23,Abduction,35000000,28087155,86648359,9,2011,51648359,147.56673999999998,tt1600195,Abduction,Mystery,5.1,72552
96,2011-09-23,Abduction,35000000,28087155,86648359,9,2011,51648359,147.56673999999998,tt1600195,Abduction,Thriller,5.1,72552
96,2011-09-23,Abduction,35000000,28087155,86648359,9,2011,51648359,147.56673999999998,tt2447982,Abduction,Horror,5.2,10
96,2011-09-23,Abduction,35000000,28087155,86648359,9,2011,51648359,147.56673999999998,tt2447982,Abduction,Thriller,5.2,10
96,2011-09-23,Abduction,35000000,28087155,86648359,9,2011,51648359,147.56673999999998,tt5943940,Abduction,Action,3.0,60
96,2011-09-23,Abduction,35000000,28087155,86648359,9,2011,51648359,147.56673999999998,tt5943940,Abduction,Comedy,3.0,60
96,2011-09-23,Abduction,35000000,28087155,86648359,9,2011,51648359,147.56673999999998,tt5943940,Abduction,Drama,3.0,60
96,2011-09-23,Abduction,35000000,28087155,86648359,9,2011,51648359,147.56673999999998,tt7867360,Abduction,Action,6.1,1592
96,2011-09-23,Abduction,35000000,28087155,86648359,9,2011,51648359,147.56673999999998,tt7867360,Abduction,Sci-Fi,6.1,1592
100,2012-10-19,Alex Cross,35000000,25888412,35426759,10,2012,426759,1.2193114285714286,tt1712170,Alex Cross,Action,5.1,30951
100,2012-10-19,Alex Cross,35000000,25888412,35426759,10,2012,426759,1.2193114285714286,tt1712170,Alex Cross,Crime,5.1,30951
100,2012-10-19,Alex Cross,35000000,25888412,35426759,10,2012,426759,1.2193114285714286,tt1712170,Alex Cross,Mystery,5.1,30951
6,2016-03-04,Whiskey Tango Foxtrot,35000000,23083334,25350747,3,2016,-9649253,-27.56929428571428,tt3553442,Whiskey Tango Foxtrot,Biography,6.6,46265
6,2016-03-04,Whiskey Tango Foxtrot,35000000,23083334,25350747,3,2016,-9649253,-27.56929428571428,tt3553442,Whiskey Tango Foxtrot,Comedy,6.6,46265
6,2016-03-04,Whiskey Tango Foxtrot,35000000,23083334,25350747,3,2016,-9649253,-27.56929428571428,tt3553442,Whiskey Tango Foxtrot,Drama,6.6,46265
8,2015-08-21,Hitman: Agent 47,35000000,22467450,82182803,8,2015,47182803,134.80800857142856,tt2679042,Hitman: Agent 47,Action,5.7,80510
8,2015-08-21,Hitman: Agent 47,35000000,22467450,82182803,8,2015,47182803,134.80800857142856,tt2679042,Hitman: Agent 47,Adventure,5.7,80510
8,2015-08-21,Hitman: Agent 47,35000000,22467450,82182803,8,2015,47182803,134.80800857142856,tt2679042,Hitman: Agent 47,Crime,5.7,80510
10,2012-08-24,Premium Rush,35000000,20275446,31393201,8,2012,-3606799,-10.30514,tt1547234,Premium Rush,Action,6.5,105279
10,2012-08-24,Premium Rush,35000000,20275446,31393201,8,2012,-3606799,-10.30514,tt1547234,Premium Rush,Crime,6.5,105279
10,2012-08-24,Premium Rush,35000000,20275446,31393201,8,2012,-3606799,-10.30514,tt1547234,Premium Rush,Thriller,6.5,105279
11,2013-01-18,Broken City,35000000,19701164,34480045,1,2013,-519955,-1.4855857142857145,tt1235522,Broken City,Crime,6.2,71704
11,2013-01-18,Broken City,35000000,19701164,34480045,1,2013,-519955,-1.4855857142857145,tt1235522,Broken City,Drama,6.2,71704
11,2013-01-18,Broken City,35000000,19701164,34480045,1,2013,-519955,-1.4855857142857145,tt1235522,Broken City,Thriller,6.2,71704
17,2010-04-30,Furry Vengeance,35000000,17630465,39340177,4,2010,4340177,12.400505714285714,tt0492389,Furry Vengeance,Comedy,3.8,14700
17,2010-04-30,Furry Vengeance,35000000,17630465,39340177,4,2010,4340177,12.400505714285714,tt0492389,Furry Vengeance,Family,3.8,14700
18,2013-01-25,Parker,35000000,17616641,48543388,1,2013,13543388,38.695394285714286,tt1904996,Parker,Action,6.2,105529
18,2013-01-25,Parker,35000000,17616641,48543388,1,2013,13543388,38.695394285714286,tt1904996,Parker,Crime,6.2,105529
18,2013-01-25,Parker,35000000,17616641,48543388,1,2013,13543388,38.695394285714286,tt1904996,Parker,Thriller,6.2,105529
24,2011-05-27,The Tree of Life,35000000,13305665,61721826,5,2011,26721826,76.34807428571429,tt0478304,The Tree of Life,Drama,6.8,156266
24,2011-05-27,The Tree of Life,35000000,13305665,61721826,5,2011,26721826,76.34807428571429,tt0478304,The Tree of Life,Fantasy,6.8,156266
29,2014-03-28,Sabotage,35000000,10508518,18376443,3,2014,-16623557,-47.49587714285714,tt1742334,Sabotage,Action,5.7,55597
29,2014-03-28,Sabotage,35000000,10508518,18376443,3,2014,-16623557,-47.49587714285714,tt1742334,Sabotage,Crime,5.7,55597
29,2014-03-28,Sabotage,35000000,10508518,18376443,3,2014,-16623557,-47.49587714285714,tt1742334,Sabotage,Drama,5.7,55597
32,2015-03-06,Unfinished Business,35000000,10219501,13214051,3,2015,-21785949,-62.245568571428564,tt2358925,Unfinished Business,Comedy,5.4,29004
32,2015-03-06,Unfinished Business,35000000,10219501,13214051,3,2015,-21785949,-62.245568571428564,tt2358925,Unfinished Business,Drama,5.4,29004
32,2015-03-06,Unfinished Business,35000000,10219501,13214051,3,2015,-21785949,-62.245568571428564,tt4998626,Unfinished Business,Horror,7.2,8
33,2015-09-30,The Walk,35000000,10161183,61492104,9,2015,26492104,75.69172571428572,tt2159988,The Walk,Crime,6.8,126
33,2015-09-30,The Walk,35000000,10161183,61492104,9,2015,26492104,75.69172571428572,tt2159988,The Walk,Thriller,6.8,126
33,2015-09-30,The Walk,35000000,10161183,61492104,9,2015,26492104,75.69172571428572,tt3488710,The Walk,Adventure,7.3,109714
33,2015-09-30,The Walk,35000000,10161183,61492104,9,2015,26492104,75.69172571428572,tt3488710,The Walk,Biography,7.3,109714
33,2015-09-30,The Walk,35000000,10161183,61492104,9,2015,26492104,75.69172571428572,tt3488710,The Walk,Drama,7.3,109714
35,2013-11-29,Mandela: Long Walk to Freedom,35000000,8323085,29890402,11,2013,-5109598,-14.598851428571429,tt2304771,Mandela: Long Walk to Freedom,Biography,7.1,25027
35,2013-11-29,Mandela: Long Walk to Freedom,35000000,8323085,29890402,11,2013,-5109598,-14.598851428571429,tt2304771,Mandela: Long Walk to Freedom,Drama,7.1,25027
35,2013-11-29,Mandela: Long Walk to Freedom,35000000,8323085,29890402,11,2013,-5109598,-14.598851428571429,tt2304771,Mandela: Long Walk to Freedom,History,7.1,25027
39,2016-03-11,The Brothers Grimsby,35000000,6864016,28720470,3,2016,-6279530,-17.941514285714284,tt3381008,The Brothers Grimsby,Action,6.2,82123
39,2016-03-11,The Brothers Grimsby,35000000,6864016,28720470,3,2016,-6279530,-17.941514285714284,tt3381008,The Brothers Grimsby,Adventure,6.2,82123
39,2016-03-11,The Brothers Grimsby,35000000,6864016,28720470,3,2016,-6279530,-17.941514285714284,tt3381008,The Brothers Grimsby,Comedy,6.2,82123
40,2017-10-20,The Snowman,35000000,6670765,43226146,10,2017,8226146,23.503274285714284,tt1758810,The Snowman,Crime,5.1,47890
40,2017-10-20,The Snowman,35000000,6670765,43226146,10,2017,8226146,23.503274285714284,tt1758810,The Snowman,Drama,5.1,47890
40,2017-10-20,The Snowman,35000000,6670765,43226146,10,2017,8226146,23.503274285714284,tt1758810,The Snowman,Mystery,5.1,47890
44,2011-01-28,Biutiful,35000000,5101237,24687524,1,2011,-10312476,-29.46421714285714,tt1164999,Biutiful,Drama,7.5,80382
44,2011-01-28,Biutiful,35000000,5101237,24687524,1,2011,-10312476,-29.46421714285714,tt1164999,Biutiful,Romance,7.5,80382
47,2016-04-22,A Hologram for the King,35000000,4212494,11846010,4,2016,-23153990,-66.15425714285715,tt2980210,A Hologram for the King,Comedy,6.1,36062
47,2016-04-22,A Hologram for the King,35000000,4212494,11846010,4,2016,-23153990,-66.15425714285715,tt2980210,A Hologram for the King,Drama,6.1,36062
47,2016-04-22,A Hologram for the King,35000000,4212494,11846010,4,2016,-23153990,-66.15425714285715,tt2980210,A Hologram for the King,Romance,6.1,36062
53,2012-09-14,Stolen,35000000,289773,17967746,9,2012,-17032254,-48.663582857142856,tt1656186,Stolen,Action,5.5,41313
53,2012-09-14,Stolen,35000000,289773,17967746,9,2012,-17032254,-48.663582857142856,tt1656186,Stolen,Crime,5.5,41313
53,2012-09-14,Stolen,35000000,289773,17967746,9,2012,-17032254,-48.663582857142856,tt1656186,Stolen,Thriller,5.5,41313
53,2012-09-14,Stolen,35000000,289773,17967746,9,2012,-17032254,-48.663582857142856,tt6215338,Stolen,Crime,4.5,31
53,2012-09-14,Stolen,35000000,289773,17967746,9,2012,-17032254,-48.663582857142856,tt6215338,Stolen,Drama,4.5,31
54,2011-10-14,Trespass,35000000,16816,786532,10,2011,-34213468,-97.75276571428572,tt1674784,Trespass,Crime,5.3,39404
54,2011-10-14,Trespass,35000000,16816,786532,10,2011,-34213468,-97.75276571428572,tt1674784,Trespass,Drama,5.3,39404
54,2011-10-14,Trespass,35000000,16816,786532,10,2011,-34213468,-97.75276571428572,tt1674784,Trespass,Thriller,5.3,39404
56,2015-03-13,The Lovers,35000000,0,53899,3,2015,-34946101,-99.84600285714286,tt1321869,The Lovers,Action,4.6,2867
56,2015-03-13,The Lovers,35000000,0,53899,3,2015,-34946101,-99.84600285714286,tt1321869,The Lovers,Adventure,4.6,2867
56,2015-03-13,The Lovers,35000000,0,53899,3,2015,-34946101,-99.84600285714286,tt1321869,The Lovers,Romance,4.6,2867
56,2015-03-13,The Lovers,35000000,0,53899,3,2015,-34946101,-99.84600285714286,tt5770620,The Lovers,Comedy,6.1,2751
56,2015-03-13,The Lovers,35000000,0,53899,3,2015,-34946101,-99.84600285714286,tt5770620,The Lovers,Drama,6.1,2751
56,2015-03-13,The Lovers,35000000,0,53899,3,2015,-34946101,-99.84600285714286,tt5770620,The Lovers,Romance,6.1,2751
58,2011-12-25,The Darkest Hour,34800000,21443494,62831715,12,2011,28031715,80.55090517241379,tt1093357,The Darkest Hour,Action,4.9,55071
58,2011-12-25,The Darkest Hour,34800000,21443494,62831715,12,2011,28031715,80.55090517241379,tt1093357,The Darkest Hour,Adventure,4.9,55071
58,2011-12-25,The Darkest Hour,34800000,21443494,62831715,12,2011,28031715,80.55090517241379,tt1093357,The Darkest Hour,Horror,4.9,55071
58,2011-12-25,The Darkest Hour,34800000,21443494,62831715,12,2011,28031715,80.55090517241379,tt4249090,The Darkest Hour,Documentary,6.4,8
58,2011-12-25,The Darkest Hour,34800000,21443494,62831715,12,2011,28031715,80.55090517241379,tt4249090,The Darkest Hour,News,6.4,8
59,2017-06-28,Baby Driver,34000000,107825862,228104185,6,2017,194104185,570.8946617647059,tt3890160,Baby Driver,Action,7.6,363977
59,2017-06-28,Baby Driver,34000000,107825862,228104185,6,2017,194104185,570.8946617647059,tt3890160,Baby Driver,Crime,7.6,363977
59,2017-06-28,Baby Driver,34000000,107825862,228104185,6,2017,194104185,570.8946617647059,tt3890160,Baby Driver,Drama,7.6,363977
60,2014-09-19,The Maze Runner,34000000,102427862,348319861,9,2014,314319861,924.4701794117647,tt1790864,The Maze Runner,Action,6.8,387038
60,2014-09-19,The Maze Runner,34000000,102427862,348319861,9,2014,314319861,924.4701794117647,tt1790864,The Maze Runner,Mystery,6.8,387038
60,2014-09-19,The Maze Runner,34000000,102427862,348319861,9,2014,314319861,924.4701794117647,tt1790864,The Maze Runner,Sci-Fi,6.8,387038
61,2015-04-10,The Longest Ride,34000000,37446117,63802928,4,2015,29802928,87.6556705882353,tt2726560,The Longest Ride,Drama,7.1,70327
61,2015-04-10,The Longest Ride,34000000,37446117,63802928,4,2015,29802928,87.6556705882353,tt2726560,The Longest Ride,Romance,7.1,70327
64,2018-08-03,The Darkest Minds,34000000,12695691,38361428,8,2018,4361428,12.827729411764707,tt4073790,The Darkest Minds,Action,5.7,21340
64,2018-08-03,The Darkest Minds,34000000,12695691,38361428,8,2018,4361428,12.827729411764707,tt4073790,The Darkest Minds,Adventure,5.7,21340
64,2018-08-03,The Darkest Minds,34000000,12695691,38361428,8,2018,4361428,12.827729411764707,tt4073790,The Darkest Minds,Drama,5.7,21340
68,2014-09-05,Thunder and the House of Magic,34000000,4091,62582520,9,2014,28582520,84.06623529411766,tt3148834,Thunder and the House of Magic,Adventure,6.3,5626
68,2014-09-05,Thunder and the House of Magic,34000000,4091,62582520,9,2014,28582520,84.06623529411766,tt3148834,Thunder and the House of Magic,Animation,6.3,5626
68,2014-09-05,Thunder and the House of Magic,34000000,4091,62582520,9,2014,28582520,84.06623529411766,tt3148834,Thunder and the House of Magic,Comedy,6.3,5626
73,2016-07-08,Mike and Dave Need Wedding Dates,33000000,46009673,75898100,7,2016,42898100,129.99424242424243,tt2823054,Mike and Dave Need Wedding Dates,Adventure,6.0,74849
73,2016-07-08,Mike and Dave Need Wedding Dates,33000000,46009673,75898100,7,2016,42898100,129.99424242424243,tt2823054,Mike and Dave Need Wedding Dates,Comedy,6.0,74849
73,2016-07-08,Mike and Dave Need Wedding Dates,33000000,46009673,75898100,7,2016,42898100,129.99424242424243,tt2823054,Mike and Dave Need Wedding Dates,Romance,6.0,74849
74,2012-07-27,Step Up Revolution,33000000,35074677,165552290,7,2012,132552290,401.67360606060606,tt1800741,Step Up Revolution,Drama,6.5,51295
74,2012-07-27,Step Up Revolution,33000000,35074677,165552290,7,2012,132552290,401.67360606060606,tt1800741,Step Up Revolution,Music,6.5,51295
74,2012-07-27,Step Up Revolution,33000000,35074677,165552290,7,2012,132552290,401.67360606060606,tt1800741,Step Up Revolution,Romance,6.5,51295
78,2012-04-27,Safe,33000000,17142080,41495213,4,2012,8495213,25.74306969696969,tt1656190,Safe,Action,6.5,96388
78,2012-04-27,Safe,33000000,17142080,41495213,4,2012,8495213,25.74306969696969,tt1656190,Safe,Crime,6.5,96388
78,2012-04-27,Safe,33000000,17142080,41495213,4,2012,8495213,25.74306969696969,tt1656190,Safe,Thriller,6.5,96388
78,2012-04-27,Safe,33000000,17142080,41495213,4,2012,8495213,25.74306969696969,tt6383726,Safe,Thriller,3.8,41
82,2015-07-31,The Young and Prodigious T.S. Spivet,33000000,176847,357687,7,2015,-32642313,-98.9161,tt1981107,The Young and Prodigious T.S. Spivet,Action,7.1,15372
82,2015-07-31,The Young and Prodigious T.S. Spivet,33000000,176847,357687,7,2015,-32642313,-98.9161,tt1981107,The Young and Prodigious T.S. Spivet,Adventure,7.1,15372
82,2015-07-31,The Young and Prodigious T.S. Spivet,33000000,176847,357687,7,2015,-32642313,-98.9161,tt1981107,The Young and Prodigious T.S. Spivet,Comedy,7.1,15372
83,2015-10-30,Freaks of Nature,33000000,70958,70958,10,2015,-32929042,-99.78497575757576,tt1817771,Freaks of Nature,Comedy,5.9,9670
83,2015-10-30,Freaks of Nature,33000000,70958,70958,10,2015,-32929042,-99.78497575757576,tt1817771,Freaks of Nature,Horror,5.9,9670
83,2015-10-30,Freaks of Nature,33000000,70958,70958,10,2015,-32929042,-99.78497575757576,tt1817771,Freaks of Nature,Sci-Fi,5.9,9670
85,2011-05-13,Bridesmaids,32500000,169211718,289632023,5,2011,257132023,791.1754553846154,tt1478338,Bridesmaids,Comedy,6.8,249501
85,2011-05-13,Bridesmaids,32500000,169211718,289632023,5,2011,257132023,791.1754553846154,tt1478338,Bridesmaids,Romance,6.8,249501
87,2013-04-26,The Big Wedding,32500000,21819348,48425971,4,2013,15925971,49.00298769230769,tt1931435,The Big Wedding,Comedy,5.6,44221
87,2013-04-26,The Big Wedding,32500000,21819348,48425971,4,2013,15925971,49.00298769230769,tt1931435,The Big Wedding,Drama,5.6,44221
87,2013-04-26,The Big Wedding,32500000,21819348,48425971,4,2013,15925971,49.00298769230769,tt1931435,The Big Wedding,Romance,5.6,44221
88,2012-02-24,Wanderlust,32500000,17288155,24159934,2,2012,-8340066,-25.661741538461538,tt1655460,Wanderlust,Comedy,5.6,69081
88,2012-02-24,Wanderlust,32500000,17288155,24159934,2,2012,-8340066,-25.661741538461538,tt1655460,Wanderlust,Romance,5.6,69081
95,2010-08-27,Takers,32000000,57744720,70587268,8,2010,38587268,120.5852125,tt1135084,Takers,Action,6.2,53377
95,2010-08-27,Takers,32000000,57744720,70587268,8,2010,38587268,120.5852125,tt1135084,Takers,Crime,6.2,53377
95,2010-08-27,Takers,32000000,57744720,70587268,8,2010,38587268,120.5852125,tt1135084,Takers,Thriller,6.2,53377
96,2011-04-01,Source Code,32000000,54712227,140428499,4,2011,108428499,338.8390593750001,tt0945513,Source Code,Action,7.5,452036
96,2011-04-01,Source Code,32000000,54712227,140428499,4,2011,108428499,338.8390593750001,tt0945513,Source Code,Drama,7.5,452036
96,2011-04-01,Source Code,32000000,54712227,140428499,4,2011,108428499,338.8390593750001,tt0945513,Source Code,Sci-Fi,7.5,452036
99,2018-04-20,I Feel Pretty,32000000,48795601,91553797,4,2018,59553797,186.105615625,tt6791096,I Feel Pretty,Comedy,5.4,39936
99,2018-04-20,I Feel Pretty,32000000,48795601,91553797,4,2018,59553797,186.105615625,tt6791096,I Feel Pretty,Romance,5.4,39936
1,2011-02-18,"Big Mommas: Like Father, Like Son",32000000,37915414,82332450,2,2011,50332450,157.28890625,tt1464174,"Big Mommas: Like Father, Like Son",Action,4.4,23520
1,2011-02-18,"Big Mommas: Like Father, Like Son",32000000,37915414,82332450,2,2011,50332450,157.28890625,tt1464174,"Big Mommas: Like Father, Like Son",Comedy,4.4,23520
1,2011-02-18,"Big Mommas: Like Father, Like Son",32000000,37915414,82332450,2,2011,50332450,157.28890625,tt1464174,"Big Mommas: Like Father, Like Son",Crime,4.4,23520
7,2013-03-15,The Incredible Burt Wonderstone,32000000,22537881,27392609,3,2013,-4607391,-14.398096875,tt0790628,The Incredible Burt Wonderstone,Adventure,5.9,67549
7,2013-03-15,The Incredible Burt Wonderstone,32000000,22537881,27392609,3,2013,-4607391,-14.398096875,tt0790628,The Incredible Burt Wonderstone,Comedy,5.9,67549
7,2013-03-15,The Incredible Burt Wonderstone,32000000,22537881,27392609,3,2013,-4607391,-14.398096875,tt0790628,The Incredible Burt Wonderstone,Fantasy,5.9,67549
10,2018-10-12,Bad Times at the El Royale,32000000,17839115,29204379,10,2018,-2795621,-8.736315625,tt6628394,Bad Times at the El Royale,Crime,7.1,86318
10,2018-10-12,Bad Times at the El Royale,32000000,17839115,29204379,10,2018,-2795621,-8.736315625,tt6628394,Bad Times at the El Royale,Drama,7.1,86318
10,2018-10-12,Bad Times at the El Royale,32000000,17839115,29204379,10,2018,-2795621,-8.736315625,tt6628394,Bad Times at the El Royale,Mystery,7.1,86318
11,2010-09-03,Going the Distance,32000000,17804299,43603990,9,2010,11603990,36.26246875,tt1322312,Going the Distance,Comedy,6.3,54421
11,2010-09-03,Going the Distance,32000000,17804299,43603990,9,2010,11603990,36.26246875,tt1322312,Going the Distance,Romance,6.3,54421
11,2010-09-03,Going the Distance,32000000,17804299,43603990,9,2010,11603990,36.26246875,tt6135412,Going the Distance,,3.9,13
13,2010-03-19,Repo Men,32000000,13942007,18195238,3,2010,-13804762,-43.13988125,tt1053424,Repo Men,Action,6.3,96144
13,2010-03-19,Repo Men,32000000,13942007,18195238,3,2010,-13804762,-43.13988125,tt1053424,Repo Men,Crime,6.3,96144
13,2010-03-19,Repo Men,32000000,13942007,18195238,3,2010,-13804762,-43.13988125,tt1053424,Repo Men,Sci-Fi,6.3,96144
21,2016-04-15,Criminal,31500000,14708696,38771262,4,2016,7271262,23.08337142857143,tt3014866,Criminal,Action,6.3,51666
21,2016-04-15,Criminal,31500000,14708696,38771262,4,2016,7271262,23.08337142857143,tt3014866,Criminal,Crime,6.3,51666
21,2016-04-15,Criminal,31500000,14708696,38771262,4,2016,7271262,23.08337142857143,tt3014866,Criminal,Drama,6.3,51666
22,2013-04-12,42,31000000,95020213,97470701,4,2013,66470701,214.42161612903226,tt0453562,42,Biography,7.5,77703
22,2013-04-12,42,31000000,95020213,97470701,4,2013,66470701,214.42161612903226,tt0453562,42,Drama,7.5,77703
22,2013-04-12,42,31000000,95020213,97470701,4,2013,66470701,214.42161612903226,tt0453562,42,Sport,7.5,77703
23,2012-11-02,Flight,31000000,93772375,160558438,11,2012,129558438,417.9304451612904,tt1907668,Flight,Drama,7.3,303009
23,2012-11-02,Flight,31000000,93772375,160558438,11,2012,129558438,417.9304451612904,tt1907668,Flight,Thriller,7.3,303009
27,2014-03-07,The Grand Budapest Hotel,31000000,59076019,163981261,3,2014,132981261,428.97180967741934,tt2278388,The Grand Budapest Hotel,Adventure,8.1,633604
27,2014-03-07,The Grand Budapest Hotel,31000000,59076019,163981261,3,2014,132981261,428.97180967741934,tt2278388,The Grand Budapest Hotel,Comedy,8.1,633604
27,2014-03-07,The Grand Budapest Hotel,31000000,59076019,163981261,3,2014,132981261,428.97180967741934,tt2278388,The Grand Budapest Hotel,Crime,8.1,633604
28,2015-07-29,Vacation,31000000,58884188,102306500,7,2015,71306500,230.0209677419355,tt1524930,Vacation,Adventure,6.1,87582
28,2015-07-29,Vacation,31000000,58884188,102306500,7,2015,71306500,230.0209677419355,tt1524930,Vacation,Comedy,6.1,87582
33,2010-01-22,Extraordinary Measures,31000000,12482741,15826984,1,2010,-15173016,-48.945212903225794,tt1244659,Extraordinary Measures,Drama,6.5,15673
34,2017-08-25,Birth of the Dragon,31000000,6901965,7220490,8,2017,-23779510,-76.70809677419355,tt2720826,Birth of the Dragon,Action,5.4,6090
34,2017-08-25,Birth of the Dragon,31000000,6901965,7220490,8,2017,-23779510,-76.70809677419355,tt2720826,Birth of the Dragon,Biography,5.4,6090
34,2017-08-25,Birth of the Dragon,31000000,6901965,7220490,8,2017,-23779510,-76.70809677419355,tt2720826,Birth of the Dragon,Drama,5.4,6090
38,2018-08-15,Crazy Rich Asians,30000000,174532921,238099711,8,2018,208099711,693.6657033333332,tt3104988,Crazy Rich Asians,Comedy,7.0,96617
38,2018-08-15,Crazy Rich Asians,30000000,174532921,238099711,8,2018,208099711,693.6657033333332,tt3104988,Crazy Rich Asians,Romance,7.0,96617
42,2012-02-10,The Vow,30000000,125014030,197618160,2,2012,167618160,558.7271999999998,tt1606389,The Vow,Drama,6.8,173629
42,2012-02-10,The Vow,30000000,125014030,197618160,2,2012,167618160,558.7271999999998,tt1606389,The Vow,Romance,6.8,173629
45,2013-08-16,Lee Daniels' The Butler,30000000,116632095,177025498,8,2013,147025498,490.0849933333333,tt1327773,Lee Daniels' The Butler,Biography,7.2,102468
45,2013-08-16,Lee Daniels' The Butler,30000000,116632095,177025498,8,2013,147025498,490.0849933333333,tt1327773,Lee Daniels' The Butler,Drama,7.2,102468
57,2015-12-18,Sisters,30000000,87044645,106030660,12,2015,76030660,253.43553333333332,tt1850457,Sisters,Comedy,6.0,58994
57,2015-12-18,Sisters,30000000,87044645,106030660,12,2015,76030660,253.43553333333332,tt2612800,Sisters,Drama,5.7,37
57,2015-12-18,Sisters,30000000,87044645,106030660,12,2015,76030660,253.43553333333332,tt9851050,Sisters,Action,4.7,14
57,2015-12-18,Sisters,30000000,87044645,106030660,12,2015,76030660,253.43553333333332,tt9851050,Sisters,Drama,4.7,14
69,2012-09-28,Looper,30000000,66486205,170466405,9,2012,140466405,468.22135,tt1276104,Looper,Action,7.4,500595
69,2012-09-28,Looper,30000000,66486205,170466405,9,2012,140466405,468.22135,tt1276104,Looper,Crime,7.4,500595
69,2012-09-28,Looper,30000000,66486205,170466405,9,2012,140466405,468.22135,tt1276104,Looper,Drama,7.4,500595
70,2013-02-01,Warm Bodies,30000000,66380662,115121608,2,2013,85121608,283.73869333333334,tt1588173,Warm Bodies,Comedy,6.9,208709
70,2013-02-01,Warm Bodies,30000000,66380662,115121608,2,2013,85121608,283.73869333333334,tt1588173,Warm Bodies,Horror,6.9,208709
70,2013-02-01,Warm Bodies,30000000,66380662,115121608,2,2013,85121608,283.73869333333334,tt1588173,Warm Bodies,Romance,6.9,208709
72,2014-01-17,The Nut Job,30000000,64251538,122529966,1,2014,92529966,308.43322,tt1821658,The Nut Job,Adventure,5.7,24587
72,2014-01-17,The Nut Job,30000000,64251538,122529966,1,2014,92529966,308.43322,tt1821658,The Nut Job,Animation,5.7,24587
72,2014-01-17,The Nut Job,30000000,64251538,122529966,1,2014,92529966,308.43322,tt1821658,The Nut Job,Comedy,5.7,24587
75,2012-08-08,Hope Springs,30000000,63536011,133085295,8,2012,103085295,343.61765,tt1535438,Hope Springs,Comedy,6.3,38667
75,2012-08-08,Hope Springs,30000000,63536011,133085295,8,2012,103085295,343.61765,tt1535438,Hope Springs,Drama,6.3,38667
75,2012-08-08,Hope Springs,30000000,63536011,133085295,8,2012,103085295,343.61765,tt1535438,Hope Springs,Romance,6.3,38667
83,2011-05-20,Midnight in Paris,30000000,56816662,162502774,5,2011,132502774,441.67591333333337,tt1605783,Midnight in Paris,Comedy,7.7,356500
83,2011-05-20,Midnight in Paris,30000000,56816662,162502774,5,2011,132502774,441.67591333333337,tt1605783,Midnight in Paris,Fantasy,7.7,356500
83,2011-05-20,Midnight in Paris,30000000,56816662,162502774,5,2011,132502774,441.67591333333337,tt1605783,Midnight in Paris,Romance,7.7,356500
84,2017-11-22,Darkest Hour,30000000,56443120,150807172,11,2017,120807172,402.6905733333333,tt4555426,Darkest Hour,Biography,7.4,136546
84,2017-11-22,Darkest Hour,30000000,56443120,150807172,11,2017,120807172,402.6905733333333,tt4555426,Darkest Hour,Drama,7.4,136546
84,2017-11-22,Darkest Hour,30000000,56443120,150807172,11,2017,120807172,402.6905733333333,tt4555426,Darkest Hour,History,7.4,136546
88,2018-05-11,Life of the Party,30000000,53059911,65759911,5,2018,35759911,119.19970333333336,tt1826727,Life of the Party,Comedy,7.6,47
88,2018-05-11,Life of the Party,30000000,53059911,65759911,5,2018,35759911,119.19970333333336,tt1826727,Life of the Party,Drama,7.6,47
88,2018-05-11,Life of the Party,30000000,53059911,65759911,5,2018,35759911,119.19970333333336,tt5619332,Life of the Party,Comedy,5.5,25756
89,2010-05-14,Letters to Juliet,30000000,53032453,82148538,5,2010,52148538,173.82846,tt0892318,Letters to Juliet,Adventure,6.6,86137
89,2010-05-14,Letters to Juliet,30000000,53032453,82148538,5,2010,52148538,173.82846,tt0892318,Letters to Juliet,Comedy,6.6,86137
89,2010-05-14,Letters to Juliet,30000000,53032453,82148538,5,2010,52148538,173.82846,tt0892318,Letters to Juliet,Drama,6.6,86137
92,2015-07-24,Southpaw,30000000,52421953,94156456,7,2015,64156456,213.8548533333333,tt1798684,Southpaw,Drama,7.4,199783
92,2015-07-24,Southpaw,30000000,52421953,94156456,7,2015,64156456,213.8548533333333,tt1798684,Southpaw,Sport,7.4,199783
94,2017-07-28,Atomic Blonde,30000000,51573925,98345423,7,2017,68345423,227.81807666666663,tt2406566,Atomic Blonde,Action,6.7,150407
94,2017-07-28,Atomic Blonde,30000000,51573925,98345423,7,2017,68345423,227.81807666666663,tt2406566,Atomic Blonde,Mystery,6.7,150407
94,2017-07-28,Atomic Blonde,30000000,51573925,98345423,7,2017,68345423,227.81807666666663,tt2406566,Atomic Blonde,Thriller,6.7,150407
100,2015-09-18,Sicario,30000000,46889293,84393749,9,2015,54393749,181.31249666666668,tt3397884,Sicario,Action,7.6,328548
100,2015-09-18,Sicario,30000000,46889293,84393749,9,2015,54393749,181.31249666666668,tt3397884,Sicario,Crime,7.6,328548
100,2015-09-18,Sicario,30000000,46889293,84393749,9,2015,54393749,181.31249666666668,tt3397884,Sicario,Drama,7.6,328548
3,2018-01-19,Den of Thieves,30000000,44947622,80131391,1,2018,50131391,167.10463666666666,tt1259528,Den of Thieves,Action,7.0,69648
3,2018-01-19,Den of Thieves,30000000,44947622,80131391,1,2018,50131391,167.10463666666666,tt1259528,Den of Thieves,Crime,7.0,69648
3,2018-01-19,Den of Thieves,30000000,44947622,80131391,1,2018,50131391,167.10463666666666,tt1259528,Den of Thieves,Drama,7.0,69648
4,2012-04-13,The Three Stooges,30000000,44338224,54052249,4,2012,24052249,80.17416333333334,tt0383010,The Three Stooges,Comedy,5.1,28570
4,2012-04-13,The Three Stooges,30000000,44338224,54052249,4,2012,24052249,80.17416333333334,tt0383010,The Three Stooges,Family,5.1,28570
6,2014-10-24,John Wick,30000000,43037835,76235001,10,2014,46235001,154.11667,tt2911666,John Wick,Action,7.4,449942
6,2014-10-24,John Wick,30000000,43037835,76235001,10,2014,46235001,154.11667,tt2911666,John Wick,Crime,7.4,449942
6,2014-10-24,John Wick,30000000,43037835,76235001,10,2014,46235001,154.11667,tt2911666,John Wick,Thriller,7.4,449942
8,2015-04-24,The Age of Adaline,30000000,42629776,68984536,4,2015,38984536,129.94845333333333,tt1655441,The Age of Adaline,Drama,7.2,138924
8,2015-04-24,The Age of Adaline,30000000,42629776,68984536,4,2015,38984536,129.94845333333333,tt1655441,The Age of Adaline,Fantasy,7.2,138924
8,2015-04-24,The Age of Adaline,30000000,42629776,68984536,4,2015,38984536,129.94845333333333,tt1655441,The Age of Adaline,Romance,7.2,138924
9,2010-08-06,Step Up 3D,30000000,42400223,165889117,8,2010,135889117,452.96372333333335,tt1193631,Step Up 3D,Drama,6.2,53081
9,2010-08-06,Step Up 3D,30000000,42400223,165889117,8,2010,135889117,452.96372333333335,tt1193631,Step Up 3D,Music,6.2,53081
9,2010-08-06,Step Up 3D,30000000,42400223,165889117,8,2010,135889117,452.96372333333335,tt1193631,Step Up 3D,Romance,6.2,53081
11,2012-04-13,The Cabin in the Woods,30000000,42073277,70689968,4,2012,40689968,135.63322666666667,tt1259521,The Cabin in the Woods,Horror,7.0,338445
14,2011-04-08,Hanna,30000000,40259119,65343694,4,2011,35343694,117.81231333333334,tt0993842,Hanna,Action,6.8,179178
14,2011-04-08,Hanna,30000000,40259119,65343694,4,2011,35343694,117.81231333333334,tt0993842,Hanna,Drama,6.8,179178
14,2011-04-08,Hanna,30000000,40259119,65343694,4,2011,35343694,117.81231333333334,tt0993842,Hanna,Thriller,6.8,179178
22,2013-09-13,The Family,30000000,36918811,51078541,9,2013,21078541,70.26180333333333,tt1728973,The Family,Horror,5.0,833
22,2013-09-13,The Family,30000000,36918811,51078541,9,2013,21078541,70.26180333333333,tt1728973,The Family,Thriller,5.0,833
22,2013-09-13,The Family,30000000,36918811,51078541,9,2013,21078541,70.26180333333333,tt2404311,The Family,Comedy,6.3,102576
22,2013-09-13,The Family,30000000,36918811,51078541,9,2013,21078541,70.26180333333333,tt2404311,The Family,Crime,6.3,102576
22,2013-09-13,The Family,30000000,36918811,51078541,9,2013,21078541,70.26180333333333,tt2404311,The Family,Thriller,6.3,102576
22,2013-09-13,The Family,30000000,36918811,51078541,9,2013,21078541,70.26180333333333,tt4155318,The Family,Comedy,7.5,15
22,2013-09-13,The Family,30000000,36918811,51078541,9,2013,21078541,70.26180333333333,tt4155318,The Family,Crime,7.5,15
22,2013-09-13,The Family,30000000,36918811,51078541,9,2013,21078541,70.26180333333333,tt4155318,The Family,Drama,7.5,15
22,2013-09-13,The Family,30000000,36918811,51078541,9,2013,21078541,70.26180333333333,tt5029482,The Family,Drama,8.6,34
22,2013-09-13,The Family,30000000,36918811,51078541,9,2013,21078541,70.26180333333333,tt5161028,The Family,Documentary,7.6,99
22,2013-09-13,The Family,30000000,36918811,51078541,9,2013,21078541,70.26180333333333,tt5161028,The Family,Drama,7.6,99
22,2013-09-13,The Family,30000000,36918811,51078541,9,2013,21078541,70.26180333333333,tt6107516,The Family,Drama,6.6,325
23,2018-02-09,The 15:17 to Paris,30000000,36276286,56096200,2,2018,26096200,86.98733333333334,tt6802308,The 15:17 to Paris,Biography,5.2,21880
23,2018-02-09,The 15:17 to Paris,30000000,36276286,56096200,2,2018,26096200,86.98733333333334,tt6802308,The 15:17 to Paris,Drama,5.2,21880
23,2018-02-09,The 15:17 to Paris,30000000,36276286,56096200,2,2018,26096200,86.98733333333334,tt6802308,The 15:17 to Paris,Thriller,5.2,21880
25,2011-07-01,Larry Crowne,30000000,35608245,61449135,7,2011,31449135,104.83045,tt1583420,Larry Crowne,Comedy,6.1,58927
25,2011-07-01,Larry Crowne,30000000,35608245,61449135,7,2011,31449135,104.83045,tt1583420,Larry Crowne,Drama,6.1,58927
25,2011-07-01,Larry Crowne,30000000,35608245,61449135,7,2011,31449135,104.83045,tt1583420,Larry Crowne,Romance,6.1,58927
26,2013-10-18,Carrie,30000000,35266619,82409520,10,2013,52409520,174.69840000000005,tt1939659,Carrie,Drama,5.9,125424
26,2013-10-18,Carrie,30000000,35266619,82409520,10,2013,52409520,174.69840000000005,tt1939659,Carrie,Horror,5.9,125424
28,2018-03-02,Death Wish,30000000,34017028,48575965,3,2018,18575965,61.91988333333334,tt1137450,Death Wish,Action,6.4,50279
28,2018-03-02,Death Wish,30000000,34017028,48575965,3,2018,18575965,61.91988333333334,tt1137450,Death Wish,Crime,6.4,50279
28,2018-03-02,Death Wish,30000000,34017028,48575965,3,2018,18575965,61.91988333333334,tt1137450,Death Wish,Drama,6.4,50279
30,2015-06-03,Entourage,30000000,32363404,46438538,6,2015,16438538,54.79512666666667,tt1674771,Entourage,Comedy,6.6,71519
32,2013-02-08,Side Effects,30000000,32172757,66742138,2,2013,36742138,122.47379333333332,tt2053463,Side Effects,Crime,7.1,168466
32,2013-02-08,Side Effects,30000000,32172757,66742138,2,2013,36742138,122.47379333333332,tt2053463,Side Effects,Drama,7.1,168466
32,2013-02-08,Side Effects,30000000,32172757,66742138,2,2013,36742138,122.47379333333332,tt2053463,Side Effects,Mystery,7.1,168466
34,2014-07-02,Deliver Us from Evil,30000000,30577122,87956618,7,2014,57956618,193.18872666666667,tt2377322,Deliver Us from Evil,Horror,6.2,63793
34,2014-07-02,Deliver Us from Evil,30000000,30577122,87956618,7,2014,57956618,193.18872666666667,tt2377322,Deliver Us from Evil,Mystery,6.2,63793
34,2014-07-02,Deliver Us from Evil,30000000,30577122,87956618,7,2014,57956618,193.18872666666667,tt2377322,Deliver Us from Evil,Thriller,6.2,63793
35,2014-08-01,Get on Up,30000000,30569935,33339868,8,2014,3339868,11.132893333333335,tt2473602,Get on Up,Biography,6.9,19024
35,2014-08-01,Get on Up,30000000,30569935,33339868,8,2014,3339868,11.132893333333335,tt2473602,Get on Up,Drama,6.9,19024
35,2014-08-01,Get on Up,30000000,30569935,33339868,8,2014,3339868,11.132893333333335,tt2473602,Get on Up,Music,6.9,19024
37,2012-04-27,The Five-Year Engagement,30000000,28700285,61623819,4,2012,31623819,105.41273000000001,tt1195478,The Five-Year Engagement,Comedy,6.2,88469
37,2012-04-27,The Five-Year Engagement,30000000,28700285,61623819,4,2012,31623819,105.41273000000001,tt1195478,The Five-Year Engagement,Romance,6.2,88469
39,2011-07-15,Winnie the Pooh,30000000,26692846,50145607,7,2011,20145607,67.15202333333333,tt1449283,Winnie the Pooh,Adventure,7.2,19605
39,2011-07-15,Winnie the Pooh,30000000,26692846,50145607,7,2011,20145607,67.15202333333333,tt1449283,Winnie the Pooh,Animation,7.2,19605
39,2011-07-15,Winnie the Pooh,30000000,26692846,50145607,7,2011,20145607,67.15202333333333,tt1449283,Winnie the Pooh,Comedy,7.2,19605
42,2018-09-14,White Boy Rick,30000000,24004833,25947983,9,2018,-4052017,-13.506723333333333,tt4537896,White Boy Rick,Crime,6.4,16255
42,2018-09-14,White Boy Rick,30000000,24004833,25947983,9,2018,-4052017,-13.506723333333333,tt4537896,White Boy Rick,Drama,6.4,16255
45,2011-02-04,Sanctum,30000000,23209310,108957098,2,2011,78957098,263.1903266666667,tt0881320,Sanctum,Adventure,5.9,51318
45,2011-02-04,Sanctum,30000000,23209310,108957098,2,2011,78957098,263.1903266666667,tt0881320,Sanctum,Drama,5.9,51318
45,2011-02-04,Sanctum,30000000,23209310,108957098,2,2011,78957098,263.1903266666667,tt0881320,Sanctum,Thriller,5.9,51318
47,2017-08-25,Ballerina,30000000,21858070,96892829,8,2017,66892829,222.97609666666665,tt2560702,Ballerina,Biography,7.5,13
47,2017-08-25,Ballerina,30000000,21858070,96892829,8,2017,66892829,222.97609666666665,tt2560702,Ballerina,Documentary,7.5,13
49,2010-11-19,The Next Three Days,30000000,21148651,67255916,11,2010,37255916,124.18638666666666,tt1458175,The Next Three Days,Action,7.4,168066
49,2010-11-19,The Next Three Days,30000000,21148651,67255916,11,2010,37255916,124.18638666666666,tt1458175,The Next Three Days,Crime,7.4,168066
49,2010-11-19,The Next Three Days,30000000,21148651,67255916,11,2010,37255916,124.18638666666666,tt1458175,The Next Three Days,Drama,7.4,168066
50,2018-01-12,Proud Mary,30000000,20868638,21709539,1,2018,-8290461,-27.634870000000003,tt6421110,Proud Mary,Action,4.9,6805
50,2018-01-12,Proud Mary,30000000,20868638,21709539,1,2018,-8290461,-27.634870000000003,tt6421110,Proud Mary,Crime,4.9,6805
50,2018-01-12,Proud Mary,30000000,20868638,21709539,1,2018,-8290461,-27.634870000000003,tt6421110,Proud Mary,Drama,4.9,6805
53,2013-10-04,Runner Runner,30000000,19316646,60512680,10,2013,30512680,101.70893333333332,tt2364841,Runner Runner,Crime,5.6,58235
53,2013-10-04,Runner Runner,30000000,19316646,60512680,10,2013,30512680,101.70893333333332,tt2364841,Runner Runner,Thriller,5.6,58235
55,2017-04-28,Baahubali 2: The Conclusion,30000000,18985794,263502914,4,2017,233502914,778.3430466666665,tt4849438,Baahubali 2: The Conclusion,Action,8.3,65656
55,2017-04-28,Baahubali 2: The Conclusion,30000000,18985794,263502914,4,2017,233502914,778.3430466666665,tt4849438,Baahubali 2: The Conclusion,Drama,8.3,65656
58,2011-08-19,Fright Night,30000000,18298649,40520649,8,2011,10520649,35.06883,tt1438176,Fright Night,Comedy,6.4,94555
58,2011-08-19,Fright Night,30000000,18298649,40520649,8,2011,10520649,35.06883,tt1438176,Fright Night,Horror,6.4,94555
60,2015-10-09,Steve Jobs,30000000,17766658,35579007,10,2015,5579007,18.59669,tt2080374,Steve Jobs,Biography,7.2,138668
60,2015-10-09,Steve Jobs,30000000,17766658,35579007,10,2015,5579007,18.59669,tt2080374,Steve Jobs,Drama,7.2,138668
74,2013-01-18,The Last Stand,30000000,12050299,48330757,1,2013,18330757,61.10252333333334,tt1549920,The Last Stand,Action,6.4,126623
74,2013-01-18,The Last Stand,30000000,12050299,48330757,1,2013,18330757,61.10252333333334,tt1549920,The Last Stand,Thriller,6.4,126623
78,2013-03-08,Dead Man Down,30000000,10895295,19599974,3,2013,-10400026,-34.66675333333333,tt2101341,Dead Man Down,Action,6.5,61238
78,2013-03-08,Dead Man Down,30000000,10895295,19599974,3,2013,-10400026,-34.66675333333333,tt2101341,Dead Man Down,Crime,6.5,61238
78,2013-03-08,Dead Man Down,30000000,10895295,19599974,3,2013,-10400026,-34.66675333333333,tt2101341,Dead Man Down,Drama,6.5,61238
82,2017-04-14,The Lost City of Z,30000000,8574339,17121823,4,2017,-12878177,-42.92725666666667,tt1212428,The Lost City of Z,Adventure,6.6,66475
82,2017-04-14,The Lost City of Z,30000000,8574339,17121823,4,2017,-12878177,-42.92725666666667,tt1212428,The Lost City of Z,Biography,6.6,66475
82,2017-04-14,The Lost City of Z,30000000,8574339,17121823,4,2017,-12878177,-42.92725666666667,tt1212428,The Lost City of Z,Drama,6.6,66475
84,2017-02-03,The Space Between Us,30000000,7885294,16481405,2,2017,-13518595,-45.06198333333333,tt3922818,The Space Between Us,Adventure,6.4,41031
84,2017-02-03,The Space Between Us,30000000,7885294,16481405,2,2017,-13518595,-45.06198333333333,tt3922818,The Space Between Us,Drama,6.4,41031
84,2017-02-03,The Space Between Us,30000000,7885294,16481405,2,2017,-13518595,-45.06198333333333,tt3922818,The Space Between Us,Romance,6.4,41031
86,2011-01-14,Barney's Version,30000000,7502560,8845575,1,2011,-21154425,-70.51475,tt1423894,Barney's Version,Comedy,7.3,23058
86,2011-01-14,Barney's Version,30000000,7502560,8845575,1,2011,-21154425,-70.51475,tt1423894,Barney's Version,Drama,7.3,23058
88,2018-08-31,Kin,30000000,5718096,10096821,8,2018,-19903179,-66.34393,tt2233624,Kin,Drama,8.6,46
88,2018-08-31,Kin,30000000,5718096,10096821,8,2018,-19903179,-66.34393,tt2233624,Kin,Music,8.6,46
88,2018-08-31,Kin,30000000,5718096,10096821,8,2018,-19903179,-66.34393,tt6017942,Kin,Action,5.7,9048
88,2018-08-31,Kin,30000000,5718096,10096821,8,2018,-19903179,-66.34393,tt6017942,Kin,Drama,5.7,9048
88,2018-08-31,Kin,30000000,5718096,10096821,8,2018,-19903179,-66.34393,tt6017942,Kin,Sci-Fi,5.7,9048
90,2017-09-22,Stronger,30000000,4211129,8786752,9,2017,-21213248,-70.71082666666669,tt3881784,Stronger,Biography,7.0,33464
90,2017-09-22,Stronger,30000000,4211129,8786752,9,2017,-21213248,-70.71082666666669,tt3881784,Stronger,Drama,7.0,33464
90,2017-09-22,Stronger,30000000,4211129,8786752,9,2017,-21213248,-70.71082666666669,tt5738152,Stronger,Drama,6.8,22
90,2017-09-22,Stronger,30000000,4211129,8786752,9,2017,-21213248,-70.71082666666669,tt7130472,Stronger,Action,8.4,8
90,2017-09-22,Stronger,30000000,4211129,8786752,9,2017,-21213248,-70.71082666666669,tt7130472,Stronger,Sport,8.4,8
99,2011-09-23,Machine Gun Preacher,30000000,538690,3721988,9,2011,-26278012,-87.59337333333332,tt1586752,Machine Gun Preacher,Action,6.8,60074
99,2011-09-23,Machine Gun Preacher,30000000,538690,3721988,9,2011,-26278012,-87.59337333333332,tt1586752,Machine Gun Preacher,Biography,6.8,60074
99,2011-09-23,Machine Gun Preacher,30000000,538690,3721988,9,2011,-26278012,-87.59337333333332,tt1586752,Machine Gun Preacher,Crime,6.8,60074
100,2018-02-02,Bilal: A New Breed of Hero,30000000,490973,648599,2,2018,-29351401,-97.83800333333332,tt3576728,Bilal: A New Breed of Hero,Action,8.0,16854
100,2018-02-02,Bilal: A New Breed of Hero,30000000,490973,648599,2,2018,-29351401,-97.83800333333332,tt3576728,Bilal: A New Breed of Hero,Adventure,8.0,16854
100,2018-02-02,Bilal: A New Breed of Hero,30000000,490973,648599,2,2018,-29351401,-97.83800333333332,tt3576728,Bilal: A New Breed of Hero,Animation,8.0,16854
5,2015-01-30,Wild Card,30000000,3200,4315789,1,2015,-25684211,-85.61403666666666,tt2231253,Wild Card,Action,5.6,46463
5,2015-01-30,Wild Card,30000000,3200,4315789,1,2015,-25684211,-85.61403666666666,tt2231253,Wild Card,Crime,5.6,46463
5,2015-01-30,Wild Card,30000000,3200,4315789,1,2015,-25684211,-85.61403666666666,tt2231253,Wild Card,Drama,5.6,46463
6,2015-06-05,United Passions,30000000,918,168832,6,2015,-29831168,-99.43722666666666,tt2814362,United Passions,Drama,2.1,3878
6,2015-06-05,United Passions,30000000,918,168832,6,2015,-29831168,-99.43722666666666,tt2814362,United Passions,History,2.1,3878
6,2015-06-05,United Passions,30000000,918,168832,6,2015,-29831168,-99.43722666666666,tt2814362,United Passions,Sport,2.1,3878
8,2015-12-01,Grace of Monaco,30000000,0,25199891,12,2015,-4800109,-16.000363333333333,tt2095649,Grace of Monaco,Biography,5.7,16685
8,2015-12-01,Grace of Monaco,30000000,0,25199891,12,2015,-4800109,-16.000363333333333,tt2095649,Grace of Monaco,Drama,5.7,16685
8,2015-12-01,Grace of Monaco,30000000,0,25199891,12,2015,-4800109,-16.000363333333333,tt2095649,Grace of Monaco,Romance,5.7,16685
11,2013-12-31,Space Pirate Captain Harlock,30000000,0,310985,12,2013,-29689015,-98.96338333333333,tt1832471,Space Pirate Captain Harlock,Animation,7.1,324
11,2013-12-31,Space Pirate Captain Harlock,30000000,0,310985,12,2013,-29689015,-98.96338333333333,tt1832471,Space Pirate Captain Harlock,Sci-Fi,7.1,324
13,2017-02-24,Collide,29200000,2280004,5466698,2,2017,-23733302,-81.2784315068493,tt1230120,Collide,Action,5.5,12
13,2017-02-24,Collide,29200000,2280004,5466698,2,2017,-23733302,-81.2784315068493,tt2126235,Collide,Action,5.7,13288
13,2017-02-24,Collide,29200000,2280004,5466698,2,2017,-23733302,-81.2784315068493,tt2126235,Collide,Crime,5.7,13288
13,2017-02-24,Collide,29200000,2280004,5466698,2,2017,-23733302,-81.2784315068493,tt2126235,Collide,Thriller,5.7,13288
14,2015-05-15,Pitch Perfect 2,29000000,184296230,287625468,5,2015,258625468,891.8119586206897,tt2848292,Pitch Perfect 2,Comedy,6.4,130692
14,2015-05-15,Pitch Perfect 2,29000000,184296230,287625468,5,2015,258625468,891.8119586206897,tt2848292,Pitch Perfect 2,Music,6.4,130692
16,2018-09-28,Night School,29000000,77339130,103008792,9,2018,74008792,255.20273103448275,tt5599520,Night School,Documentary,7.2,112
16,2018-09-28,Night School,29000000,77339130,103008792,9,2018,74008792,255.20273103448275,tt6781982,Night School,Comedy,5.6,23501
17,2016-04-08,The Boss,29000000,63077560,78652207,4,2016,49652207,171.21450689655174,tt2702724,The Boss,Comedy,5.4,39096
21,2017-08-18,Logan Lucky,29000000,27778642,44264271,8,2017,15264271,52.635417241379315,tt5439796,Logan Lucky,Comedy,7.0,105966
21,2017-08-18,Logan Lucky,29000000,27778642,44264271,8,2017,15264271,52.635417241379315,tt5439796,Logan Lucky,Crime,7.0,105966
21,2017-08-18,Logan Lucky,29000000,27778642,44264271,8,2017,15264271,52.635417241379315,tt5439796,Logan Lucky,Drama,7.0,105966
22,2016-08-12,Florence Foster Jenkins,29000000,27383770,56000339,8,2016,27000339,93.1046172413793,tt4136084,Florence Foster Jenkins,Biography,6.8,44970
22,2016-08-12,Florence Foster Jenkins,29000000,27383770,56000339,8,2016,27000339,93.1046172413793,tt4136084,Florence Foster Jenkins,Comedy,6.8,44970
22,2016-08-12,Florence Foster Jenkins,29000000,27383770,56000339,8,2016,27000339,93.1046172413793,tt4136084,Florence Foster Jenkins,Drama,6.8,44970
30,2019-09-30,Unhinged,29000000,0,0,9,2019,-29000000,-100.0,tt5940342,Unhinged,Horror,4.2,512
35,2015-08-14,Straight Outta Compton,28000000,161197785,202182981,8,2015,174182981,622.0820749999998,tt1398426,Straight Outta Compton,Biography,7.9,165307
35,2015-08-14,Straight Outta Compton,28000000,161197785,202182981,8,2015,174182981,622.0820749999998,tt1398426,Straight Outta Compton,Drama,7.9,165307
35,2015-08-14,Straight Outta Compton,28000000,161197785,202182981,8,2015,174182981,622.0820749999998,tt1398426,Straight Outta Compton,History,7.9,165307
36,2017-07-21,Girls Trip,28000000,115108515,140886353,7,2017,112886353,403.1655464285715,tt3564472,Girls Trip,Comedy,6.2,29321
36,2017-07-21,Girls Trip,28000000,115108515,140886353,7,2017,112886353,403.1655464285715,tt3564472,Girls Trip,Drama,6.2,29321
40,2017-11-01,A Bad Moms Christmas,28000000,72110659,127710550,11,2017,99710550,356.1091071428571,tt6359956,A Bad Moms Christmas,Adventure,5.5,33056
40,2017-11-01,A Bad Moms Christmas,28000000,72110659,127710550,11,2017,99710550,356.1091071428571,tt6359956,A Bad Moms Christmas,Comedy,5.5,33056
41,2013-02-14,Safe Haven,28000000,71399120,94050951,2,2013,66050951,235.89625357142862,tt1702439,Safe Haven,Drama,6.7,97055
41,2013-02-14,Safe Haven,28000000,71399120,94050951,2,2013,66050951,235.89625357142862,tt1702439,Safe Haven,Romance,6.7,97055
41,2013-02-14,Safe Haven,28000000,71399120,94050951,2,2013,66050951,235.89625357142862,tt1702439,Safe Haven,Thriller,6.7,97055
42,2015-12-11,The Big Short,28000000,70259870,133162752,12,2015,105162752,375.5812571428571,tt1596363,The Big Short,Biography,7.8,309227
42,2015-12-11,The Big Short,28000000,70259870,133162752,12,2015,105162752,375.5812571428571,tt1596363,The Big Short,Comedy,7.8,309227
42,2015-12-11,The Big Short,28000000,70259870,133162752,12,2015,105162752,375.5812571428571,tt1596363,The Big Short,Drama,7.8,309227
44,2014-10-10,"Alexander and the Terrible, Horrible, No Good, Very Bad Day",28000000,66954149,101379287,10,2014,73379287,262.06888214285715,tt1698641,"Alexander and the Terrible, Horrible, No Good, Very Bad Day",Comedy,6.2,37325
44,2014-10-10,"Alexander and the Terrible, Horrible, No Good, Very Bad Day",28000000,66954149,101379287,10,2014,73379287,262.06888214285715,tt1698641,"Alexander and the Terrible, Horrible, No Good, Very Bad Day",Family,6.2,37325
46,2013-01-28,Last Vegas,28000000,63914167,112914167,1,2013,84914167,303.2648821428571,tt1204975,Last Vegas,Comedy,6.6,121409
46,2013-01-28,Last Vegas,28000000,63914167,112914167,1,2013,84914167,303.2648821428571,tt1204975,Last Vegas,Drama,6.6,121409
50,2018-06-15,Tag,28000000,54730625,77026186,6,2018,49026186,175.0935214285714,tt1967669,Tag,Drama,4.6,158
50,2018-06-15,Tag,28000000,54730625,77026186,6,2018,49026186,175.0935214285714,tt2854926,Tag,Comedy,6.5,85186
50,2018-06-15,Tag,28000000,54730625,77026186,6,2018,49026186,175.0935214285714,tt4439120,Tag,Action,6.1,4331
50,2018-06-15,Tag,28000000,54730625,77026186,6,2018,49026186,175.0935214285714,tt4439120,Tag,Fantasy,6.1,4331
50,2018-06-15,Tag,28000000,54730625,77026186,6,2018,49026186,175.0935214285714,tt4439120,Tag,Horror,6.1,4331
54,2010-04-16,Kick-Ass,28000000,48071303,97531134,4,2010,69531134,248.32547857142856,tt1250777,Kick-Ass,Action,7.6,497363
54,2010-04-16,Kick-Ass,28000000,48071303,97531134,4,2010,69531134,248.32547857142856,tt1250777,Kick-Ass,Comedy,7.6,497363
60,2011-08-12,30 Minutes or Less,28000000,37053924,40966716,8,2011,12966716,46.3097,tt1622547,30 Minutes or Less,Action,6.1,87254
60,2011-08-12,30 Minutes or Less,28000000,37053924,40966716,8,2011,12966716,46.3097,tt1622547,30 Minutes or Less,Comedy,6.1,87254
60,2011-08-12,30 Minutes or Less,28000000,37053924,40966716,8,2011,12966716,46.3097,tt1622547,30 Minutes or Less,Crime,6.1,87254
64,2014-02-21,3 Days to Kill,28000000,30697999,38959900,2,2014,10959900,39.14250000000001,tt2172934,3 Days to Kill,Action,6.2,81681
64,2014-02-21,3 Days to Kill,28000000,30697999,38959900,2,2014,10959900,39.14250000000001,tt2172934,3 Days to Kill,Drama,6.2,81681
64,2014-02-21,3 Days to Kill,28000000,30697999,38959900,2,2014,10959900,39.14250000000001,tt2172934,3 Days to Kill,Thriller,6.2,81681
65,2013-08-16,Kick-Ass 2,28000000,28795985,63129909,8,2013,35129909,125.46396071428572,tt1650554,Kick-Ass 2,Action,6.6,238832
65,2013-08-16,Kick-Ass 2,28000000,28795985,63129909,8,2013,35129909,125.46396071428572,tt1650554,Kick-Ass 2,Comedy,6.6,238832
65,2013-08-16,Kick-Ass 2,28000000,28795985,63129909,8,2013,35129909,125.46396071428572,tt1650554,Kick-Ass 2,Crime,6.6,238832
67,2014-09-19,A Walk Among the Tombstones,28000000,26017685,62108587,9,2014,34108587,121.81638214285715,tt0365907,A Walk Among the Tombstones,Action,6.5,105116
67,2014-09-19,A Walk Among the Tombstones,28000000,26017685,62108587,9,2014,34108587,121.81638214285715,tt0365907,A Walk Among the Tombstones,Crime,6.5,105116
67,2014-09-19,A Walk Among the Tombstones,28000000,26017685,62108587,9,2014,34108587,121.81638214285715,tt0365907,A Walk Among the Tombstones,Drama,6.5,105116
68,2010-01-15,The Spy Next Door,28000000,24307106,46752858,1,2010,18752858,66.97449285714285,tt1273678,The Spy Next Door,Action,5.5,36767
68,2010-01-15,The Spy Next Door,28000000,24307106,46752858,1,2010,18752858,66.97449285714285,tt1273678,The Spy Next Door,Comedy,5.5,36767
68,2010-01-15,The Spy Next Door,28000000,24307106,46752858,1,2010,18752858,66.97449285714285,tt1273678,The Spy Next Door,Family,5.5,36767
69,2014-04-25,Brick Mansions,28000000,20396829,73421224,4,2014,45421224,162.21865714285715,tt1430612,Brick Mansions,Action,5.7,37528
69,2014-04-25,Brick Mansions,28000000,20396829,73421224,4,2014,45421224,162.21865714285715,tt1430612,Brick Mansions,Crime,5.7,37528
72,2015-08-21,American Ultra,28000000,14439985,30295028,8,2015,2295028,8.196528571428571,tt3316948,American Ultra,Action,6.1,76769
72,2015-08-21,American Ultra,28000000,14439985,30295028,8,2015,2295028,8.196528571428571,tt3316948,American Ultra,Comedy,6.1,76769
72,2015-08-21,American Ultra,28000000,14439985,30295028,8,2015,2295028,8.196528571428571,tt3316948,American Ultra,Sci-Fi,6.1,76769
74,2016-02-05,Pride and Prejudice and Zombies,28000000,10907291,16638300,2,2016,-11361700,-40.5775,tt1374989,Pride and Prejudice and Zombies,Action,5.8,46187
74,2016-02-05,Pride and Prejudice and Zombies,28000000,10907291,16638300,2,2016,-11361700,-40.5775,tt1374989,Pride and Prejudice and Zombies,Comedy,5.8,46187
74,2016-02-05,Pride and Prejudice and Zombies,28000000,10907291,16638300,2,2016,-11361700,-40.5775,tt1374989,Pride and Prejudice and Zombies,Horror,5.8,46187
86,2012-01-13,Joyful Noise,27500000,30932113,31157914,1,2012,3657914,13.301505454545454,tt1710396,Joyful Noise,Comedy,5.8,7575
86,2012-01-13,Joyful Noise,27500000,30932113,31157914,1,2012,3657914,13.301505454545454,tt1710396,Joyful Noise,Drama,5.8,7575
86,2012-01-13,Joyful Noise,27500000,30932113,31157914,1,2012,3657914,13.301505454545454,tt1710396,Joyful Noise,Music,5.8,7575
90,2011-10-28,Anonymous,27500000,4463292,15815509,10,2011,-11684491,-42.48905818181819,tt1521197,Anonymous,Drama,6.9,37932
90,2011-10-28,Anonymous,27500000,4463292,15815509,10,2011,-11684491,-42.48905818181819,tt1521197,Anonymous,Thriller,6.9,37932
91,2011-03-18,Limitless,27000000,79249455,155564919,3,2011,128564919,476.16636666666665,tt1219289,Limitless,Mystery,7.4,492490
91,2011-03-18,Limitless,27000000,79249455,155564919,3,2011,128564919,476.16636666666665,tt1219289,Limitless,Sci-Fi,7.4,492490
91,2011-03-18,Limitless,27000000,79249455,155564919,3,2011,128564919,476.16636666666665,tt1219289,Limitless,Thriller,7.4,492490
91,2011-03-18,Limitless,27000000,79249455,155564919,3,2011,128564919,476.16636666666665,tt4597838,Limitless,Biography,6.7,10
91,2011-03-18,Limitless,27000000,79249455,155564919,3,2011,128564919,476.16636666666665,tt4597838,Limitless,Documentary,6.7,10
91,2011-03-18,Limitless,27000000,79249455,155564919,3,2011,128564919,476.16636666666665,tt6084030,Limitless,Documentary,3.9,8
98,2016-05-13,Money Monster,27000000,41012075,93466095,5,2016,66466095,246.17072222222217,tt2241351,Money Monster,Crime,6.5,86607
98,2016-05-13,Money Monster,27000000,41012075,93466095,5,2016,66466095,246.17072222222217,tt2241351,Money Monster,Drama,6.5,86607
98,2016-05-13,Money Monster,27000000,41012075,93466095,5,2016,66466095,246.17072222222217,tt2241351,Money Monster,Thriller,6.5,86607
33,2013-04-26,Pain & Gain,26000000,49875291,81275291,4,2013,55275291,212.5972730769231,tt1980209,Pain & Gain,Action,6.4,187820
33,2013-04-26,Pain & Gain,26000000,49875291,81275291,4,2013,55275291,212.5972730769231,tt1980209,Pain & Gain,Comedy,6.4,187820
33,2013-04-26,Pain & Gain,26000000,49875291,81275291,4,2013,55275291,212.5972730769231,tt1980209,Pain & Gain,Crime,6.4,187820
37,2010-01-22,Legion,26000000,40168080,67647574,1,2010,41647574,160.18297692307692,tt1038686,Legion,Action,5.2,92709
37,2010-01-22,Legion,26000000,40168080,67647574,1,2010,41647574,160.18297692307692,tt1038686,Legion,Fantasy,5.2,92709
37,2010-01-22,Legion,26000000,40168080,67647574,1,2010,41647574,160.18297692307692,tt1038686,Legion,Horror,5.2,92709
38,2012-08-29,Lawless,26000000,37397291,54393687,8,2012,28393687,109.20648846153848,tt1212450,Lawless,Crime,7.3,214055
38,2012-08-29,Lawless,26000000,37397291,54393687,8,2012,28393687,109.20648846153848,tt1212450,Lawless,Drama,7.3,214055
42,2014-10-17,The Best of Me,26000000,26766213,41059418,10,2014,15059418,57.92083846153846,tt1972779,The Best of Me,Drama,6.7,59750
42,2014-10-17,The Best of Me,26000000,26766213,41059418,10,2014,15059418,57.92083846153846,tt1972779,The Best of Me,Romance,6.7,59750
45,2012-04-27,The Raven,26000000,16008272,30601801,4,2012,4601801,17.699234615384615,tt1486192,The Raven,Crime,6.4,79578
45,2012-04-27,The Raven,26000000,16008272,30601801,4,2012,4601801,17.699234615384615,tt1486192,The Raven,Mystery,6.4,79578
45,2012-04-27,The Raven,26000000,16008272,30601801,4,2012,4601801,17.699234615384615,tt1486192,The Raven,Thriller,6.4,79578
50,2013-10-18,The Fifth Estate,26000000,3254172,6154172,10,2013,-19845828,-76.33010769230769,tt1837703,The Fifth Estate,Biography,6.2,36392
50,2013-10-18,The Fifth Estate,26000000,3254172,6154172,10,2013,-19845828,-76.33010769230769,tt1837703,The Fifth Estate,Drama,6.2,36392
50,2013-10-18,The Fifth Estate,26000000,3254172,6154172,10,2013,-19845828,-76.33010769230769,tt1837703,The Fifth Estate,Thriller,6.2,36392
52,2014-03-21,Blood Ties,26000000,42472,2923959,3,2014,-23076041,-88.75400384615385,tt1747958,Blood Ties,Action,6.5,17771
52,2014-03-21,Blood Ties,26000000,42472,2923959,3,2014,-23076041,-88.75400384615385,tt1747958,Blood Ties,Crime,6.5,17771
52,2014-03-21,Blood Ties,26000000,42472,2923959,3,2014,-23076041,-88.75400384615385,tt1747958,Blood Ties,Drama,6.5,17771
52,2014-03-21,Blood Ties,26000000,42472,2923959,3,2014,-23076041,-88.75400384615385,tt2941230,Blood Ties,Documentary,7.0,50
52,2014-03-21,Blood Ties,26000000,42472,2923959,3,2014,-23076041,-88.75400384615385,tt2941230,Blood Ties,Drama,7.0,50
52,2014-03-21,Blood Ties,26000000,42472,2923959,3,2014,-23076041,-88.75400384615385,tt2941230,Blood Ties,Family,7.0,50
54,2015-06-30,Viy,26000000,0,34246770,6,2015,8246770,31.71834615384616,tt1224378,Viy,Adventure,5.3,4365
54,2015-06-30,Viy,26000000,0,34246770,6,2015,8246770,31.71834615384616,tt1224378,Viy,Fantasy,5.3,4365
54,2015-06-30,Viy,26000000,0,34246770,6,2015,8246770,31.71834615384616,tt1224378,Viy,Mystery,5.3,4365
55,2015-03-17,Accidental Love,26000000,0,135436,3,2015,-25864564,-99.47909230769231,tt1137470,Accidental Love,Comedy,4.1,7048
55,2015-03-17,Accidental Love,26000000,0,135436,3,2015,-25864564,-99.47909230769231,tt1137470,Accidental Love,Romance,4.1,7048
56,2015-04-24,The Face of an Angel,26000000,0,0,4,2015,-26000000,-100.0,tt2967008,The Face of an Angel,Crime,4.6,4211
56,2015-04-24,The Face of an Angel,26000000,0,0,4,2015,-26000000,-100.0,tt2967008,The Face of an Angel,Drama,4.6,4211
63,2011-08-10,The Help,25000000,169705587,213120004,8,2011,188120004,752.480016,tt1454029,The Help,Drama,8.1,392699
64,2016-12-25,Hidden Figures,25000000,169607287,231771716,12,2016,206771716,827.086864,tt4846340,Hidden Figures,Biography,7.8,171131
64,2016-12-25,Hidden Figures,25000000,169607287,231771716,12,2016,206771716,827.086864,tt4846340,Hidden Figures,Drama,7.8,171131
64,2016-12-25,Hidden Figures,25000000,169607287,231771716,12,2016,206771716,827.086864,tt4846340,Hidden Figures,History,7.8,171131
67,2014-01-17,Ride Along,25000000,134202565,153733800,1,2014,128733800,514.9352,tt1408253,Ride Along,Action,6.2,94529
67,2014-01-17,Ride Along,25000000,134202565,153733800,1,2014,128733800,514.9352,tt1408253,Ride Along,Comedy,6.2,94529
67,2014-01-17,Ride Along,25000000,134202565,153733800,1,2014,128733800,514.9352,tt1408253,Ride Along,Crime,6.2,94529
67,2014-01-17,Ride Along,25000000,134202565,153733800,1,2014,128733800,514.9352,tt2263520,Ride Along,Action,4.4,14
77,2010-02-05,Dear John,25000000,80014842,142033509,2,2010,117033509,468.134036,tt0989757,Dear John,Drama,6.3,128657
77,2010-02-05,Dear John,25000000,80014842,142033509,2,2010,117033509,468.134036,tt0989757,Dear John,Romance,6.3,128657
77,2010-02-05,Dear John,25000000,80014842,142033509,2,2010,117033509,468.134036,tt0989757,Dear John,War,6.3,128657
79,2012-12-25,Parental Guidance,25000000,77267296,120832383,12,2012,95832383,383.329532,tt1047540,Parental Guidance,Comedy,6.1,23711
79,2012-12-25,Parental Guidance,25000000,77267296,120832383,12,2012,95832383,383.329532,tt1047540,Parental Guidance,Family,6.1,23711
84,2011-01-21,No Strings Attached,25000000,70662220,149228078,1,2011,124228078,496.912312,tt1411238,No Strings Attached,Comedy,6.2,197663
84,2011-01-21,No Strings Attached,25000000,70662220,149228078,1,2011,124228078,496.912312,tt1411238,No Strings Attached,Romance,6.2,197663
85,2012-01-13,Contraband,25000000,66528000,98406855,1,2012,73406855,293.6274200000001,tt1524137,Contraband,Action,6.5,111709
85,2012-01-13,Contraband,25000000,66528000,98406855,1,2012,73406855,293.6274200000001,tt1524137,Contraband,Crime,6.5,111709
85,2012-01-13,Contraband,25000000,66528000,98406855,1,2012,73406855,293.6274200000001,tt1524137,Contraband,Drama,6.5,111709
87,2012-04-20,The Lucky One,25000000,60457138,96633833,4,2012,71633833,286.535332,tt1327194,The Lucky One,Drama,6.5,94359
87,2012-04-20,The Lucky One,25000000,60457138,96633833,4,2012,71633833,286.535332,tt1327194,The Lucky One,Romance,6.5,94359
92,2011-04-22,Madea's Big Happy Family,25000000,53345287,54160818,4,2011,29160818,116.643272,tt1787759,Madea's Big Happy Family,Comedy,4.7,6996
92,2011-04-22,Madea's Big Happy Family,25000000,53345287,54160818,4,2011,29160818,116.643272,tt1787759,Madea's Big Happy Family,Drama,4.7,6996
95,2012-01-27,The Grey,25000000,51580136,81249176,1,2012,56249176,224.996704,tt1601913,The Grey,Action,6.8,228798
95,2012-01-27,The Grey,25000000,51580136,81249176,1,2012,56249176,224.996704,tt1601913,The Grey,Adventure,6.8,228798
95,2012-01-27,The Grey,25000000,51580136,81249176,1,2012,56249176,224.996704,tt1601913,The Grey,Drama,6.8,228798
2,2014-08-15,The Giver,25000000,45090374,66540205,8,2014,41540205,166.16082,tt0435651,The Giver,Drama,6.5,104999
2,2014-08-15,The Giver,25000000,45090374,66540205,8,2014,41540205,166.16082,tt0435651,The Giver,Romance,6.5,104999
2,2014-08-15,The Giver,25000000,45090374,66540205,8,2014,41540205,166.16082,tt0435651,The Giver,Sci-Fi,6.5,104999
6,2015-11-20,The Night Before,25000000,43035725,52427346,11,2015,27427346,109.709384,tt3530002,The Night Before,Adventure,6.4,58455
6,2015-11-20,The Night Before,25000000,43035725,52427346,11,2015,27427346,109.709384,tt3530002,The Night Before,Comedy,6.4,58455
6,2015-11-20,The Night Before,25000000,43035725,52427346,11,2015,27427346,109.709384,tt3530002,The Night Before,Fantasy,6.4,58455
6,2015-11-20,The Night Before,25000000,43035725,52427346,11,2015,27427346,109.709384,tt6006924,The Night Before,Horror,4.7,150
15,2013-12-25,August: Osage County,25000000,37738810,50738810,12,2013,25738810,102.95524,tt1322269,August: Osage County,Comedy,7.2,79383
15,2013-12-25,August: Osage County,25000000,37738810,50738810,12,2013,25738810,102.95524,tt1322269,August: Osage County,Drama,7.2,79383
17,2014-05-16,Million Dollar Arm,25000000,36447959,39217912,5,2014,14217912,56.87164799999999,tt1647668,Million Dollar Arm,Biography,7.0,41008
17,2014-05-16,Million Dollar Arm,25000000,36447959,39217912,5,2014,14217912,56.87164799999999,tt1647668,Million Dollar Arm,Drama,7.0,41008
17,2014-05-16,Million Dollar Arm,25000000,36447959,39217912,5,2014,14217912,56.87164799999999,tt1647668,Million Dollar Arm,Sport,7.0,41008
21,2018-09-07,Peppermint,25000000,35418723,51800758,9,2018,26800758,107.203032,tt6850820,Peppermint,Action,6.5,35854
21,2018-09-07,Peppermint,25000000,35418723,51800758,9,2018,26800758,107.203032,tt6850820,Peppermint,Crime,6.5,35854
21,2018-09-07,Peppermint,25000000,35418723,51800758,9,2018,26800758,107.203032,tt6850820,Peppermint,Drama,6.5,35854
25,2014-12-10,The Gambler,25000000,33680992,38718031,12,2014,13718031,54.872124,tt1828325,The Gambler,Drama,7.0,10
25,2014-12-10,The Gambler,25000000,33680992,38718031,12,2014,13718031,54.872124,tt2039393,The Gambler,Crime,6.0,59995
25,2014-12-10,The Gambler,25000000,33680992,38718031,12,2014,13718031,54.872124,tt2039393,The Gambler,Drama,6.0,59995
25,2014-12-10,The Gambler,25000000,33680992,38718031,12,2014,13718031,54.872124,tt2039393,The Gambler,Thriller,6.0,59995
25,2014-12-10,The Gambler,25000000,33680992,38718031,12,2014,13718031,54.872124,tt2843832,The Gambler,Documentary,7.6,14
25,2014-12-10,The Gambler,25000000,33680992,38718031,12,2014,13718031,54.872124,tt2924336,The Gambler,Drama,7.2,1479
25,2014-12-10,The Gambler,25000000,33680992,38718031,12,2014,13718031,54.872124,tt2924336,The Gambler,Thriller,7.2,1479
25,2014-12-10,The Gambler,25000000,33680992,38718031,12,2014,13718031,54.872124,tt9447594,The Gambler,Action,6.1,10
25,2014-12-10,The Gambler,25000000,33680992,38718031,12,2014,13718031,54.872124,tt9447594,The Gambler,Sci-Fi,6.1,10
25,2014-12-10,The Gambler,25000000,33680992,38718031,12,2014,13718031,54.872124,tt9447594,The Gambler,Thriller,6.1,10
29,2017-02-17,Fist Fight,25000000,32187017,40286416,2,2017,15286416,61.145664000000004,tt3401882,Fist Fight,Comedy,5.6,35136
32,2011-12-09,The Sitter,25000000,30542576,38749404,12,2011,13749404,54.99761600000001,tt1366344,The Sitter,Comedy,5.7,65575
32,2011-12-09,The Sitter,25000000,30542576,38749404,12,2011,13749404,54.99761600000001,tt4697228,The Sitter,Horror,4.0,250
36,2014-04-11,Draft Day,25000000,28842237,29847480,4,2014,4847480,19.38992,tt2223990,Draft Day,Drama,6.8,48812
36,2014-04-11,Draft Day,25000000,28842237,29847480,4,2014,4847480,19.38992,tt2223990,Draft Day,Sport,6.8,48812
38,2017-02-03,Rings,25000000,27793018,82917283,2,2017,57917283,231.669132,tt0498381,Rings,Drama,4.5,34151
38,2017-02-03,Rings,25000000,27793018,82917283,2,2017,57917283,231.669132,tt0498381,Rings,Horror,4.5,34151
38,2017-02-03,Rings,25000000,27793018,82917283,2,2017,57917283,231.669132,tt0498381,Rings,Mystery,4.5,34151
43,2011-08-26,Don't Be Afraid of the Dark,25000000,24046682,39126427,8,2011,14126427,56.505708,tt1270761,Don't Be Afraid of the Dark,Fantasy,5.6,44490
43,2011-08-26,Don't Be Afraid of the Dark,25000000,24046682,39126427,8,2011,14126427,56.505708,tt1270761,Don't Be Afraid of the Dark,Horror,5.6,44490
43,2011-08-26,Don't Be Afraid of the Dark,25000000,24046682,39126427,8,2011,14126427,56.505708,tt1270761,Don't Be Afraid of the Dark,Thriller,5.6,44490
44,2010-04-23,The Losers,25000000,23591432,29863840,4,2010,4863840,19.45536,tt0480255,The Losers,Action,6.4,83876
44,2010-04-23,The Losers,25000000,23591432,29863840,4,2010,4863840,19.45536,tt0480255,The Losers,Adventure,6.4,83876
44,2010-04-23,The Losers,25000000,23591432,29863840,4,2010,4863840,19.45536,tt0480255,The Losers,Crime,6.4,83876
44,2010-04-23,The Losers,25000000,23591432,29863840,4,2010,4863840,19.45536,tt3746918,The Losers,Drama,1.7,70
50,2011-02-11,The Eagle,25000000,19490041,38993548,2,2011,13993548,55.974192,tt1034389,The Eagle,Action,6.2,61475
50,2011-02-11,The Eagle,25000000,19490041,38993548,2,2011,13993548,55.974192,tt1034389,The Eagle,Adventure,6.2,61475
50,2011-02-11,The Eagle,25000000,19490041,38993548,2,2011,13993548,55.974192,tt1034389,The Eagle,Drama,6.2,61475
52,2011-09-02,Shark Night 3D,25000000,18877153,18877153,9,2011,-6122847,-24.491388,tt1633356,Shark Night 3D,Horror,4.0,23190
52,2011-09-02,Shark Night 3D,25000000,18877153,18877153,9,2011,-6122847,-24.491388,tt1633356,Shark Night 3D,Thriller,4.0,23190
56,2017-12-22,Father Figures,25000000,17501244,21038441,12,2017,-3961559,-15.846236,tt1966359,Father Figures,Adventure,5.5,14373
56,2017-12-22,Father Figures,25000000,17501244,21038441,12,2017,-3961559,-15.846236,tt1966359,Father Figures,Comedy,5.5,14373
56,2017-12-22,Father Figures,25000000,17501244,21038441,12,2017,-3961559,-15.846236,tt1966359,Father Figures,Drama,5.5,14373
56,2017-12-22,Father Figures,25000000,17501244,21038441,12,2017,-3961559,-15.846236,tt2925960,Father Figures,Documentary,6.8,102
58,2013-10-25,The Counselor,25000000,16973715,71009334,10,2013,46009334,184.037336,tt2193215,The Counselor,Crime,5.3,92096
58,2013-10-25,The Counselor,25000000,16973715,71009334,10,2013,46009334,184.037336,tt2193215,The Counselor,Drama,5.3,92096
58,2013-10-25,The Counselor,25000000,16973715,71009334,10,2013,46009334,184.037336,tt2193215,The Counselor,Thriller,5.3,92096
60,2018-12-07,Mary Queen of Scots,25000000,16468499,46734733,12,2018,21734733,86.93893200000002,tt1555069,Mary Queen of Scots,Biography,5.5,753
60,2018-12-07,Mary Queen of Scots,25000000,16468499,46734733,12,2018,21734733,86.93893200000002,tt1555069,Mary Queen of Scots,Drama,5.5,753
60,2018-12-07,Mary Queen of Scots,25000000,16468499,46734733,12,2018,21734733,86.93893200000002,tt1555069,Mary Queen of Scots,History,5.5,753
60,2018-12-07,Mary Queen of Scots,25000000,16468499,46734733,12,2018,21734733,86.93893200000002,tt2328900,Mary Queen of Scots,Biography,6.3,23866
60,2018-12-07,Mary Queen of Scots,25000000,16468499,46734733,12,2018,21734733,86.93893200000002,tt2328900,Mary Queen of Scots,Drama,6.3,23866
60,2018-12-07,Mary Queen of Scots,25000000,16468499,46734733,12,2018,21734733,86.93893200000002,tt2328900,Mary Queen of Scots,History,6.3,23866
68,2010-10-08,My Soul to Take,25000000,14744435,16727470,10,2010,-8272530,-33.09012,tt0872230,My Soul to Take,Horror,4.8,18381
68,2010-10-08,My Soul to Take,25000000,14744435,16727470,10,2010,-8272530,-33.09012,tt0872230,My Soul to Take,Mystery,4.8,18381
68,2010-10-08,My Soul to Take,25000000,14744435,16727470,10,2010,-8272530,-33.09012,tt0872230,My Soul to Take,Thriller,4.8,18381
74,2011-09-09,Warrior,25000000,13657115,24215385,9,2011,-784615,-3.13846,tt1291584,Warrior,Drama,8.2,403755
74,2011-09-09,Warrior,25000000,13657115,24215385,9,2011,-784615,-3.13846,tt1291584,Warrior,Sport,8.2,403755
76,2017-09-22,Battle of the Sexes,25000000,12638526,18445379,9,2017,-6554621,-26.218484,tt4622512,Battle of the Sexes,Biography,6.7,43245
76,2017-09-22,Battle of the Sexes,25000000,12638526,18445379,9,2017,-6554621,-26.218484,tt4622512,Battle of the Sexes,Comedy,6.7,43245
76,2017-09-22,Battle of the Sexes,25000000,12638526,18445379,9,2017,-6554621,-26.218484,tt4622512,Battle of the Sexes,Drama,6.7,43245
77,2012-12-21,Cirque du Soleil: Worlds Away,25000000,12512862,28012862,12,2012,3012862,12.051448,tt1792647,Cirque du Soleil: Worlds Away,Fantasy,6.8,7643
78,2015-11-13,The 33,25000000,12227722,28400715,11,2015,3400715,13.60286,tt2006295,The 33,Biography,6.9,32263
78,2015-11-13,The 33,25000000,12227722,28400715,11,2015,3400715,13.60286,tt2006295,The 33,Drama,6.9,32263
78,2015-11-13,The 33,25000000,12227722,28400715,11,2015,3400715,13.60286,tt2006295,The 33,History,6.9,32263
80,2011-04-15,The Conspirator,25000000,11538204,15907411,4,2011,-9092589,-36.370356,tt0968264,The Conspirator,Crime,6.9,26416
80,2011-04-15,The Conspirator,25000000,11538204,15907411,4,2011,-9092589,-36.370356,tt0968264,The Conspirator,Drama,6.9,26416
80,2011-04-15,The Conspirator,25000000,11538204,15907411,4,2011,-9092589,-36.370356,tt0968264,The Conspirator,History,6.9,26416
88,2011-09-16,Straw Dogs,25000000,10324441,11253821,9,2011,-13746179,-54.984716000000006,tt0999913,Straw Dogs,Action,5.8,30924
88,2011-09-16,Straw Dogs,25000000,10324441,11253821,9,2011,-13746179,-54.984716000000006,tt0999913,Straw Dogs,Drama,5.8,30924
88,2011-09-16,Straw Dogs,25000000,10324441,11253821,9,2011,-13746179,-54.984716000000006,tt0999913,Straw Dogs,Thriller,5.8,30924
93,2019-01-25,Serenity,25000000,8547045,11367029,1,2019,-13632971,-54.531884,tt6476140,Serenity,Drama,5.3,17904
93,2019-01-25,Serenity,25000000,8547045,11367029,1,2019,-13632971,-54.531884,tt6476140,Serenity,Mystery,5.3,17904
93,2019-01-25,Serenity,25000000,8547045,11367029,1,2019,-13632971,-54.531884,tt6476140,Serenity,Sci-Fi,5.3,17904
95,2018-10-12,Beautiful Boy,25000000,7634767,13031424,10,2018,-11968576,-47.874303999999995,tt1226837,Beautiful Boy,Biography,7.3,30368
95,2018-10-12,Beautiful Boy,25000000,7634767,13031424,10,2018,-11968576,-47.874303999999995,tt1226837,Beautiful Boy,Drama,7.3,30368
95,2018-10-12,Beautiful Boy,25000000,7634767,13031424,10,2018,-11968576,-47.874303999999995,tt1533013,Beautiful Boy,Drama,6.6,6058
97,2019-03-15,Captive State,25000000,5958315,8993300,3,2019,-16006700,-64.0268,tt5968394,Captive State,Sci-Fi,6.9,28780
97,2019-03-15,Captive State,25000000,5958315,8993300,3,2019,-16006700,-64.0268,tt5968394,Captive State,Thriller,6.9,28780
6,2018-04-13,Sgt. Stubby: An American Hero,25000000,3054285,3645957,4,2018,-21354043,-85.416172,tt5314190,Sgt. Stubby: An American Hero,Adventure,6.9,1225
6,2018-04-13,Sgt. Stubby: An American Hero,25000000,3054285,3645957,4,2018,-21354043,-85.416172,tt5314190,Sgt. Stubby: An American Hero,Animation,6.9,1225
6,2018-04-13,Sgt. Stubby: An American Hero,25000000,3054285,3645957,4,2018,-21354043,-85.416172,tt5314190,Sgt. Stubby: An American Hero,Family,6.9,1225
7,2011-12-16,Carnage,25000000,2546747,38112154,12,2011,13112154,52.448616,tt1692486,Carnage,Comedy,7.2,111372
7,2011-12-16,Carnage,25000000,2546747,38112154,12,2011,13112154,52.448616,tt1692486,Carnage,Drama,7.2,111372
7,2011-12-16,Carnage,25000000,2546747,38112154,12,2011,13112154,52.448616,tt6667360,Carnage,Comedy,7.8,1108
8,2017-09-01,Tulip Fever,25000000,2455635,6792768,9,2017,-18207232,-72.828928,tt0491203,Tulip Fever,Drama,6.2,15037
8,2017-09-01,Tulip Fever,25000000,2455635,6792768,9,2017,-18207232,-72.828928,tt0491203,Tulip Fever,History,6.2,15037
8,2017-09-01,Tulip Fever,25000000,2455635,6792768,9,2017,-18207232,-72.828928,tt0491203,Tulip Fever,Romance,6.2,15037
10,2015-11-20,Legend,25000000,1872994,42425450,11,2015,17425450,69.7018,tt3555036,Legend,Action,6.5,1568
10,2015-11-20,Legend,25000000,1872994,42425450,11,2015,17425450,69.7018,tt3555036,Legend,Drama,6.5,1568
10,2015-11-20,Legend,25000000,1872994,42425450,11,2015,17425450,69.7018,tt3569230,Legend,Biography,7.0,138947
10,2015-11-20,Legend,25000000,1872994,42425450,11,2015,17425450,69.7018,tt3569230,Legend,Crime,7.0,138947
10,2015-11-20,Legend,25000000,1872994,42425450,11,2015,17425450,69.7018,tt3569230,Legend,Drama,7.0,138947
12,2016-01-29,Jane Got a Gun,25000000,1513793,3771345,1,2016,-21228655,-84.91462,tt2140037,Jane Got a Gun,Action,5.9,19051
12,2016-01-29,Jane Got a Gun,25000000,1513793,3771345,1,2016,-21228655,-84.91462,tt2140037,Jane Got a Gun,Drama,5.9,19051
12,2016-01-29,Jane Got a Gun,25000000,1513793,3771345,1,2016,-21228655,-84.91462,tt2140037,Jane Got a Gun,Western,5.9,19051
17,2013-03-22,On the Road,25000000,720828,9313302,3,2013,-15686698,-62.746792000000006,tt0337692,On the Road,Adventure,6.1,37886
17,2013-03-22,On the Road,25000000,720828,9313302,3,2013,-15686698,-62.746792000000006,tt0337692,On the Road,Drama,6.1,37886
17,2013-03-22,On the Road,25000000,720828,9313302,3,2013,-15686698,-62.746792000000006,tt0337692,On the Road,Romance,6.1,37886
17,2013-03-22,On the Road,25000000,720828,9313302,3,2013,-15686698,-62.746792000000006,tt4339118,On the Road,Drama,6.0,6
17,2013-03-22,On the Road,25000000,720828,9313302,3,2013,-15686698,-62.746792000000006,tt5647250,On the Road,Drama,5.7,127
19,2010-06-30,Love Ranch,25000000,137885,146149,6,2010,-24853851,-99.41540400000001,tt1125929,Love Ranch,Biography,5.6,2742
19,2010-06-30,Love Ranch,25000000,137885,146149,6,2010,-24853851,-99.41540400000001,tt1125929,Love Ranch,Comedy,5.6,2742
19,2010-06-30,Love Ranch,25000000,137885,146149,6,2010,-24853851,-99.41540400000001,tt1125929,Love Ranch,Drama,5.6,2742
25,2011-07-08,Ironclad,25000000,0,5297411,7,2011,-19702589,-78.810356,tt1233301,Ironclad,Action,6.2,38477
25,2011-07-08,Ironclad,25000000,0,5297411,7,2011,-19702589,-78.810356,tt1233301,Ironclad,Adventure,6.2,38477
25,2011-07-08,Ironclad,25000000,0,5297411,7,2011,-19702589,-78.810356,tt1233301,Ironclad,Drama,6.2,38477
26,2019-05-10,The Professor and the Madman,25000000,0,5227233,5,2019,-19772767,-79.09106799999998,tt5932728,The Professor and the Madman,Biography,7.4,10383
26,2019-05-10,The Professor and the Madman,25000000,0,5227233,5,2019,-19772767,-79.09106799999998,tt5932728,The Professor and the Madman,Drama,7.4,10383
26,2019-05-10,The Professor and the Madman,25000000,0,5227233,5,2019,-19772767,-79.09106799999998,tt5932728,The Professor and the Madman,Mystery,7.4,10383
27,2015-03-10,Red Sky,25000000,0,91116,3,2015,-24908884,-99.635536,tt1836838,Red Sky,Drama,4.8,246
27,2015-03-10,Red Sky,25000000,0,91116,3,2015,-24908884,-99.635536,tt1836838,Red Sky,Romance,4.8,246
27,2015-03-10,Red Sky,25000000,0,91116,3,2015,-24908884,-99.635536,tt1946381,Red Sky,Action,4.1,1337
27,2015-03-10,Red Sky,25000000,0,91116,3,2015,-24908884,-99.635536,tt1946381,Red Sky,Thriller,4.1,1337
27,2015-03-10,Red Sky,25000000,0,91116,3,2015,-24908884,-99.635536,tt3396636,Red Sky,Thriller,4.9,17
27,2015-03-10,Red Sky,25000000,0,91116,3,2015,-24908884,-99.635536,tt6950432,Red Sky,Drama,4.1,35
27,2015-03-10,Red Sky,25000000,0,91116,3,2015,-24908884,-99.635536,tt6950432,Red Sky,War,4.1,35
29,2014-01-10,The Adventurer: The Curse of the Midas Box,25000000,0,0,1,2014,-25000000,-100.0,tt1376213,The Adventurer: The Curse of the Midas Box,Adventure,5.4,5257
29,2014-01-10,The Adventurer: The Curse of the Midas Box,25000000,0,0,1,2014,-25000000,-100.0,tt1376213,The Adventurer: The Curse of the Midas Box,Family,5.4,5257
29,2014-01-10,The Adventurer: The Curse of the Midas Box,25000000,0,0,1,2014,-25000000,-100.0,tt1376213,The Adventurer: The Curse of the Midas Box,Fantasy,5.4,5257
30,2019-12-31,Reagan,25000000,0,0,12,2019,-25000000,-100.0,tt1822382,Reagan,Biography,7.4,732
30,2019-12-31,Reagan,25000000,0,0,12,2019,-25000000,-100.0,tt1822382,Reagan,Documentary,7.4,732
31,2012-11-09,Dangerous Liaisons,24200000,17000,10447579,11,2012,-13752421,-56.828185950413214,tt2071441,Dangerous Liaisons,Drama,5.9,1694
31,2012-11-09,Dangerous Liaisons,24200000,17000,10447579,11,2012,-13752421,-56.828185950413214,tt2071441,Dangerous Liaisons,Mystery,5.9,1694
31,2012-11-09,Dangerous Liaisons,24200000,17000,10447579,11,2012,-13752421,-56.828185950413214,tt2071441,Dangerous Liaisons,Romance,5.9,1694
36,2014-06-20,Think Like a Man Too,24000000,65028687,70027933,6,2014,46027933,191.7830541666667,tt2239832,Think Like a Man Too,Comedy,5.8,18533
36,2014-06-20,Think Like a Man Too,24000000,65028687,70027933,6,2014,46027933,191.7830541666667,tt2239832,Think Like a Man Too,Romance,5.8,18533
37,2016-12-16,Fences,24000000,57682904,64282881,12,2016,40282881,167.8453375,tt2671706,Fences,Drama,7.2,86749
39,2011-10-14,Footloose,24000000,51802742,62989834,10,2011,38989834,162.4576416666667,tt1068242,Footloose,Comedy,5.9,43251
39,2011-10-14,Footloose,24000000,51802742,62989834,10,2011,38989834,162.4576416666667,tt1068242,Footloose,Drama,5.9,43251
39,2011-10-14,Footloose,24000000,51802742,62989834,10,2011,38989834,162.4576416666667,tt1068242,Footloose,Music,5.9,43251
40,2017-04-07,Going in Style,24000000,45018541,78672579,4,2017,54672579,227.8024125,tt2568862,Going in Style,Comedy,6.6,66418
40,2017-04-07,Going in Style,24000000,45018541,78672579,4,2017,54672579,227.8024125,tt2568862,Going in Style,Crime,6.6,66418
52,2010-08-20,Piranha 3D,24000000,25003155,83660160,8,2010,59660160,248.584,tt0464154,Piranha 3D,Comedy,5.4,81327
52,2010-08-20,Piranha 3D,24000000,25003155,83660160,8,2010,59660160,248.584,tt0464154,Piranha 3D,Horror,5.4,81327
53,2010-11-24,Faster,24000000,23240020,35792945,11,2010,11792945,49.13727083333333,tt1433108,Faster,Action,6.5,93618
53,2010-11-24,Faster,24000000,23240020,35792945,11,2010,11792945,49.13727083333333,tt1433108,Faster,Crime,6.5,93618
53,2010-11-24,Faster,24000000,23240020,35792945,11,2010,11792945,49.13727083333333,tt1433108,Faster,Drama,6.5,93618
58,2011-09-16,I Don't Know How She Does It,24000000,9659074,24474463,9,2011,474463,1.9769291666666668,tt1742650,I Don't Know How She Does It,Comedy,4.9,18552
58,2011-09-16,I Don't Know How She Does It,24000000,9659074,24474463,9,2011,474463,1.9769291666666668,tt1742650,I Don't Know How She Does It,Romance,4.9,18552
60,2013-12-20,Dhoom 3,24000000,8031955,11723620,12,2013,-12276380,-51.15158333333333,tt1833673,Dhoom 3,Action,5.4,40466
60,2013-12-20,Dhoom 3,24000000,8031955,11723620,12,2013,-12276380,-51.15158333333333,tt1833673,Dhoom 3,Thriller,5.4,40466
71,2018-11-16,Green Book,23000000,85080171,322034439,11,2018,299034439,1300.149734782609,tt6966692,Green Book,Biography,8.3,204972
71,2018-11-16,Green Book,23000000,85080171,322034439,11,2018,299034439,1300.149734782609,tt6966692,Green Book,Comedy,8.3,204972
71,2018-11-16,Green Book,23000000,85080171,322034439,11,2018,299034439,1300.149734782609,tt6966692,Green Book,Drama,8.3,204972
73,2015-01-16,The Wedding Ringer,23000000,64460211,80171596,1,2015,57171596,248.57215652173915,tt0884732,The Wedding Ringer,Comedy,6.7,66893
76,2011-10-07,The Ides of March,23000000,40962534,77735925,10,2011,54735925,237.98228260869564,tt1124035,The Ides of March,Drama,7.1,207417
76,2011-10-07,The Ides of March,23000000,40962534,77735925,10,2011,54735925,237.98228260869564,tt1124035,The Ides of March,Thriller,7.1,207417
78,2018-10-05,The Hate U Give,23000000,29719483,35067665,10,2018,12067665,52.46810869565217,tt5580266,The Hate U Give,Crime,7.3,17583
78,2018-10-05,The Hate U Give,23000000,29719483,35067665,10,2018,12067665,52.46810869565217,tt5580266,The Hate U Give,Drama,7.3,17583
80,2014-01-10,Her,23000000,25568251,48163815,1,2014,25163815,109.40789130434784,tt1798709,Her,Drama,8.0,467232
80,2014-01-10,Her,23000000,25568251,48163815,1,2014,25163815,109.40789130434784,tt1798709,Her,Romance,8.0,467232
80,2014-01-10,Her,23000000,25568251,48163815,1,2014,25163815,109.40789130434784,tt1798709,Her,Sci-Fi,8.0,467232
83,2012-01-20,Haywire,23000000,18942396,36374700,1,2012,13374700,58.15086956521739,tt1506999,Haywire,Action,5.8,78681
83,2012-01-20,Haywire,23000000,18942396,36374700,1,2012,13374700,58.15086956521739,tt1506999,Haywire,Drama,5.8,78681
83,2012-01-20,Haywire,23000000,18942396,36374700,1,2012,13374700,58.15086956521739,tt1506999,Haywire,Thriller,5.8,78681
86,2016-02-26,Eddie the Eagle,23000000,15789389,45060480,2,2016,22060480,95.9151304347826,tt1083452,Eddie the Eagle,Biography,7.4,75331
86,2016-02-26,Eddie the Eagle,23000000,15789389,45060480,2,2016,22060480,95.9151304347826,tt1083452,Eddie the Eagle,Comedy,7.4,75331
86,2016-02-26,Eddie the Eagle,23000000,15789389,45060480,2,2016,22060480,95.9151304347826,tt1083452,Eddie the Eagle,Drama,7.4,75331
97,2013-06-28,Redemption,23000000,36686,13593473,6,2013,-9406527,-40.89794347826086,tt1350546,Redemption,Adventure,4.5,98
97,2013-06-28,Redemption,23000000,36686,13593473,6,2013,-9406527,-40.89794347826086,tt1350546,Redemption,Drama,4.5,98
97,2013-06-28,Redemption,23000000,36686,13593473,6,2013,-9406527,-40.89794347826086,tt1350546,Redemption,Romance,4.5,98
97,2013-06-28,Redemption,23000000,36686,13593473,6,2013,-9406527,-40.89794347826086,tt1893256,Redemption,Action,6.2,61317
97,2013-06-28,Redemption,23000000,36686,13593473,6,2013,-9406527,-40.89794347826086,tt1893256,Redemption,Crime,6.2,61317
97,2013-06-28,Redemption,23000000,36686,13593473,6,2013,-9406527,-40.89794347826086,tt1893256,Redemption,Drama,6.2,61317
97,2013-06-28,Redemption,23000000,36686,13593473,6,2013,-9406527,-40.89794347826086,tt3104228,Redemption,Family,4.6,25
97,2013-06-28,Redemption,23000000,36686,13593473,6,2013,-9406527,-40.89794347826086,tt3104228,Redemption,Horror,4.6,25
97,2013-06-28,Redemption,23000000,36686,13593473,6,2013,-9406527,-40.89794347826086,tt3104228,Redemption,Romance,4.6,25
97,2013-06-28,Redemption,23000000,36686,13593473,6,2013,-9406527,-40.89794347826086,tt3279418,Redemption,Drama,8.4,5
97,2013-06-28,Redemption,23000000,36686,13593473,6,2013,-9406527,-40.89794347826086,tt3279418,Redemption,Mystery,8.4,5
97,2013-06-28,Redemption,23000000,36686,13593473,6,2013,-9406527,-40.89794347826086,tt3279418,Redemption,Thriller,8.4,5
97,2013-06-28,Redemption,23000000,36686,13593473,6,2013,-9406527,-40.89794347826086,tt8666442,Redemption,Drama,7.2,42
3,2016-11-18,Nocturnal Animals,22500000,10663357,32398681,11,2016,9898681,43.99413777777778,tt4550098,Nocturnal Animals,Drama,7.5,205240
3,2016-11-18,Nocturnal Animals,22500000,10663357,32398681,11,2016,9898681,43.99413777777778,tt4550098,Nocturnal Animals,Thriller,7.5,205240
4,2015-04-24,The Water Diviner,22500000,4200117,31054727,4,2015,8554727,38.021008888888886,tt3007512,The Water Diviner,Drama,7.1,66595
4,2015-04-24,The Water Diviner,22500000,4200117,31054727,4,2015,8554727,38.021008888888886,tt3007512,The Water Diviner,History,7.1,66595
4,2015-04-24,The Water Diviner,22500000,4200117,31054727,4,2015,8554727,38.021008888888886,tt3007512,The Water Diviner,War,7.1,66595
11,2014-02-28,Son of God,22000000,59700064,70949793,2,2014,48949793,222.49905909090907,tt1805411,Son of God,Documentary,6.8,13
11,2014-02-28,Son of God,22000000,59700064,70949793,2,2014,48949793,222.49905909090907,tt3210686,Son of God,Biography,5.8,17606
11,2014-02-28,Son of God,22000000,59700064,70949793,2,2014,48949793,222.49905909090907,tt3210686,Son of God,Drama,5.8,17606
11,2014-02-28,Son of God,22000000,59700064,70949793,2,2014,48949793,222.49905909090907,tt3210686,Son of God,History,5.8,17606
13,2014-08-08,The Hundred-Foot Journey,22000000,54235441,94270488,8,2014,72270488,328.5022181818182,tt2980648,The Hundred-Foot Journey,Comedy,7.3,69562
13,2014-08-08,The Hundred-Foot Journey,22000000,54235441,94270488,8,2014,72270488,328.5022181818182,tt2980648,The Hundred-Foot Journey,Drama,7.3,69562
17,2012-08-03,Diary of a Wimpy Kid: Dog Days,22000000,49008662,77229695,8,2012,55229695,251.0440681818182,tt2023453,Diary of a Wimpy Kid: Dog Days,Comedy,6.3,19571
17,2012-08-03,Diary of a Wimpy Kid: Dog Days,22000000,49008662,77229695,8,2012,55229695,251.0440681818182,tt2023453,Diary of a Wimpy Kid: Dog Days,Family,6.3,19571
21,2013-11-22,Delivery Man,22000000,30659817,70536870,11,2013,48536870,220.62213636363637,tt2387559,Delivery Man,Comedy,6.4,70706
21,2013-11-22,Delivery Man,22000000,30659817,70536870,11,2013,48536870,220.62213636363637,tt2387559,Delivery Man,Drama,6.4,70706
22,2016-02-05,"Hail, Caesar!",22000000,30080225,64160680,2,2016,42160680,191.63945454545456,tt0475290,"Hail, Caesar!",Comedy,6.3,111422
22,2016-02-05,"Hail, Caesar!",22000000,30080225,64160680,2,2016,42160680,191.63945454545456,tt0475290,"Hail, Caesar!",Drama,6.3,111422
22,2016-02-05,"Hail, Caesar!",22000000,30080225,64160680,2,2016,42160680,191.63945454545456,tt0475290,"Hail, Caesar!",Music,6.3,111422
27,2017-05-19,Diary of a Wimpy Kid: The Long Haul,22000000,20738724,35609577,5,2017,13609577,61.86171363636363,tt6003368,Diary of a Wimpy Kid: The Long Haul,Comedy,4.4,5635
27,2017-05-19,Diary of a Wimpy Kid: The Long Haul,22000000,20738724,35609577,5,2017,13609577,61.86171363636363,tt6003368,Diary of a Wimpy Kid: The Long Haul,Family,4.4,5635
29,2013-11-27,Homefront,22000000,20158492,51695362,11,2013,29695362,134.9789181818182,tt2312718,Homefront,Action,6.5,98549
29,2013-11-27,Homefront,22000000,20158492,51695362,11,2013,29695362,134.9789181818182,tt2312718,Homefront,Thriller,6.5,98549
29,2013-11-27,Homefront,22000000,20158492,51695362,11,2013,29695362,134.9789181818182,tt2558484,Homefront,Drama,7.7,17
34,2015-09-04,The Transporter Refueled,22000000,16029670,69698495,9,2015,47698495,216.8113409090909,tt2938956,The Transporter Refueled,Action,5.2,36201
34,2015-09-04,The Transporter Refueled,22000000,16029670,69698495,9,2015,47698495,216.8113409090909,tt2938956,The Transporter Refueled,Adventure,5.2,36201
34,2015-09-04,The Transporter Refueled,22000000,16029670,69698495,9,2015,47698495,216.8113409090909,tt2938956,The Transporter Refueled,Crime,5.2,36201
37,2012-08-22,Hit & Run,22000000,13749300,17216955,8,2012,-4783045,-21.74111363636364,tt10300710,Hit & Run,Action,7.1,43
37,2012-08-22,Hit & Run,22000000,13749300,17216955,8,2012,-4783045,-21.74111363636364,tt10300710,Hit & Run,Comedy,7.1,43
40,2017-11-17,"Roman J. Israel, Esq.",22000000,11962712,12967012,11,2017,-9032988,-41.059036363636366,tt6000478,"Roman J. Israel, Esq.",Crime,6.4,23632
40,2017-11-17,"Roman J. Israel, Esq.",22000000,11962712,12967012,11,2017,-9032988,-41.059036363636366,tt6000478,"Roman J. Israel, Esq.",Drama,6.4,23632
40,2017-11-17,"Roman J. Israel, Esq.",22000000,11962712,12967012,11,2017,-9032988,-41.059036363636366,tt6000478,"Roman J. Israel, Esq.",Thriller,6.4,23632
41,2013-12-04,Out of the Furnace,22000000,11330849,15434375,12,2013,-6565625,-29.843750000000004,tt1206543,Out of the Furnace,Crime,6.8,99037
41,2013-12-04,Out of the Furnace,22000000,11330849,15434375,12,2013,-6565625,-29.843750000000004,tt1206543,Out of the Furnace,Drama,6.8,99037
41,2013-12-04,Out of the Furnace,22000000,11330849,15434375,12,2013,-6565625,-29.843750000000004,tt1206543,Out of the Furnace,Thriller,6.8,99037
44,2017-12-08,Just Getting Started,22000000,6069605,6756412,12,2017,-15243588,-69.28903636363636,tt5721088,Just Getting Started,Action,4.4,4829
44,2017-12-08,Just Getting Started,22000000,6069605,6756412,12,2017,-15243588,-69.28903636363636,tt5721088,Just Getting Started,Comedy,4.4,4829
49,2014-10-31,Before I Go to Sleep,22000000,3242457,19563579,10,2014,-2436421,-11.07464090909091,tt1726592,Before I Go to Sleep,Drama,6.3,64684
49,2014-10-31,Before I Go to Sleep,22000000,3242457,19563579,10,2014,-2436421,-11.07464090909091,tt1726592,Before I Go to Sleep,Horror,6.3,64684
49,2014-10-31,Before I Go to Sleep,22000000,3242457,19563579,10,2014,-2436421,-11.07464090909091,tt1726592,Before I Go to Sleep,Mystery,6.3,64684
50,2010-10-08,Stone,22000000,1810078,4065020,10,2010,-17934980,-81.52263636363634,tt1423995,Stone,Drama,5.4,38667
50,2010-10-08,Stone,22000000,1810078,4065020,10,2010,-17934980,-81.52263636363634,tt1423995,Stone,Thriller,5.4,38667
50,2010-10-08,Stone,22000000,1810078,4065020,10,2010,-17934980,-81.52263636363634,tt2156825,Stone,Crime,5.6,607
50,2010-10-08,Stone,22000000,1810078,4065020,10,2010,-17934980,-81.52263636363634,tt2156825,Stone,Drama,5.6,607
50,2010-10-08,Stone,22000000,1810078,4065020,10,2010,-17934980,-81.52263636363634,tt2156825,Stone,Thriller,5.6,607
58,2012-06-22,To Rome with Love,21500000,16684352,74326015,6,2012,52826015,245.70239534883723,tt1859650,To Rome with Love,Comedy,6.3,79381
58,2012-06-22,To Rome with Love,21500000,16684352,74326015,6,2012,52826015,245.70239534883723,tt1859650,To Rome with Love,Music,6.3,79381
58,2012-06-22,To Rome with Love,21500000,16684352,74326015,6,2012,52826015,245.70239534883723,tt1859650,To Rome with Love,Romance,6.3,79381
59,2012-11-16,Silver Linings Playbook,21000000,132092958,236412453,11,2012,215412453,1025.7735857142857,tt1045658,Silver Linings Playbook,Comedy,7.7,621018
59,2012-11-16,Silver Linings Playbook,21000000,132092958,236412453,11,2012,215412453,1025.7735857142857,tt1045658,Silver Linings Playbook,Drama,7.7,621018
59,2012-11-16,Silver Linings Playbook,21000000,132092958,236412453,11,2012,215412453,1025.7735857142857,tt1045658,Silver Linings Playbook,Romance,7.7,621018
60,2018-04-06,Blockers,21000000,60311495,94045328,4,2018,73045328,347.83489523809516,tt2531344,Blockers,Comedy,6.2,57142
61,2019-04-05,Pet Sematary,21000000,54724696,109501146,4,2019,88501146,421.4340285714286,tt0837563,Pet Sematary,Horror,6.0,34472
61,2019-04-05,Pet Sematary,21000000,54724696,109501146,4,2019,88501146,421.4340285714286,tt0837563,Pet Sematary,Mystery,6.0,34472
61,2019-04-05,Pet Sematary,21000000,54724696,109501146,4,2019,88501146,421.4340285714286,tt0837563,Pet Sematary,Thriller,6.0,34472
64,2010-04-16,Death at a Funeral,21000000,42739347,48977233,4,2010,27977233,133.22491904761904,tt1321509,Death at a Funeral,Comedy,5.7,42042
67,2010-11-05,For Colored Girls,21000000,37729698,38017873,11,2010,17017873,81.03749047619047,tt1405500,For Colored Girls,Drama,6.1,6728
69,2017-08-04,Kidnap,21000000,30718107,34836080,8,2017,13836080,65.88609523809525,tt10300662,Kidnap,Drama,7.5,26
69,2017-08-04,Kidnap,21000000,30718107,34836080,8,2017,13836080,65.88609523809525,tt1458169,Kidnap,Crime,5.9,28898
69,2017-08-04,Kidnap,21000000,30718107,34836080,8,2017,13836080,65.88609523809525,tt1458169,Kidnap,Drama,5.9,28898
69,2017-08-04,Kidnap,21000000,30718107,34836080,8,2017,13836080,65.88609523809525,tt1458169,Kidnap,Thriller,5.9,28898
72,2011-12-09,Tinker Tailor Soldier Spy,21000000,24149393,81452811,12,2011,60452811,287.87052857142857,tt1340800,Tinker Tailor Soldier Spy,Drama,7.1,174890
72,2011-12-09,Tinker Tailor Soldier Spy,21000000,24149393,81452811,12,2011,60452811,287.87052857142857,tt1340800,Tinker Tailor Soldier Spy,Mystery,7.1,174890
72,2011-12-09,Tinker Tailor Soldier Spy,21000000,24149393,81452811,12,2011,60452811,287.87052857142857,tt1340800,Tinker Tailor Soldier Spy,Thriller,7.1,174890
79,2011-05-06,The Beaver,21000000,970816,5046038,5,2011,-15953962,-75.97124761904762,tt1321860,The Beaver,Drama,6.7,45173
80,2017-02-24,Bitter Harvest,21000000,557241,606162,2,2017,-20393838,-97.11351428571429,tt3182620,Bitter Harvest,Drama,6.1,3057
80,2017-02-24,Bitter Harvest,21000000,557241,606162,2,2017,-20393838,-97.11351428571429,tt3182620,Bitter Harvest,Romance,6.1,3057
80,2017-02-24,Bitter Harvest,21000000,557241,606162,2,2017,-20393838,-97.11351428571429,tt3182620,Bitter Harvest,War,6.1,3057
82,2019-02-01,Velvet Buzzsaw,21000000,0,0,2,2019,-21000000,-100.0,tt7043012,Velvet Buzzsaw,Horror,5.7,40213
82,2019-02-01,Velvet Buzzsaw,21000000,0,0,2,2019,-21000000,-100.0,tt7043012,Velvet Buzzsaw,Mystery,5.7,40213
82,2019-02-01,Velvet Buzzsaw,21000000,0,0,2,2019,-21000000,-100.0,tt7043012,Velvet Buzzsaw,Thriller,5.7,40213
88,2019-03-22,Us,20000000,175006930,254210310,3,2019,234210310,1171.05155,tt2708782,Us,Drama,5.3,814
88,2019-03-22,Us,20000000,175006930,254210310,3,2019,234210310,1171.05155,tt4862056,Us,Comedy,8.3,14
88,2019-03-22,Us,20000000,175006930,254210310,3,2019,234210310,1171.05155,tt6857112,Us,Horror,7.1,102511
88,2019-03-22,Us,20000000,175006930,254210310,3,2019,234210310,1171.05155,tt6857112,Us,Mystery,7.1,102511
88,2019-03-22,Us,20000000,175006930,254210310,3,2019,234210310,1171.05155,tt6857112,Us,Thriller,7.1,102511
92,2016-12-09,La La Land,20000000,151101803,426351163,12,2016,406351163,2031.7558149999998,tt3783958,La La Land,Comedy,8.0,436070
92,2016-12-09,La La Land,20000000,151101803,426351163,12,2016,406351163,2031.7558149999998,tt3783958,La La Land,Drama,8.0,436070
92,2016-12-09,La La Land,20000000,151101803,426351163,12,2016,406351163,2031.7558149999998,tt3783958,La La Land,Music,8.0,436070
93,2013-07-19,The Conjuring,20000000,137400141,318000141,7,2013,298000141,1490.0007050000002,tt1457767,The Conjuring,Horror,7.5,397233
93,2013-07-19,The Conjuring,20000000,137400141,318000141,7,2013,298000141,1490.0007050000002,tt1457767,The Conjuring,Mystery,7.5,397233
93,2013-07-19,The Conjuring,20000000,137400141,318000141,7,2013,298000141,1490.0007050000002,tt1457767,The Conjuring,Thriller,7.5,397233
95,2017-11-17,Wonder,20000000,132422809,304604712,11,2017,284604712,1423.0235599999999,tt2543472,Wonder,Drama,8.0,111632
95,2017-11-17,Wonder,20000000,132422809,304604712,11,2017,284604712,1423.0235599999999,tt2543472,Wonder,Family,8.0,111632
98,2010-10-15,Jackass 3D,20000000,117229692,171685793,10,2010,151685793,758.4289650000001,tt1116184,Jackass 3D,Action,7.0,53289
98,2010-10-15,Jackass 3D,20000000,117229692,171685793,10,2010,151685793,758.4289650000001,tt1116184,Jackass 3D,Comedy,7.0,53289
98,2010-10-15,Jackass 3D,20000000,117229692,171685793,10,2010,151685793,758.4289650000001,tt1116184,Jackass 3D,Documentary,7.0,53289
99,2016-07-29,Bad Moms,20000000,113257297,180998716,7,2016,160998716,804.9935800000002,tt4651520,Bad Moms,Comedy,6.2,100952
100,2019-01-18,Glass,20000000,111035005,245303505,1,2019,225303505,1126.517525,tt4598720,Glass,Drama,8.2,84
100,2019-01-18,Glass,20000000,111035005,245303505,1,2019,225303505,1126.517525,tt4598720,Glass,Mystery,8.2,84
100,2019-01-18,Glass,20000000,111035005,245303505,1,2019,225303505,1126.517525,tt4598720,Glass,Thriller,8.2,84
100,2019-01-18,Glass,20000000,111035005,245303505,1,2019,225303505,1126.517525,tt5144236,Glass,Crime,3.4,29
100,2019-01-18,Glass,20000000,111035005,245303505,1,2019,225303505,1126.517525,tt5144236,Glass,Horror,3.4,29
100,2019-01-18,Glass,20000000,111035005,245303505,1,2019,225303505,1126.517525,tt5144236,Glass,Mystery,3.4,29
100,2019-01-18,Glass,20000000,111035005,245303505,1,2019,225303505,1126.517525,tt6823368,Glass,Drama,6.8,133793
100,2019-01-18,Glass,20000000,111035005,245303505,1,2019,225303505,1126.517525,tt6823368,Glass,Sci-Fi,6.8,133793
100,2019-01-18,Glass,20000000,111035005,245303505,1,2019,225303505,1126.517525,tt6823368,Glass,Thriller,6.8,133793
3,2014-07-02,Tammy,20000000,84525432,96407655,7,2014,76407655,382.038275,tt2103254,Tammy,Comedy,4.9,44345
3,2014-07-02,Tammy,20000000,84525432,96407655,7,2014,76407655,382.038275,tt2103254,Tammy,Romance,4.9,44345
5,2011-11-16,The Descendants,20000000,82624961,175507800,11,2011,155507800,777.539,tt1033575,The Descendants,Comedy,7.3,223464
5,2011-11-16,The Descendants,20000000,82624961,175507800,11,2011,155507800,777.539,tt1033575,The Descendants,Drama,7.3,223464
5,2011-11-16,The Descendants,20000000,82624961,175507800,11,2011,155507800,777.539,tt5838908,The Descendants,Drama,7.5,12
15,2010-03-31,The Last Song,20000000,62950384,92678948,3,2010,72678948,363.39474,tt1294226,The Last Song,Drama,6.0,74914
15,2010-03-31,The Last Song,20000000,62950384,92678948,3,2010,72678948,363.39474,tt1294226,The Last Song,Music,6.0,74914
15,2010-03-31,The Last Song,20000000,62950384,92678948,3,2010,72678948,363.39474,tt1294226,The Last Song,Romance,6.0,74914
16,2010-04-02,Why Did I Get Married Too?,20000000,60095852,60831067,4,2010,40831067,204.155335,tt1391137,Why Did I Get Married Too?,Comedy,4.6,8653
16,2010-04-02,Why Did I Get Married Too?,20000000,60095852,60831067,4,2010,40831067,204.155335,tt1391137,Why Did I Get Married Too?,Drama,4.6,8653
16,2010-04-02,Why Did I Get Married Too?,20000000,60095852,60831067,4,2010,40831067,204.155335,tt1391137,Why Did I Get Married Too?,Romance,4.6,8653
18,2013-10-18,12 Years a Slave,20000000,56671993,181025343,10,2013,161025343,805.1267149999999,tt2024544,12 Years a Slave,Biography,8.1,577301
18,2013-10-18,12 Years a Slave,20000000,56671993,181025343,10,2013,161025343,805.1267149999999,tt2024544,12 Years a Slave,Drama,8.1,577301
18,2013-10-18,12 Years a Slave,20000000,56671993,181025343,10,2013,161025343,805.1267149999999,tt2024544,12 Years a Slave,History,8.1,577301
20,2016-06-03,Me Before You,20000000,56245075,208265198,6,2016,188265198,941.32599,tt2674426,Me Before You,Drama,7.4,174567
20,2016-06-03,Me Before You,20000000,56245075,208265198,6,2016,188265198,941.32599,tt2674426,Me Before You,Romance,7.4,174567
21,2019-02-08,What Men Want,20000000,54611903,69911903,2,2019,49911903,249.55951500000003,tt7634968,What Men Want,Comedy,4.9,10141
21,2019-02-08,What Men Want,20000000,54611903,69911903,2,2019,49911903,249.55951500000003,tt7634968,What Men Want,Fantasy,4.9,10141
21,2019-02-08,What Men Want,20000000,54611903,69911903,2,2019,49911903,249.55951500000003,tt7634968,What Men Want,Romance,4.9,10141
22,2016-04-15,Barbershop: The Next Cut,20000000,54030051,54404202,4,2016,34404202,172.02101000000005,tt3628584,Barbershop: The Next Cut,Comedy,5.9,13306
22,2016-04-15,Barbershop: The Next Cut,20000000,54030051,54404202,4,2016,34404202,172.02101000000005,tt3628584,Barbershop: The Next Cut,Drama,5.9,13306
24,2018-09-14,A Simple Favor,20000000,53548586,97628717,9,2018,77628717,388.14358500000003,tt7040874,A Simple Favor,Comedy,6.9,83338
24,2018-09-14,A Simple Favor,20000000,53548586,97628717,9,2018,77628717,388.14358500000003,tt7040874,A Simple Favor,Crime,6.9,83338
24,2018-09-14,A Simple Favor,20000000,53548586,97628717,9,2018,77628717,388.14358500000003,tt7040874,A Simple Favor,Drama,6.9,83338
25,2015-01-09,Selma,20000000,52076908,66776576,1,2015,46776576,233.88287999999997,tt1020072,Selma,Biography,7.5,77633
25,2015-01-09,Selma,20000000,52076908,66776576,1,2015,46776576,233.88287999999997,tt1020072,Selma,Drama,7.5,77633
25,2015-01-09,Selma,20000000,52076908,66776576,1,2015,46776576,233.88287999999997,tt1020072,Selma,History,7.5,77633
34,2015-11-06,Spotlight,20000000,45055776,92088460,11,2015,72088460,360.4423,tt1895587,Spotlight,Crime,8.1,365110
34,2015-11-06,Spotlight,20000000,45055776,92088460,11,2015,72088460,360.4423,tt1895587,Spotlight,Drama,8.1,365110
34,2015-11-06,Spotlight,20000000,45055776,92088460,11,2015,72088460,360.4423,tt7785302,Spotlight,Drama,8.0,12
35,2018-03-30,Acrimony,20000000,43549096,46627836,3,2018,26627836,133.13918,tt6063050,Acrimony,Drama,5.7,6119
35,2018-03-30,Acrimony,20000000,43549096,46627836,3,2018,26627836,133.13918,tt6063050,Acrimony,Romance,5.7,6119
35,2018-03-30,Acrimony,20000000,43549096,46627836,3,2018,26627836,133.13918,tt6063050,Acrimony,Thriller,5.7,6119
36,2015-06-26,Max,20000000,42656255,43658157,6,2015,23658157,118.290785,tt2390281,Max,Comedy,5.1,248
36,2015-06-26,Max,20000000,42656255,43658157,6,2015,23658157,118.290785,tt3369806,Max,Adventure,6.8,23976
36,2015-06-26,Max,20000000,42656255,43658157,6,2015,23658157,118.290785,tt3369806,Max,Drama,6.8,23976
36,2015-06-26,Max,20000000,42656255,43658157,6,2015,23658157,118.290785,tt3369806,Max,Family,6.8,23976
39,2017-11-17,The Star,20000000,40847995,62758010,11,2017,42758010,213.79005,tt4587656,The Star,Adventure,6.1,5159
39,2017-11-17,The Star,20000000,40847995,62758010,11,2017,42758010,213.79005,tt4587656,The Star,Animation,6.1,5159
39,2017-11-17,The Star,20000000,40847995,62758010,11,2017,42758010,213.79005,tt4587656,The Star,Comedy,6.1,5159
43,2016-07-27,Nerve,20000000,38583626,70652284,7,2016,50652284,253.26142000000002,tt1772317,Nerve,Comedy,6.8,88
43,2016-07-27,Nerve,20000000,38583626,70652284,7,2016,50652284,253.26142000000002,tt1772317,Nerve,Drama,6.8,88
43,2016-07-27,Nerve,20000000,38583626,70652284,7,2016,50652284,253.26142000000002,tt2495778,Nerve,Drama,4.6,118
43,2016-07-27,Nerve,20000000,38583626,70652284,7,2016,50652284,253.26142000000002,tt2495778,Nerve,Mystery,4.6,118
43,2016-07-27,Nerve,20000000,38583626,70652284,7,2016,50652284,253.26142000000002,tt2495778,Nerve,Thriller,4.6,118
43,2016-07-27,Nerve,20000000,38583626,70652284,7,2016,50652284,253.26142000000002,tt3531824,Nerve,Action,6.5,102782
43,2016-07-27,Nerve,20000000,38583626,70652284,7,2016,50652284,253.26142000000002,tt3531824,Nerve,Adventure,6.5,102782
43,2016-07-27,Nerve,20000000,38583626,70652284,7,2016,50652284,253.26142000000002,tt3531824,Nerve,Crime,6.5,102782
43,2016-07-27,Nerve,20000000,38583626,70652284,7,2016,50652284,253.26142000000002,tt5324464,Nerve,Documentary,6.2,6
43,2016-07-27,Nerve,20000000,38583626,70652284,7,2016,50652284,253.26142000000002,tt5324464,Nerve,History,6.2,6
48,2016-02-19,Risen,20000000,36880033,46255763,2,2016,26255763,131.27881499999998,tt0850709,Risen,Biography,5.3,182
48,2016-02-19,Risen,20000000,36880033,46255763,2,2016,26255763,131.27881499999998,tt0850709,Risen,Drama,5.3,182
48,2016-02-19,Risen,20000000,36880033,46255763,2,2016,26255763,131.27881499999998,tt3231054,Risen,Action,6.3,22813
48,2016-02-19,Risen,20000000,36880033,46255763,2,2016,26255763,131.27881499999998,tt3231054,Risen,Adventure,6.3,22813
48,2016-02-19,Risen,20000000,36880033,46255763,2,2016,26255763,131.27881499999998,tt3231054,Risen,Drama,6.3,22813
49,2010-08-18,Vampires Suck,20000000,36661504,81424988,8,2010,61424988,307.1249400000001,tt1666186,Vampires Suck,Comedy,3.4,43984
51,2010-09-01,The American,20000000,35606376,67950723,9,2010,47950723,239.753615,tt1440728,The American,Crime,6.3,86863
51,2010-09-01,The American,20000000,35606376,67950723,9,2010,47950723,239.753615,tt1440728,The American,Drama,6.3,86863
51,2010-09-01,The American,20000000,35606376,67950723,9,2010,47950723,239.753615,tt1440728,The American,Thriller,6.3,86863
53,2011-11-04,A Very Harold & Kumar 3D Christmas,20000000,35061031,36265745,11,2011,16265745,81.328725,tt1268799,A Very Harold & Kumar 3D Christmas,Adventure,6.3,62151
53,2011-11-04,A Very Harold & Kumar 3D Christmas,20000000,35061031,36265745,11,2011,16265745,81.328725,tt1268799,A Very Harold & Kumar 3D Christmas,Comedy,6.3,62151
55,2013-01-04,Texas Chainsaw 3D,20000000,34341945,47666013,1,2013,27666013,138.330065,tt1572315,Texas Chainsaw 3D,Horror,4.8,41784
55,2013-01-04,Texas Chainsaw 3D,20000000,34341945,47666013,1,2013,27666013,138.330065,tt1572315,Texas Chainsaw 3D,Thriller,4.8,41784
62,2010-03-12,She's Out of My League,20000000,32010860,48680977,3,2010,28680977,143.40488499999995,tt0815236,She's Out of My League,Comedy,6.4,117245
62,2010-03-12,She's Out of My League,20000000,32010860,48680977,3,2010,28680977,143.40488499999995,tt0815236,She's Out of My League,Romance,6.4,117245
65,2011-08-31,The Debt,20000000,31177548,46604054,8,2011,26604054,133.02026999999998,tt1226753,The Debt,Drama,6.9,61046
65,2011-08-31,The Debt,20000000,31177548,46604054,8,2011,26604054,133.02026999999998,tt1226753,The Debt,Thriller,6.9,61046
65,2011-08-31,The Debt,20000000,31177548,46604054,8,2011,26604054,133.02026999999998,tt2698966,The Debt,Drama,6.1,624
65,2011-08-31,The Debt,20000000,31177548,46604054,8,2011,26604054,133.02026999999998,tt2698966,The Debt,Mystery,6.1,624
65,2011-08-31,The Debt,20000000,31177548,46604054,8,2011,26604054,133.02026999999998,tt2698966,The Debt,Thriller,6.1,624
76,2013-08-23,The World's End,20000000,26004851,47508505,8,2013,27508505,137.54252499999998,tt1213663,The World's End,Action,7.0,235308
76,2013-08-23,The World's End,20000000,26004851,47508505,8,2013,27508505,137.54252499999998,tt1213663,The World's End,Comedy,7.0,235308
76,2013-08-23,The World's End,20000000,26004851,47508505,8,2013,27508505,137.54252499999998,tt1213663,The World's End,Sci-Fi,7.0,235308
78,2010-09-24,You Again,20000000,25702053,32838945,9,2010,12838945,64.19472499999999,tt1414382,You Again,Comedy,5.8,46690
78,2010-09-24,You Again,20000000,25702053,32838945,9,2010,12838945,64.19472499999999,tt1414382,You Again,Family,5.8,46690
78,2010-09-24,You Again,20000000,25702053,32838945,9,2010,12838945,64.19472499999999,tt1414382,You Again,Romance,5.8,46690
81,2018-12-25,On the Basis of Sex,20000000,24622687,38073377,12,2018,18073377,90.366885,tt4669788,On the Basis of Sex,Biography,6.9,12083
81,2018-12-25,On the Basis of Sex,20000000,24622687,38073377,12,2018,18073377,90.366885,tt4669788,On the Basis of Sex,Drama,6.9,12083
82,2014-02-14,Endless Love,20000000,23438250,34718173,2,2014,14718173,73.59086500000002,tt2318092,Endless Love,Drama,6.3,37869
82,2014-02-14,Endless Love,20000000,23438250,34718173,2,2014,14718173,73.59086500000002,tt2318092,Endless Love,Romance,6.3,37869
84,2011-07-01,Monte Carlo,20000000,23186769,39686769,7,2011,19686769,98.433845,tt1067774,Monte Carlo,Adventure,5.8,38731
84,2011-07-01,Monte Carlo,20000000,23186769,39686769,7,2011,19686769,98.433845,tt1067774,Monte Carlo,Comedy,5.8,38731
84,2011-07-01,Monte Carlo,20000000,23186769,39686769,7,2011,19686769,98.433845,tt1067774,Monte Carlo,Family,5.8,38731
87,2017-06-16,Rough Night,20000000,22105643,46844357,6,2017,26844357,134.22178499999998,tt4799050,Rough Night,Comedy,5.2,39447
87,2017-06-16,Rough Night,20000000,22105643,46844357,6,2017,26844357,134.22178499999998,tt4799050,Rough Night,Crime,5.2,39447
87,2017-06-16,Rough Night,20000000,22105643,46844357,6,2017,26844357,134.22178499999998,tt4799050,Rough Night,Thriller,5.2,39447
94,2015-11-20,Secret in Their Eyes,20000000,20180155,32608019,11,2015,12608019,63.040095,tt1741273,Secret in Their Eyes,Crime,6.3,37455
94,2015-11-20,Secret in Their Eyes,20000000,20180155,32608019,11,2015,12608019,63.040095,tt1741273,Secret in Their Eyes,Drama,6.3,37455
94,2015-11-20,Secret in Their Eyes,20000000,20180155,32608019,11,2015,12608019,63.040095,tt1741273,Secret in Their Eyes,Mystery,6.3,37455
11,2017-09-29,Flatliners,20000000,16883115,45173738,9,2017,25173738,125.86868999999999,tt2039338,Flatliners,Drama,5.2,33752
11,2017-09-29,Flatliners,20000000,16883115,45173738,9,2017,25173738,125.86868999999999,tt2039338,Flatliners,Horror,5.2,33752
11,2017-09-29,Flatliners,20000000,16883115,45173738,9,2017,25173738,125.86868999999999,tt2039338,Flatliners,Mystery,5.2,33752
22,2012-04-13,Lockout,20000000,14326865,33943049,4,2012,13943049,69.71524500000001,tt1592525,Lockout,Action,6.1,89554
22,2012-04-13,Lockout,20000000,14326865,33943049,4,2012,13943049,69.71524500000001,tt1592525,Lockout,Sci-Fi,6.1,89554
22,2012-04-13,Lockout,20000000,14326865,33943049,4,2012,13943049,69.71524500000001,tt1592525,Lockout,Thriller,6.1,89554
24,2011-09-30,What's Your Number?,20000000,14011084,30163785,9,2011,10163785,50.81892500000001,tt0770703,What's Your Number?,Comedy,6.1,67922
24,2011-09-30,What's Your Number?,20000000,14011084,30163785,9,2011,10163785,50.81892500000001,tt0770703,What's Your Number?,Romance,6.1,67922
27,2015-10-30,Burnt,20000000,13651946,36773510,10,2015,16773510,83.86755000000002,tt2503944,Burnt,Comedy,6.6,95988
27,2015-10-30,Burnt,20000000,13651946,36773510,10,2015,16773510,83.86755000000002,tt2503944,Burnt,Drama,6.6,95988
33,2016-02-26,Triple 9,20000000,12639297,25943792,2,2016,5943792,29.71896,tt1712261,Triple 9,Crime,6.3,60369
33,2016-02-26,Triple 9,20000000,12639297,25943792,2,2016,5943792,29.71896,tt1712261,Triple 9,Thriller,6.3,60369
34,2016-09-02,The Light Between Oceans,20000000,12545979,22281732,9,2016,2281732,11.408660000000001,tt2547584,The Light Between Oceans,Drama,7.2,46247
34,2016-09-02,The Light Between Oceans,20000000,12545979,22281732,9,2016,2281732,11.408660000000001,tt2547584,The Light Between Oceans,Romance,7.2,46247
38,2010-10-01,Let Me In,20000000,12134935,28270399,10,2010,8270399,41.351995,tt1228987,Let Me In,Drama,7.1,107012
38,2010-10-01,Let Me In,20000000,12134935,28270399,10,2010,8270399,41.351995,tt1228987,Let Me In,Fantasy,7.1,107012
38,2010-10-01,Let Me In,20000000,12134935,28270399,10,2010,8270399,41.351995,tt1228987,Let Me In,Horror,7.1,107012
38,2010-10-01,Let Me In,20000000,12134935,28270399,10,2010,8270399,41.351995,tt7122852,Let Me In,Horror,5.1,7
47,2016-06-03,Popstar: Never Stop Never Stopping,20000000,9496130,9537120,6,2016,-10462880,-52.314400000000006,tt3960412,Popstar: Never Stop Never Stopping,Comedy,6.7,47278
47,2016-06-03,Popstar: Never Stop Never Stopping,20000000,9496130,9537120,6,2016,-10462880,-52.314400000000006,tt3960412,Popstar: Never Stop Never Stopping,Music,6.7,47278
48,2017-10-27,Thank You for Your Service,20000000,9479390,9985316,10,2017,-10014684,-50.07342,tt2352196,Thank You for Your Service,Documentary,7.7,74
48,2017-10-27,Thank You for Your Service,20000000,9479390,9985316,10,2017,-10014684,-50.07342,tt2352196,Thank You for Your Service,Drama,7.7,74
48,2017-10-27,Thank You for Your Service,20000000,9479390,9985316,10,2017,-10014684,-50.07342,tt2776878,Thank You for Your Service,Biography,6.5,10006
48,2017-10-27,Thank You for Your Service,20000000,9479390,9985316,10,2017,-10014684,-50.07342,tt2776878,Thank You for Your Service,Drama,6.5,10006
48,2017-10-27,Thank You for Your Service,20000000,9479390,9985316,10,2017,-10014684,-50.07342,tt2776878,Thank You for Your Service,War,6.5,10006
51,2013-09-20,Battle of the Year,20000000,8888355,16723377,9,2013,-3276623,-16.383115,tt1532958,Battle of the Year,Drama,5.1,8769
51,2013-09-20,Battle of the Year,20000000,8888355,16723377,9,2013,-3276623,-16.383115,tt1532958,Battle of the Year,Music,5.1,8769
56,2014-12-12,Inherent Vice,20000000,8110975,14772346,12,2014,-5227654,-26.13827,tt1791528,Inherent Vice,Comedy,6.7,83346
56,2014-12-12,Inherent Vice,20000000,8110975,14772346,12,2014,-5227654,-26.13827,tt1791528,Inherent Vice,Crime,6.7,83346
56,2014-12-12,Inherent Vice,20000000,8110975,14772346,12,2014,-5227654,-26.13827,tt1791528,Inherent Vice,Drama,6.7,83346
58,2013-10-11,Machete Kills,20000000,8008161,18273009,10,2013,-1726991,-8.634955,tt2002718,Machete Kills,Action,5.6,69968
58,2013-10-11,Machete Kills,20000000,8008161,18273009,10,2013,-1726991,-8.634955,tt2002718,Machete Kills,Crime,5.6,69968
58,2013-10-11,Machete Kills,20000000,8008161,18273009,10,2013,-1726991,-8.634955,tt2002718,Machete Kills,Sci-Fi,5.6,69968
65,2015-04-24,Little Boy,20000000,6485961,17769299,4,2015,-2230701,-11.153505000000001,tt1810683,Little Boy,Drama,7.4,20945
65,2015-04-24,Little Boy,20000000,6485961,17769299,4,2015,-2230701,-11.153505000000001,tt1810683,Little Boy,History,7.4,20945
65,2015-04-24,Little Boy,20000000,6485961,17769299,4,2015,-2230701,-11.153505000000001,tt1810683,Little Boy,War,7.4,20945
67,2012-10-26,Chasing Mavericks,20000000,6002756,8300821,10,2012,-11699179,-58.495895,tt1629757,Chasing Mavericks,Biography,7.2,28994
67,2012-10-26,Chasing Mavericks,20000000,6002756,8300821,10,2012,-11699179,-58.495895,tt1629757,Chasing Mavericks,Drama,7.2,28994
67,2012-10-26,Chasing Mavericks,20000000,6002756,8300821,10,2012,-11699179,-58.495895,tt1629757,Chasing Mavericks,Sport,7.2,28994
68,2014-12-31,A Most Violent Year,20000000,5749134,8846875,12,2014,-11153125,-55.765625,tt2937898,A Most Violent Year,Crime,7.0,60165
68,2014-12-31,A Most Violent Year,20000000,5749134,8846875,12,2014,-11153125,-55.765625,tt2937898,A Most Violent Year,Drama,7.0,60165
68,2014-12-31,A Most Violent Year,20000000,5749134,8846875,12,2014,-11153125,-55.765625,tt2937898,A Most Violent Year,Thriller,7.0,60165
69,2011-11-23,A Dangerous Method,20000000,5702083,14807531,11,2011,-5192469,-25.962345000000003,tt1571222,A Dangerous Method,Biography,6.4,93259
69,2011-11-23,A Dangerous Method,20000000,5702083,14807531,11,2011,-5192469,-25.962345000000003,tt1571222,A Dangerous Method,Drama,6.4,93259
69,2011-11-23,A Dangerous Method,20000000,5702083,14807531,11,2011,-5192469,-25.962345000000003,tt1571222,A Dangerous Method,Romance,6.4,93259
74,2016-08-26,Hands of Stone,20000000,4712792,5031975,8,2016,-14968025,-74.840125,tt1781827,Hands of Stone,Action,6.6,12851
74,2016-08-26,Hands of Stone,20000000,4712792,5031975,8,2016,-14968025,-74.840125,tt1781827,Hands of Stone,Biography,6.6,12851
74,2016-08-26,Hands of Stone,20000000,4712792,5031975,8,2016,-14968025,-74.840125,tt1781827,Hands of Stone,Drama,6.6,12851
78,2012-09-07,The Cold Light of Day,20000000,3763583,25361206,9,2012,5361206,26.80603,tt1366365,The Cold Light of Day,Action,4.9,33039
78,2012-09-07,The Cold Light of Day,20000000,3763583,25361206,9,2012,5361206,26.80603,tt1366365,The Cold Light of Day,Thriller,4.9,33039
81,2018-10-26,Suspiria,20000000,2483472,7034615,10,2018,-12965385,-64.826925,tt1034415,Suspiria,Fantasy,6.8,37360
81,2018-10-26,Suspiria,20000000,2483472,7034615,10,2018,-12965385,-64.826925,tt1034415,Suspiria,Horror,6.8,37360
81,2018-10-26,Suspiria,20000000,2483472,7034615,10,2018,-12965385,-64.826925,tt1034415,Suspiria,Mystery,6.8,37360
82,2017-11-03,LBJ,20000000,2468683,2507181,11,2017,-17492819,-87.464095,tt4778988,LBJ,Biography,6.5,4396
82,2017-11-03,LBJ,20000000,2468683,2507181,11,2017,-17492819,-87.464095,tt4778988,LBJ,Drama,6.5,4396
82,2017-11-03,LBJ,20000000,2468683,2507181,11,2017,-17492819,-87.464095,tt4778988,LBJ,History,6.5,4396
85,2015-11-13,My All-American,20000000,2246000,2246000,11,2015,-17754000,-88.77000000000002,tt3719896,My All-American,Biography,7.2,5058
85,2015-11-13,My All-American,20000000,2246000,2246000,11,2015,-17754000,-88.77000000000002,tt3719896,My All-American,Drama,7.2,5058
85,2015-11-13,My All-American,20000000,2246000,2246000,11,2015,-17754000,-88.77000000000002,tt3719896,My All-American,Sport,7.2,5058
90,2011-04-29,Dylan Dog: Dead of Night,20000000,1186538,6093725,4,2011,-13906275,-69.531375,tt1013860,Dylan Dog: Dead of Night,Action,5.1,14120
90,2011-04-29,Dylan Dog: Dead of Night,20000000,1186538,6093725,4,2011,-13906275,-69.531375,tt1013860,Dylan Dog: Dead of Night,Comedy,5.1,14120
90,2011-04-29,Dylan Dog: Dead of Night,20000000,1186538,6093725,4,2011,-13906275,-69.531375,tt1013860,Dylan Dog: Dead of Night,Crime,5.1,14120
94,2010-08-06,Middle Men,20000000,754301,754301,8,2010,-19245699,-96.228495,tt1664697,Middle Men,Action,5.8,45
94,2010-08-06,Middle Men,20000000,754301,754301,8,2010,-19245699,-96.228495,tt1664697,Middle Men,Comedy,5.8,45
94,2010-08-06,Middle Men,20000000,754301,754301,8,2010,-19245699,-96.228495,tt1664697,Middle Men,Crime,5.8,45
96,2010-12-03,All Good Things,20000000,582024,873617,12,2010,-19126383,-95.631915,tt1175709,All Good Things,Crime,6.3,49684
96,2010-12-03,All Good Things,20000000,582024,873617,12,2010,-19126383,-95.631915,tt1175709,All Good Things,Drama,6.3,49684
96,2010-12-03,All Good Things,20000000,582024,873617,12,2010,-19126383,-95.631915,tt1175709,All Good Things,Mystery,6.3,49684
97,2015-11-13,By the Sea,20000000,538460,3727746,11,2015,-16272254,-81.36126999999998,tt3707106,By the Sea,Drama,5.3,16206
97,2015-11-13,By the Sea,20000000,538460,3727746,11,2015,-16272254,-81.36126999999998,tt3707106,By the Sea,Romance,5.3,16206
97,2015-11-13,By the Sea,20000000,538460,3727746,11,2015,-16272254,-81.36126999999998,tt4301034,By the Sea,Drama,8.0,33
1,2010-12-10,The Tempest,20000000,277943,277943,12,2010,-19722057,-98.610285,tt1274300,The Tempest,Comedy,5.4,7073
1,2010-12-10,The Tempest,20000000,277943,277943,12,2010,-19722057,-98.610285,tt1274300,The Tempest,Drama,5.4,7073
1,2010-12-10,The Tempest,20000000,277943,277943,12,2010,-19722057,-98.610285,tt1274300,The Tempest,Fantasy,5.4,7073
1,2010-12-10,The Tempest,20000000,277943,277943,12,2010,-19722057,-98.610285,tt1683003,The Tempest,Drama,7.8,94
1,2010-12-10,The Tempest,20000000,277943,277943,12,2010,-19722057,-98.610285,tt3840898,The Tempest,Comedy,8.5,171
1,2010-12-10,The Tempest,20000000,277943,277943,12,2010,-19722057,-98.610285,tt3840898,The Tempest,Drama,8.5,171
6,2015-10-30,Regression,20000000,55039,15824374,10,2015,-4175626,-20.87813,tt3319920,Regression,Crime,5.7,33335
6,2015-10-30,Regression,20000000,55039,15824374,10,2015,-4175626,-20.87813,tt3319920,Regression,Horror,5.7,33335
6,2015-10-30,Regression,20000000,55039,15824374,10,2015,-4175626,-20.87813,tt3319920,Regression,Mystery,5.7,33335
8,2012-12-31,Zambezia,20000000,0,34454336,12,2012,14454336,72.27168,tt1488181,Zambezia,Adventure,5.8,6010
8,2012-12-31,Zambezia,20000000,0,34454336,12,2012,14454336,72.27168,tt1488181,Zambezia,Animation,5.8,6010
8,2012-12-31,Zambezia,20000000,0,34454336,12,2012,14454336,72.27168,tt1488181,Zambezia,Comedy,5.8,6010
11,2015-05-29,Survivor,20000000,0,1703281,5,2015,-18296719,-91.483595,tt2215463,Survivor,Biography,9.0,45
11,2015-05-29,Survivor,20000000,0,1703281,5,2015,-18296719,-91.483595,tt2215463,Survivor,Crime,9.0,45
11,2015-05-29,Survivor,20000000,0,1703281,5,2015,-18296719,-91.483595,tt2215463,Survivor,Documentary,9.0,45
11,2015-05-29,Survivor,20000000,0,1703281,5,2015,-18296719,-91.483595,tt3247714,Survivor,Action,5.6,28614
11,2015-05-29,Survivor,20000000,0,1703281,5,2015,-18296719,-91.483595,tt3247714,Survivor,Crime,5.6,28614
11,2015-05-29,Survivor,20000000,0,1703281,5,2015,-18296719,-91.483595,tt3247714,Survivor,Thriller,5.6,28614
11,2015-05-29,Survivor,20000000,0,1703281,5,2015,-18296719,-91.483595,tt3297792,Survivor,Action,4.1,1750
11,2015-05-29,Survivor,20000000,0,1703281,5,2015,-18296719,-91.483595,tt3297792,Survivor,Adventure,4.1,1750
11,2015-05-29,Survivor,20000000,0,1703281,5,2015,-18296719,-91.483595,tt3297792,Survivor,Fantasy,4.1,1750
12,2016-11-18,The History of Love,20000000,0,476624,11,2016,-19523376,-97.61688000000001,tt0443533,The History of Love,Drama,6.3,1024
12,2016-11-18,The History of Love,20000000,0,476624,11,2016,-19523376,-97.61688000000001,tt0443533,The History of Love,Romance,6.3,1024
12,2016-11-18,The History of Love,20000000,0,476624,11,2016,-19523376,-97.61688000000001,tt0443533,The History of Love,War,6.3,1024
14,2014-08-29,Dwegons and Leprechauns,20000000,0,0,8,2014,-20000000,-100.0,tt1134666,Dwegons and Leprechauns,Animation,4.2,84
15,2016-07-22,Fight Valley,20000000,0,0,7,2016,-20000000,-100.0,tt4280822,Fight Valley,Action,2.7,494
15,2016-07-22,Fight Valley,20000000,0,0,7,2016,-20000000,-100.0,tt4280822,Fight Valley,Drama,2.7,494
17,2018-12-13,Bird Box,19800000,0,0,12,2018,-19800000,-100.0,tt2737304,Bird Box,Drama,6.6,218063
17,2018-12-13,Bird Box,19800000,0,0,12,2018,-19800000,-100.0,tt2737304,Bird Box,Horror,6.6,218063
17,2018-12-13,Bird Box,19800000,0,0,12,2018,-19800000,-100.0,tt2737304,Bird Box,Sci-Fi,6.6,218063
19,2017-12-01,The Shape of Water,19500000,63859435,195790794,12,2017,176290794,904.0553538461537,tt5580390,The Shape of Water,Adventure,7.3,308112
19,2017-12-01,The Shape of Water,19500000,63859435,195790794,12,2017,176290794,904.0553538461537,tt5580390,The Shape of Water,Drama,7.3,308112
19,2017-12-01,The Shape of Water,19500000,63859435,195790794,12,2017,176290794,904.0553538461537,tt5580390,The Shape of Water,Fantasy,7.3,308112
22,2013-08-23,The Frozen Ground,19200000,0,5617460,8,2013,-13582540,-70.74239583333333,tt2005374,The Frozen Ground,Crime,6.4,51915
22,2013-08-23,The Frozen Ground,19200000,0,5617460,8,2013,-13582540,-70.74239583333333,tt2005374,The Frozen Ground,Drama,6.4,51915
22,2013-08-23,The Frozen Ground,19200000,0,5617460,8,2013,-13582540,-70.74239583333333,tt2005374,The Frozen Ground,Mystery,6.4,51915
23,2011-07-29,The Devil's Double,19100000,1361512,5965646,7,2011,-13134354,-68.76625130890052,tt1270262,The Devil's Double,Biography,7.1,58342
23,2011-07-29,The Devil's Double,19100000,1361512,5965646,7,2011,-13134354,-68.76625130890052,tt1270262,The Devil's Double,Drama,7.1,58342
23,2011-07-29,The Devil's Double,19100000,1361512,5965646,7,2011,-13134354,-68.76625130890052,tt1270262,The Devil's Double,Thriller,7.1,58342
27,2011-06-24,Bad Teacher,19000000,100292856,215448997,6,2011,196448997,1033.9420894736838,tt1284575,Bad Teacher,Comedy,5.7,181189
27,2011-06-24,Bad Teacher,19000000,100292856,215448997,6,2011,196448997,1033.9420894736838,tt1284575,Bad Teacher,Romance,5.7,181189
28,2016-08-12,Sausage Party,19000000,97670358,141344255,8,2016,122344255,643.9171315789474,tt1700841,Sausage Party,Adventure,6.2,159111
28,2016-08-12,Sausage Party,19000000,97670358,141344255,8,2016,122344255,643.9171315789474,tt1700841,Sausage Party,Animation,6.2,159111
28,2016-08-12,Sausage Party,19000000,97670358,141344255,8,2016,122344255,643.9171315789474,tt1700841,Sausage Party,Comedy,6.2,159111
36,2010-02-26,The Crazies,19000000,39123589,56445534,2,2010,37445534,197.08175789473685,tt0455407,The Crazies,Horror,6.5,104465
36,2010-02-26,The Crazies,19000000,39123589,56445534,2,2010,37445534,197.08175789473685,tt0455407,The Crazies,Thriller,6.5,104465
39,2010-08-20,The Switch,19000000,27758465,49858465,8,2010,30858465,162.41297368421053,tt0889573,The Switch,Comedy,6.1,90661
39,2010-08-20,The Switch,19000000,27758465,49858465,8,2010,30858465,162.41297368421053,tt0889573,The Switch,Drama,6.1,90661
39,2010-08-20,The Switch,19000000,27758465,49858465,8,2010,30858465,162.41297368421053,tt0889573,The Switch,Romance,6.1,90661
40,2010-01-08,Leap Year,19000000,25918920,32618920,1,2010,13618920,71.67852631578947,tt1216492,Leap Year,Comedy,6.5,86125
40,2010-01-08,Leap Year,19000000,25918920,32618920,1,2010,13618920,71.67852631578947,tt1216492,Leap Year,Romance,6.5,86125
40,2010-01-08,Leap Year,19000000,25918920,32618920,1,2010,13618920,71.67852631578947,tt1537401,Leap Year,Drama,5.9,2211
40,2010-01-08,Leap Year,19000000,25918920,32618920,1,2010,13618920,71.67852631578947,tt1537401,Leap Year,Romance,5.9,2211
41,2013-11-08,The Book Thief,19000000,21488481,76086711,11,2013,57086711,300.4563736842105,tt0816442,The Book Thief,Drama,7.6,119023
41,2013-11-08,The Book Thief,19000000,21488481,76086711,11,2013,57086711,300.4563736842105,tt0816442,The Book Thief,War,7.6,119023
48,2011-03-04,Take Me Home Tonight,19000000,6928068,7576604,3,2011,-11423396,-60.123136842105254,tt0810922,Take Me Home Tonight,Comedy,6.3,48393
48,2011-03-04,Take Me Home Tonight,19000000,6928068,7576604,3,2011,-11423396,-60.123136842105254,tt0810922,Take Me Home Tonight,Drama,6.3,48393
48,2011-03-04,Take Me Home Tonight,19000000,6928068,7576604,3,2011,-11423396,-60.123136842105254,tt0810922,Take Me Home Tonight,Romance,6.3,48393
49,2012-09-28,Won't Back Down,19000000,5310554,5745503,9,2012,-13254497,-69.76051052631578,tt1870529,Won't Back Down,Drama,6.4,5915
49,2012-09-28,Won't Back Down,19000000,5310554,5745503,9,2012,-13254497,-69.76051052631578,tt3779570,Won't Back Down,Sport,7.9,77
50,2018-06-01,Action Point,19000000,5059608,5103675,6,2018,-13896325,-73.13855263157895,tt6495770,Action Point,Comedy,5.0,6657
64,2014-05-09,Neighbors,18000000,150086800,270944428,5,2014,252944428,1405.246822222222,tt2004420,Neighbors,Comedy,6.3,266020
64,2014-05-09,Neighbors,18000000,150086800,270944428,5,2014,252944428,1405.246822222222,tt9392532,Neighbors,Comedy,7.6,18
64,2014-05-09,Neighbors,18000000,150086800,270944428,5,2014,252944428,1405.246822222222,tt9392532,Neighbors,Drama,7.6,18
77,2016-03-25,My Big Fat Greek Wedding 2,18000000,59689605,92096558,3,2016,74096558,411.64754444444435,tt3760922,My Big Fat Greek Wedding 2,Comedy,6.0,25933
77,2016-03-25,My Big Fat Greek Wedding 2,18000000,59689605,92096558,3,2016,74096558,411.64754444444435,tt3760922,My Big Fat Greek Wedding 2,Romance,6.0,25933
78,2015-09-11,The Perfect Guy,18000000,57027435,60278166,9,2015,42278166,234.8787,tt3862750,The Perfect Guy,Crime,5.6,8998
78,2015-09-11,The Perfect Guy,18000000,57027435,60278166,9,2015,42278166,234.8787,tt3862750,The Perfect Guy,Drama,5.6,8998
78,2015-09-11,The Perfect Guy,18000000,57027435,60278166,9,2015,42278166,234.8787,tt3862750,The Perfect Guy,Horror,5.6,8998
80,2011-03-25,Diary of a Wimpy Kid: Rodrick Rules,18000000,52698535,73695194,3,2011,55695194,309.41774444444445,tt1650043,Diary of a Wimpy Kid: Rodrick Rules,Comedy,6.6,23135
80,2011-03-25,Diary of a Wimpy Kid: Rodrick Rules,18000000,52698535,73695194,3,2011,55695194,309.41774444444445,tt1650043,Diary of a Wimpy Kid: Rodrick Rules,Family,6.6,23135
83,2011-04-08,Soul Surfer,18000000,43853424,47158652,4,2011,29158652,161.9925111111111,tt1596346,Soul Surfer,Biography,7.1,41659
83,2011-04-08,Soul Surfer,18000000,43853424,47158652,4,2011,29158652,161.9925111111111,tt1596346,Soul Surfer,Drama,7.1,41659
83,2011-04-08,Soul Surfer,18000000,43853424,47158652,4,2011,29158652,161.9925111111111,tt1596346,Soul Surfer,Family,7.1,41659
85,2018-06-29,Uncle Drew,18000000,42469946,46527161,6,2018,28527161,158.48422777777782,tt7334528,Uncle Drew,Comedy,5.7,9739
85,2018-06-29,Uncle Drew,18000000,42469946,46527161,6,2018,28527161,158.48422777777782,tt7334528,Uncle Drew,Sport,5.7,9739
86,2014-10-17,Birdman or (The Unexpected Virtue of Ignorance),18000000,42340598,103215094,10,2014,85215094,473.41718888888886,tt2562232,Birdman or (The Unexpected Virtue of Ignorance),Comedy,7.7,519417
86,2014-10-17,Birdman or (The Unexpected Virtue of Ignorance),18000000,42340598,103215094,10,2014,85215094,473.41718888888886,tt2562232,Birdman or (The Unexpected Virtue of Ignorance),Drama,7.7,519417
90,2013-07-26,Blue Jasmine,18000000,33404871,102912961,7,2013,84912961,471.7386722222222,tt2334873,Blue Jasmine,Drama,7.3,179453
95,2015-08-07,Ricki and the Flash,18000000,26839498,41166033,8,2015,23166033,128.70018333333334,tt3623726,Ricki and the Flash,Comedy,5.9,20932
95,2015-08-07,Ricki and the Flash,18000000,26839498,41166033,8,2015,23166033,128.70018333333334,tt3623726,Ricki and the Flash,Drama,5.9,20932
95,2015-08-07,Ricki and the Flash,18000000,26839498,41166033,8,2015,23166033,128.70018333333334,tt3623726,Ricki and the Flash,Music,5.9,20932
98,2015-11-13,Love the Coopers,18000000,26302731,42227490,11,2015,24227490,134.59716666666665,tt2279339,Love the Coopers,Comedy,5.8,18018
98,2015-11-13,Love the Coopers,18000000,26302731,42227490,11,2015,24227490,134.59716666666665,tt2279339,Love the Coopers,Fantasy,5.8,18018
98,2015-11-13,Love the Coopers,18000000,26302731,42227490,11,2015,24227490,134.59716666666665,tt2279339,Love the Coopers,Romance,5.8,18018
4,2017-04-28,The Circle,18000000,20497844,40651864,4,2017,22651864,125.84368888888888,tt2122313,The Circle,Drama,5.9,2396
4,2017-04-28,The Circle,18000000,20497844,40651864,4,2017,22651864,125.84368888888888,tt2122313,The Circle,Fantasy,5.9,2396
4,2017-04-28,The Circle,18000000,20497844,40651864,4,2017,22651864,125.84368888888888,tt2122313,The Circle,Horror,5.9,2396
4,2017-04-28,The Circle,18000000,20497844,40651864,4,2017,22651864,125.84368888888888,tt2786328,The Circle,Adventure,7.6,8
4,2017-04-28,The Circle,18000000,20497844,40651864,4,2017,22651864,125.84368888888888,tt2786328,The Circle,Documentary,7.6,8
4,2017-04-28,The Circle,18000000,20497844,40651864,4,2017,22651864,125.84368888888888,tt2786328,The Circle,History,7.6,8
4,2017-04-28,The Circle,18000000,20497844,40651864,4,2017,22651864,125.84368888888888,tt2943946,The Circle,Drama,5.1,17
4,2017-04-28,The Circle,18000000,20497844,40651864,4,2017,22651864,125.84368888888888,tt2943946,The Circle,Horror,5.1,17
4,2017-04-28,The Circle,18000000,20497844,40651864,4,2017,22651864,125.84368888888888,tt2943946,The Circle,Thriller,5.1,17
4,2017-04-28,The Circle,18000000,20497844,40651864,4,2017,22651864,125.84368888888888,tt3148952,The Circle,Biography,7.3,1316
4,2017-04-28,The Circle,18000000,20497844,40651864,4,2017,22651864,125.84368888888888,tt3148952,The Circle,Drama,7.3,1316
4,2017-04-28,The Circle,18000000,20497844,40651864,4,2017,22651864,125.84368888888888,tt3148952,The Circle,Romance,7.3,1316
4,2017-04-28,The Circle,18000000,20497844,40651864,4,2017,22651864,125.84368888888888,tt4287320,The Circle,Drama,5.3,72536
4,2017-04-28,The Circle,18000000,20497844,40651864,4,2017,22651864,125.84368888888888,tt4287320,The Circle,Sci-Fi,5.3,72536
4,2017-04-28,The Circle,18000000,20497844,40651864,4,2017,22651864,125.84368888888888,tt4287320,The Circle,Thriller,5.3,72536
6,2010-11-05,127 Hours,18000000,18335230,60217171,11,2010,42217171,234.53983888888888,tt1542344,127 Hours,Adventure,7.6,323949
6,2010-11-05,127 Hours,18000000,18335230,60217171,11,2010,42217171,234.53983888888888,tt1542344,127 Hours,Biography,7.6,323949
6,2010-11-05,127 Hours,18000000,18335230,60217171,11,2010,42217171,234.53983888888888,tt1542344,127 Hours,Drama,7.6,323949
9,2016-01-15,Norm of the North,18000000,17062499,30535660,1,2016,12535660,69.64255555555555,tt1594972,Norm of the North,Adventure,3.6,7951
9,2016-01-15,Norm of the North,18000000,17062499,30535660,1,2016,12535660,69.64255555555555,tt1594972,Norm of the North,Animation,3.6,7951
9,2016-01-15,Norm of the North,18000000,17062499,30535660,1,2016,12535660,69.64255555555555,tt1594972,Norm of the North,Comedy,3.6,7951
11,2013-08-16,Jobs,18000000,16131410,43402515,8,2013,25402515,141.12508333333332,tt2357129,Jobs,Biography,5.9,88788
11,2013-08-16,Jobs,18000000,16131410,43402515,8,2013,25402515,141.12508333333332,tt2357129,Jobs,Drama,5.9,88788
14,2014-07-25,And So It Goes,18000000,15160801,17920013,7,2014,-79987,-0.4443722222222222,tt2465146,And So It Goes,Comedy,5.8,11597
14,2014-07-25,And So It Goes,18000000,15160801,17920013,7,2014,-79987,-0.4443722222222222,tt2465146,And So It Goes,Drama,5.8,11597
14,2014-07-25,And So It Goes,18000000,15160801,17920013,7,2014,-79987,-0.4443722222222222,tt2465146,And So It Goes,Romance,5.8,11597
19,2014-01-31,Labor Day,18000000,13371528,14189810,1,2014,-3810190,-21.167722222222217,tt1967545,Labor Day,Drama,6.9,39242
19,2014-01-31,Labor Day,18000000,13371528,14189810,1,2014,-3810190,-21.167722222222217,tt1967545,Labor Day,Romance,6.9,39242
20,2013-08-30,Getaway,18000000,10501938,11813989,8,2013,-6186011,-34.36672777777777,tt2167202,Getaway,Action,4.4,22157
20,2013-08-30,Getaway,18000000,10501938,11813989,8,2013,-6186011,-34.36672777777777,tt2167202,Getaway,Crime,4.4,22157
20,2013-08-30,Getaway,18000000,10501938,11813989,8,2013,-6186011,-34.36672777777777,tt2167202,Getaway,Thriller,4.4,22157
25,2010-01-15,The Last Station,18000000,6617867,15696146,1,2010,-2303854,-12.799188888888885,tt2627798,The Last Station,Drama,3.8,6
25,2010-01-15,The Last Station,18000000,6617867,15696146,1,2010,-2303854,-12.799188888888885,tt3436064,The Last Station,Documentary,7.6,10
33,2014-04-11,The Railway Man,18000000,4438438,23910210,4,2014,5910210,32.8345,tt2058107,The Railway Man,Biography,7.1,34586
33,2014-04-11,The Railway Man,18000000,4438438,23910210,4,2014,5910210,32.8345,tt2058107,The Railway Man,Drama,7.1,34586
33,2014-04-11,The Railway Man,18000000,4438438,23910210,4,2014,5910210,32.8345,tt2058107,The Railway Man,Romance,7.1,34586
35,2016-03-18,Midnight Special,18000000,3712282,7680250,3,2016,-10319750,-57.33194444444445,tt2649554,Midnight Special,Action,6.6,67921
35,2016-03-18,Midnight Special,18000000,3712282,7680250,3,2016,-10319750,-57.33194444444445,tt2649554,Midnight Special,Drama,6.6,67921
35,2016-03-18,Midnight Special,18000000,3712282,7680250,3,2016,-10319750,-57.33194444444445,tt2649554,Midnight Special,Mystery,6.6,67921
36,2016-11-25,Miss Sloane,18000000,3500605,7719630,11,2016,-10280370,-57.11316666666667,tt4540710,Miss Sloane,Drama,7.5,52788
36,2016-11-25,Miss Sloane,18000000,3500605,7719630,11,2016,-10280370,-57.11316666666667,tt4540710,Miss Sloane,Thriller,7.5,52788
37,2013-09-27,Metallica Through the Never,18000000,3419967,9082906,9,2013,-8917094,-49.53941111111111,tt2172935,Metallica Through the Never,Music,7.2,15592
43,2013-03-01,Phantom,18000000,1034589,1199510,3,2013,-16800490,-93.33605555555555,tt1922685,Phantom,Drama,5.9,12786
43,2013-03-01,Phantom,18000000,1034589,1199510,3,2013,-16800490,-93.33605555555555,tt1922685,Phantom,History,5.9,12786
43,2013-03-01,Phantom,18000000,1034589,1199510,3,2013,-16800490,-93.33605555555555,tt1922685,Phantom,Thriller,5.9,12786
43,2013-03-01,Phantom,18000000,1034589,1199510,3,2013,-16800490,-93.33605555555555,tt3088580,Phantom,Drama,7.7,1165
43,2013-03-01,Phantom,18000000,1034589,1199510,3,2013,-16800490,-93.33605555555555,tt3469244,Phantom,Action,5.8,7739
43,2013-03-01,Phantom,18000000,1034589,1199510,3,2013,-16800490,-93.33605555555555,tt3469244,Phantom,Drama,5.8,7739
43,2013-03-01,Phantom,18000000,1034589,1199510,3,2013,-16800490,-93.33605555555555,tt3469244,Phantom,Thriller,5.8,7739
43,2013-03-01,Phantom,18000000,1034589,1199510,3,2013,-16800490,-93.33605555555555,tt7598276,Phantom,Crime,8.2,37
43,2013-03-01,Phantom,18000000,1034589,1199510,3,2013,-16800490,-93.33605555555555,tt7598276,Phantom,Horror,8.2,37
43,2013-03-01,Phantom,18000000,1034589,1199510,3,2013,-16800490,-93.33605555555555,tt7598276,Phantom,Thriller,8.2,37
50,2016-04-15,I Am Wrath,18000000,0,309608,4,2016,-17690392,-98.27995555555556,tt3212232,I Am Wrath,Action,5.4,11198
50,2016-04-15,I Am Wrath,18000000,0,309608,4,2016,-17690392,-98.27995555555556,tt3212232,I Am Wrath,Crime,5.4,11198
50,2016-04-15,I Am Wrath,18000000,0,309608,4,2016,-17690392,-98.27995555555556,tt3212232,I Am Wrath,Drama,5.4,11198
51,2014-11-14,Wolves,18000000,0,94953,11,2014,-17905047,-99.47248333333332,tt1403241,Wolves,Action,5.3,7312
51,2014-11-14,Wolves,18000000,0,94953,11,2014,-17905047,-99.47248333333332,tt1403241,Wolves,Fantasy,5.3,7312
51,2014-11-14,Wolves,18000000,0,94953,11,2014,-17905047,-99.47248333333332,tt1403241,Wolves,Horror,5.3,7312
51,2014-11-14,Wolves,18000000,0,94953,11,2014,-17905047,-99.47248333333332,tt4623856,Wolves,Drama,5.6,884
51,2014-11-14,Wolves,18000000,0,94953,11,2014,-17905047,-99.47248333333332,tt4623856,Wolves,Sport,5.6,884
53,2014-08-22,The Prince,18000000,0,0,8,2014,-18000000,-100.0,tt1085492,The Prince,Action,4.6,16048
53,2014-08-22,The Prince,18000000,0,0,8,2014,-18000000,-100.0,tt1085492,The Prince,Thriller,4.6,16048
54,2016-02-19,Forsaken,18000000,0,0,2,2016,-18000000,-100.0,tt2271563,Forsaken,Action,6.3,9199
54,2016-02-19,Forsaken,18000000,0,0,2,2016,-18000000,-100.0,tt2271563,Forsaken,Drama,6.3,9199
54,2016-02-19,Forsaken,18000000,0,0,2,2016,-18000000,-100.0,tt2271563,Forsaken,Western,6.3,9199
54,2016-02-19,Forsaken,18000000,0,0,2,2016,-18000000,-100.0,tt2700194,Forsaken,Adventure,3.1,129
54,2016-02-19,Forsaken,18000000,0,0,2,2016,-18000000,-100.0,tt2700194,Forsaken,Drama,3.1,129
54,2016-02-19,Forsaken,18000000,0,0,2,2016,-18000000,-100.0,tt2700194,Forsaken,Sci-Fi,3.1,129
54,2016-02-19,Forsaken,18000000,0,0,2,2016,-18000000,-100.0,tt4798436,Forsaken,Drama,4.6,13
54,2016-02-19,Forsaken,18000000,0,0,2,2016,-18000000,-100.0,tt5127300,Forsaken,Horror,2.1,502
54,2016-02-19,Forsaken,18000000,0,0,2,2016,-18000000,-100.0,tt5811154,Forsaken,Thriller,5.0,76
56,2012-07-13,Red Lights,17700000,49521,14518884,7,2012,-3181116,-17.972406779661018,tt1748179,Red Lights,Drama,6.2,55287
56,2012-07-13,Red Lights,17700000,49521,14518884,7,2012,-3181116,-17.972406779661018,tt1748179,Red Lights,Fantasy,6.2,55287
56,2012-07-13,Red Lights,17700000,49521,14518884,7,2012,-3181116,-17.972406779661018,tt1748179,Red Lights,Horror,6.2,55287
63,2013-11-27,Black Nativity,17500000,7018188,7285135,11,2013,-10214865,-58.37065714285714,tt1425922,Black Nativity,Drama,4.6,1901
63,2013-11-27,Black Nativity,17500000,7018188,7285135,11,2013,-10214865,-58.37065714285714,tt1425922,Black Nativity,Family,4.6,1901
63,2013-11-27,Black Nativity,17500000,7018188,7285135,11,2013,-10214865,-58.37065714285714,tt1425922,Black Nativity,Music,4.6,1901
66,2018-04-06,A Quiet Place,17000000,188024361,334522294,4,2018,317522294,1867.7782,tt6347308,A Quiet Place,Documentary,6.6,18
66,2018-04-06,A Quiet Place,17000000,188024361,334522294,4,2018,317522294,1867.7782,tt6644200,A Quiet Place,Drama,7.6,305031
66,2018-04-06,A Quiet Place,17000000,188024361,334522294,4,2018,317522294,1867.7782,tt6644200,A Quiet Place,Horror,7.6,305031
66,2018-04-06,A Quiet Place,17000000,188024361,334522294,4,2018,317522294,1867.7782,tt6644200,A Quiet Place,Sci-Fi,7.6,305031
73,2013-11-15,The Best Man Holiday,17000000,70525195,72835710,11,2013,55835710,328.44535294117645,tt2083355,The Best Man Holiday,Comedy,6.7,13967
73,2013-11-15,The Best Man Holiday,17000000,70525195,72835710,11,2013,55835710,328.44535294117645,tt2083355,The Best Man Holiday,Drama,6.7,13967
75,2012-09-28,Pitch Perfect,17000000,65001093,116044347,9,2012,99044347,582.613805882353,tt1981677,Pitch Perfect,Comedy,7.2,256565
75,2012-09-28,Pitch Perfect,17000000,65001093,116044347,9,2012,99044347,582.613805882353,tt1981677,Pitch Perfect,Music,7.2,256565
75,2012-09-28,Pitch Perfect,17000000,65001093,116044347,9,2012,99044347,582.613805882353,tt1981677,Pitch Perfect,Romance,7.2,256565
77,2013-04-05,Evil Dead,17000000,54239856,97778356,4,2013,80778356,475.1668,tt1288558,Evil Dead,Fantasy,6.5,146399
77,2013-04-05,Evil Dead,17000000,54239856,97778356,4,2013,80778356,475.1668,tt1288558,Evil Dead,Horror,6.5,146399
77,2013-04-05,Evil Dead,17000000,54239856,97778356,4,2013,80778356,475.1668,tt1288558,Evil Dead,Thriller,6.5,146399
80,2015-02-20,"McFarland, USA",17000000,44480275,45707924,2,2015,28707924,168.87014117647058,tt2097298,"McFarland, USA",Biography,7.4,31735
80,2015-02-20,"McFarland, USA",17000000,44480275,45707924,2,2015,28707924,168.87014117647058,tt2097298,"McFarland, USA",Drama,7.4,31735
80,2015-02-20,"McFarland, USA",17000000,44480275,45707924,2,2015,28707924,168.87014117647058,tt2097298,"McFarland, USA",Sport,7.4,31735
81,2016-11-11,Almost Christmas,17000000,42065185,42493506,11,2016,25493506,149.96179999999995,tt4649416,Almost Christmas,Comedy,6.1,5212
81,2016-11-11,Almost Christmas,17000000,42065185,42493506,11,2016,25493506,149.96179999999995,tt4649416,Almost Christmas,Drama,6.1,5212
87,2011-03-04,Beastly,17000000,27865571,38028230,3,2011,21028230,123.6954705882353,tt1152398,Beastly,Drama,5.6,72599
87,2011-03-04,Beastly,17000000,27865571,38028230,3,2011,21028230,123.6954705882353,tt1152398,Beastly,Fantasy,5.6,72599
87,2011-03-04,Beastly,17000000,27865571,38028230,3,2011,21028230,123.6954705882353,tt1152398,Beastly,Romance,5.6,72599
90,2010-08-20,Lottery Ticket,17000000,24719879,24719879,8,2010,7719879,45.41105294117647,tt0979434,Lottery Ticket,Comedy,5.0,10042
4,2012-08-24,The Apparition,17000000,4936819,10637281,8,2012,-6362719,-37.42775882352941,tt1433822,The Apparition,Horror,4.1,18112
4,2012-08-24,The Apparition,17000000,4936819,10637281,8,2012,-6362719,-37.42775882352941,tt1433822,The Apparition,Thriller,4.1,18112
4,2012-08-24,The Apparition,17000000,4936819,10637281,8,2012,-6362719,-37.42775882352941,tt6559390,The Apparition,Drama,6.4,873
10,2016-06-10,Genius,17000000,1361045,7265283,6,2016,-9734717,-57.263041176470594,tt1703957,Genius,Biography,6.6,15611
10,2016-06-10,Genius,17000000,1361045,7265283,6,2016,-9734717,-57.263041176470594,tt1703957,Genius,Drama,6.6,15611
10,2016-06-10,Genius,17000000,1361045,7265283,6,2016,-9734717,-57.263041176470594,tt6925204,Genius,Drama,5.4,14
10,2016-06-10,Genius,17000000,1361045,7265283,6,2016,-9734717,-57.263041176470594,tt7722258,Genius,Action,4.7,747
10,2016-06-10,Genius,17000000,1361045,7265283,6,2016,-9734717,-57.263041176470594,tt7722258,Genius,Thriller,4.7,747
10,2016-06-10,Genius,17000000,1361045,7265283,6,2016,-9734717,-57.263041176470594,tt8919194,Genius,Drama,6.2,53
12,2015-06-26,Escobar: Paradise Lost,17000000,195792,3917679,6,2015,-13082321,-76.9548294117647,tt2515030,Escobar: Paradise Lost,Crime,6.5,19419
12,2015-06-26,Escobar: Paradise Lost,17000000,195792,3917679,6,2015,-13082321,-76.9548294117647,tt2515030,Escobar: Paradise Lost,Drama,6.5,19419
12,2015-06-26,Escobar: Paradise Lost,17000000,195792,3917679,6,2015,-13082321,-76.9548294117647,tt2515030,Escobar: Paradise Lost,History,6.5,19419
16,2019-07-12,Crawl,17000000,0,0,7,2019,-17000000,-100.0,tt1848832,Crawl,Crime,4.7,1095
16,2019-07-12,Crawl,17000000,0,0,7,2019,-17000000,-100.0,tt1848832,Crawl,Thriller,4.7,1095
16,2019-07-12,Crawl,17000000,0,0,7,2019,-17000000,-100.0,tt2181875,Crawl,Drama,6.0,43
17,2016-03-11,The Young Messiah,16800000,6469813,7313697,3,2016,-9486303,-56.46608928571428,tt1002563,The Young Messiah,Drama,5.6,2882
17,2016-03-11,The Young Messiah,16800000,6469813,7313697,3,2016,-9486303,-56.46608928571428,tt1002563,The Young Messiah,Fantasy,5.6,2882
33,2012-05-25,Moonrise Kingdom,16000000,45512466,68848446,5,2012,52848446,330.3027875,tt1748122,Moonrise Kingdom,Adventure,7.8,291750
33,2012-05-25,Moonrise Kingdom,16000000,45512466,68848446,5,2012,52848446,330.3027875,tt1748122,Moonrise Kingdom,Comedy,7.8,291750
33,2012-05-25,Moonrise Kingdom,16000000,45512466,68848446,5,2012,52848446,330.3027875,tt1748122,Moonrise Kingdom,Drama,7.8,291750
34,2011-11-25,The Artist,16000000,44667095,128256712,11,2011,112256712,701.6044499999998,tt1655442,The Artist,Comedy,7.9,217184
34,2011-11-25,The Artist,16000000,44667095,128256712,11,2011,112256712,701.6044499999998,tt1655442,The Artist,Drama,7.9,217184
34,2011-11-25,The Artist,16000000,44667095,128256712,11,2011,112256712,701.6044499999998,tt1655442,The Artist,Romance,7.9,217184
34,2011-11-25,The Artist,16000000,44667095,128256712,11,2011,112256712,701.6044499999998,tt1825978,The Artist,Thriller,6.8,6
39,2011-02-04,The Roommate,16000000,37300107,52545707,2,2011,36545707,228.41066875,tt1265990,The Roommate,Drama,4.9,33062
39,2011-02-04,The Roommate,16000000,37300107,52545707,2,2011,36545707,228.41066875,tt1265990,The Roommate,Thriller,4.9,33062
51,2010-03-12,Remember Me,16000000,19068240,56506120,3,2010,40506120,253.16325,tt1403981,Remember Me,Drama,7.1,129443
51,2010-03-12,Remember Me,16000000,19068240,56506120,3,2010,40506120,253.16325,tt1403981,Remember Me,Romance,7.1,129443
51,2010-03-12,Remember Me,16000000,19068240,56506120,3,2010,40506120,253.16325,tt4843358,Remember Me,Comedy,5.2,72
57,2014-10-03,Left Behind,16000000,14019924,20769209,10,2014,4769209,29.80755625,tt2243377,Left Behind,Horror,6.5,33
57,2014-10-03,Left Behind,16000000,14019924,20769209,10,2014,4769209,29.80755625,tt2243377,Left Behind,Mystery,6.5,33
57,2014-10-03,Left Behind,16000000,14019924,20769209,10,2014,4769209,29.80755625,tt2243377,Left Behind,Thriller,6.5,33
57,2014-10-03,Left Behind,16000000,14019924,20769209,10,2014,4769209,29.80755625,tt2467046,Left Behind,Action,3.1,33515
57,2014-10-03,Left Behind,16000000,14019924,20769209,10,2014,4769209,29.80755625,tt2467046,Left Behind,Drama,3.1,33515
57,2014-10-03,Left Behind,16000000,14019924,20769209,10,2014,4769209,29.80755625,tt2467046,Left Behind,Fantasy,3.1,33515
60,2012-06-29,People Like Us,16000000,12431792,12617472,6,2012,-3382528,-21.1408,tt1716777,People Like Us,Comedy,7.1,39618
60,2012-06-29,People Like Us,16000000,12431792,12617472,6,2012,-3382528,-21.1408,tt1716777,People Like Us,Drama,7.1,39618
60,2012-06-29,People Like Us,16000000,12431792,12617472,6,2012,-3382528,-21.1408,tt1758741,People Like Us,Drama,6.4,13
65,2016-11-18,Bleed for This,16000000,5083906,6603926,11,2016,-9396074,-58.725462500000006,tt1620935,Bleed for This,Biography,6.8,21946
65,2016-11-18,Bleed for This,16000000,5083906,6603926,11,2016,-9396074,-58.725462500000006,tt1620935,Bleed for This,Drama,6.8,21946
65,2016-11-18,Bleed for This,16000000,5083906,6603926,11,2016,-9396074,-58.725462500000006,tt1620935,Bleed for This,Sport,6.8,21946
70,2014-11-14,The Homesman,16000000,2429989,8217571,11,2014,-7782429,-48.64018125,tt2398231,The Homesman,Drama,6.6,27724
70,2014-11-14,The Homesman,16000000,2429989,8217571,11,2014,-7782429,-48.64018125,tt2398231,The Homesman,Western,6.6,27724
71,2013-04-05,Trance,16000000,2322593,22594052,4,2013,6594052,41.212825,tt1111235,Trance,Horror,4.6,77
31,2012-12-31,Trance,950000,0,0,12,2012,-950000,-100.0,tt1111235,Trance,Horror,4.6,77
71,2013-04-05,Trance,16000000,2322593,22594052,4,2013,6594052,41.212825,tt1924429,Trance,Crime,6.9,104951
71,2013-04-05,Trance,16000000,2322593,22594052,4,2013,6594052,41.212825,tt1924429,Trance,Drama,6.9,104951
71,2013-04-05,Trance,16000000,2322593,22594052,4,2013,6594052,41.212825,tt1924429,Trance,Mystery,6.9,104951
31,2012-12-31,Trance,950000,0,0,12,2012,-950000,-100.0,tt1924429,Trance,Crime,6.9,104951
31,2012-12-31,Trance,950000,0,0,12,2012,-950000,-100.0,tt1924429,Trance,Drama,6.9,104951
31,2012-12-31,Trance,950000,0,0,12,2012,-950000,-100.0,tt1924429,Trance,Mystery,6.9,104951
72,2014-05-16,The Immigrant,16000000,2013456,7585011,5,2014,-8414989,-52.59368125,tt1951181,The Immigrant,Drama,6.6,26618
72,2014-05-16,The Immigrant,16000000,2013456,7585011,5,2014,-8414989,-52.59368125,tt1951181,The Immigrant,Romance,6.6,26618
79,2012-11-02,Vamps,16000000,3361,94812,11,2012,-15905188,-99.407425,tt1545106,Vamps,Comedy,5.2,8838
79,2012-11-02,Vamps,16000000,3361,94812,11,2012,-15905188,-99.407425,tt1545106,Vamps,Horror,5.2,8838
79,2012-11-02,Vamps,16000000,3361,94812,11,2012,-15905188,-99.407425,tt1545106,Vamps,Romance,5.2,8838
79,2012-11-02,Vamps,16000000,3361,94812,11,2012,-15905188,-99.407425,tt1719676,Vamps,Comedy,4.5,13
79,2012-11-02,Vamps,16000000,3361,94812,11,2012,-15905188,-99.407425,tt1719676,Vamps,Horror,4.5,13
79,2012-11-02,Vamps,16000000,3361,94812,11,2012,-15905188,-99.407425,tt1719676,Vamps,Thriller,4.5,13
82,2013-12-31,Zulu,16000000,0,1844228,12,2013,-14155772,-88.47357500000003,tt2249221,Zulu,Crime,6.7,16607
82,2013-12-31,Zulu,16000000,0,1844228,12,2013,-14155772,-88.47357500000003,tt2249221,Zulu,Drama,6.7,16607
82,2013-12-31,Zulu,16000000,0,1844228,12,2013,-14155772,-88.47357500000003,tt2249221,Zulu,Thriller,6.7,16607
83,2018-12-21,Second Act,15700000,39282227,63288854,12,2018,47588854,303.1137197452229,tt2126357,Second Act,Comedy,5.8,13109
83,2018-12-21,Second Act,15700000,39282227,63288854,12,2018,47588854,303.1137197452229,tt2126357,Second Act,Drama,5.8,13109
83,2018-12-21,Second Act,15700000,39282227,63288854,12,2018,47588854,303.1137197452229,tt2126357,Second Act,Romance,5.8,13109
2,2017-08-11,Annabelle: Creation,15000000,102092201,305384865,8,2017,290384865,1935.8991,tt5140878,Annabelle: Creation,Horror,6.5,90402
2,2017-08-11,Annabelle: Creation,15000000,102092201,305384865,8,2017,290384865,1935.8991,tt5140878,Annabelle: Creation,Mystery,6.5,90402
2,2017-08-11,Annabelle: Creation,15000000,102092201,305384865,8,2017,290384865,1935.8991,tt5140878,Annabelle: Creation,Thriller,6.5,90402
6,2014-11-28,The Imitation Game,15000000,91125143,227740463,11,2014,212740463,1418.2697533333335,tt2084970,The Imitation Game,Biography,8.0,620834
6,2014-11-28,The Imitation Game,15000000,91125143,227740463,11,2014,212740463,1418.2697533333335,tt2084970,The Imitation Game,Drama,8.0,620834
6,2014-11-28,The Imitation Game,15000000,91125143,227740463,11,2014,212740463,1418.2697533333335,tt2084970,The Imitation Game,Thriller,8.0,620834
9,2013-01-18,Mama,15000000,71628180,148095566,1,2013,133095566,887.3037733333333,tt1805319,Mama,Drama,4.5,6
9,2013-01-18,Mama,15000000,71628180,148095566,1,2013,133095566,887.3037733333333,tt1868050,Mama,Drama,6.8,24
9,2013-01-18,Mama,15000000,71628180,148095566,1,2013,133095566,887.3037733333333,tt2023587,Mama,Horror,6.2,158487
9,2013-01-18,Mama,15000000,71628180,148095566,1,2013,133095566,887.3037733333333,tt2023587,Mama,Thriller,6.2,158487
9,2013-01-18,Mama,15000000,71628180,148095566,1,2013,133095566,887.3037733333333,tt3843072,Mama,Drama,6.6,18
9,2013-01-18,Mama,15000000,71628180,148095566,1,2013,133095566,887.3037733333333,tt5437970,Mama,Drama,6.7,25
13,2010-03-19,Diary of a Wimpy Kid,15000000,64003625,76954311,3,2010,61954311,413.02873999999997,tt1196141,Diary of a Wimpy Kid,Comedy,6.2,38640
13,2010-03-19,Diary of a Wimpy Kid,15000000,64003625,76954311,3,2010,61954311,413.02873999999997,tt1196141,Diary of a Wimpy Kid,Drama,6.2,38640
13,2010-03-19,Diary of a Wimpy Kid,15000000,64003625,76954311,3,2010,61954311,413.02873999999997,tt1196141,Diary of a Wimpy Kid,Family,6.2,38640
18,2012-02-03,The Woman in Black,15000000,54333290,128955898,2,2012,113955898,759.7059866666667,tt1596365,The Woman in Black,Drama,6.4,165357
18,2012-02-03,The Woman in Black,15000000,54333290,128955898,2,2012,113955898,759.7059866666667,tt1596365,The Woman in Black,Fantasy,6.4,165357
18,2012-02-03,The Woman in Black,15000000,54333290,128955898,2,2012,113955898,759.7059866666667,tt1596365,The Woman in Black,Horror,6.4,165357
21,2018-08-10,BlacKkKlansman,15000000,49275340,93017335,8,2018,78017335,520.1155666666667,tt7349662,BlacKkKlansman,Biography,7.5,149005
21,2018-08-10,BlacKkKlansman,15000000,49275340,93017335,8,2018,78017335,520.1155666666667,tt7349662,BlacKkKlansman,Crime,7.5,149005
21,2018-08-10,BlacKkKlansman,15000000,49275340,93017335,8,2018,78017335,520.1155666666667,tt7349662,BlacKkKlansman,Drama,7.5,149005
26,2013-02-22,Snitch,15000000,42930462,57907734,2,2013,42907734,286.05156,tt0882977,Snitch,Action,6.5,78142
26,2013-02-22,Snitch,15000000,42930462,57907734,2,2013,42907734,286.05156,tt0882977,Snitch,Drama,6.5,78142
26,2013-02-22,Snitch,15000000,42930462,57907734,2,2013,42907734,286.05156,tt0882977,Snitch,Thriller,6.5,78142
52,2012-12-31,Snitch,850000,0,0,12,2012,-850000,-100.0,tt0882977,Snitch,Action,6.5,78142
52,2012-12-31,Snitch,850000,0,0,12,2012,-850000,-100.0,tt0882977,Snitch,Drama,6.5,78142
52,2012-12-31,Snitch,850000,0,0,12,2012,-850000,-100.0,tt0882977,Snitch,Thriller,6.5,78142
28,2015-12-04,Krampus,15000000,42725475,61788393,12,2015,46788393,311.92262,tt3850590,Krampus,Comedy,6.2,55400
28,2015-12-04,Krampus,15000000,42725475,61788393,12,2015,46788393,311.92262,tt3850590,Krampus,Fantasy,6.2,55400
28,2015-12-04,Krampus,15000000,42725475,61788393,12,2015,46788393,311.92262,tt3850590,Krampus,Horror,6.2,55400
29,2012-09-21,End of Watch,15000000,41003371,57586606,9,2012,42586606,283.91070666666667,tt1855199,End of Watch,Action,7.6,211308
29,2012-09-21,End of Watch,15000000,41003371,57586606,9,2012,42586606,283.91070666666667,tt1855199,End of Watch,Crime,7.6,211308
29,2012-09-21,End of Watch,15000000,41003371,57586606,9,2012,42586606,283.91070666666667,tt1855199,End of Watch,Drama,7.6,211308
33,2014-12-03,Wild,15000000,37880356,52460543,12,2014,37460543,249.73695333333333,tt2305051,Wild,Adventure,7.1,110138
33,2014-12-03,Wild,15000000,37880356,52460543,12,2014,37460543,249.73695333333333,tt2305051,Wild,Biography,7.1,110138
33,2014-12-03,Wild,15000000,37880356,52460543,12,2014,37460543,249.73695333333333,tt2305051,Wild,Drama,7.1,110138
33,2014-12-03,Wild,15000000,37880356,52460543,12,2014,37460543,249.73695333333333,tt4071086,Wild,Drama,6.5,1224
33,2014-12-03,Wild,15000000,37880356,52460543,12,2014,37460543,249.73695333333333,tt6383452,Wild,Documentary,6.8,96
33,2014-12-03,Wild,15000000,37880356,52460543,12,2014,37460543,249.73695333333333,tt7480724,Wild,Drama,4.9,17
33,2014-12-03,Wild,15000000,37880356,52460543,12,2014,37460543,249.73695333333333,tt7480724,Wild,Romance,4.9,17
35,2014-11-07,The Theory of Everything,15000000,35893537,123327692,11,2014,108327692,722.1846133333332,tt2980516,The Theory of Everything,Biography,7.7,361534
35,2014-11-07,The Theory of Everything,15000000,35893537,123327692,11,2014,108327692,722.1846133333332,tt2980516,The Theory of Everything,Drama,7.7,361534
35,2014-11-07,The Theory of Everything,15000000,35893537,123327692,11,2014,108327692,722.1846133333332,tt2980516,The Theory of Everything,Romance,7.7,361534
36,2011-09-16,Drive,15000000,35060689,81357930,9,2011,66357930,442.3862,tt0780504,Drive,Crime,7.8,521495
36,2011-09-16,Drive,15000000,35060689,81357930,9,2011,66357930,442.3862,tt0780504,Drive,Drama,7.8,521495
36,2011-09-16,Drive,15000000,35060689,81357930,9,2011,66357930,442.3862,tt1709105,Drive,Documentary,6.3,20
38,2066-10-10,Hawaii,15000000,34562222,34562222,10,2066,19562222,130.41481333333334,tt2801746,Hawaii,Drama,7.3,3753
38,2066-10-10,Hawaii,15000000,34562222,34562222,10,2066,19562222,130.41481333333334,tt2801746,Hawaii,Romance,7.3,3753
38,2066-10-10,Hawaii,15000000,34562222,34562222,10,2066,19562222,130.41481333333334,tt5566714,Hawaii,Drama,7.7,542
39,2018-11-23,The Favourite,15000000,34366783,94113929,11,2018,79113929,527.4261933333332,tt5083738,The Favourite,Biography,7.6,116011
39,2018-11-23,The Favourite,15000000,34366783,94113929,11,2018,79113929,527.4261933333332,tt5083738,The Favourite,Drama,7.6,116011
39,2018-11-23,The Favourite,15000000,34366783,94113929,11,2018,79113929,527.4261933333332,tt5083738,The Favourite,History,7.6,116011
50,2014-08-22,When the Game Stands Tall,15000000,30127963,30138912,8,2014,15138912,100.92608,tt2247476,When the Game Stands Tall,Drama,6.7,14498
50,2014-08-22,When the Game Stands Tall,15000000,30127963,30138912,8,2014,15138912,100.92608,tt2247476,When the Game Stands Tall,Family,6.7,14498
50,2014-08-22,When the Game Stands Tall,15000000,30127963,30138912,8,2014,15138912,100.92608,tt2247476,When the Game Stands Tall,Sport,6.7,14498
57,2017-09-08,Home Again,15000000,27020284,37336874,9,2017,22336874,148.91249333333334,tt2121286,Home Again,Drama,6.6,360
57,2017-09-08,Home Again,15000000,27020284,37336874,9,2017,22336874,148.91249333333334,tt5719700,Home Again,Comedy,5.8,22614
57,2017-09-08,Home Again,15000000,27020284,37336874,9,2017,22336874,148.91249333333334,tt5719700,Home Again,Drama,5.8,22614
57,2017-09-08,Home Again,15000000,27020284,37336874,9,2017,22336874,148.91249333333334,tt5719700,Home Again,Romance,5.8,22614
60,2010-07-23,Ramona and Beezus,15000000,26167002,27469621,7,2010,12469621,83.13080666666667,tt0493949,Ramona and Beezus,Adventure,6.6,16086
60,2010-07-23,Ramona and Beezus,15000000,26167002,27469621,7,2010,12469621,83.13080666666667,tt0493949,Ramona and Beezus,Comedy,6.6,16086
60,2010-07-23,Ramona and Beezus,15000000,26167002,27469621,7,2010,12469621,83.13080666666667,tt0493949,Ramona and Beezus,Family,6.6,16086
61,2014-08-27,The November Man,15000000,25018119,34820335,8,2014,19820335,132.13556666666665,tt2402157,The November Man,Action,6.3,59293
61,2014-08-27,The November Man,15000000,25018119,34820335,8,2014,19820335,132.13556666666665,tt2402157,The November Man,Crime,6.3,59293
61,2014-08-27,The November Man,15000000,25018119,34820335,8,2014,19820335,132.13556666666665,tt2402157,The November Man,Thriller,6.3,59293
67,2013-03-29,The Place Beyond the Pines,15000000,21403519,47011449,3,2013,32011449,213.40966,tt1817273,The Place Beyond the Pines,Crime,7.3,226765
67,2013-03-29,The Place Beyond the Pines,15000000,21403519,47011449,3,2013,32011449,213.40966,tt1817273,The Place Beyond the Pines,Drama,7.3,226765
67,2013-03-29,The Place Beyond the Pines,15000000,21403519,47011449,3,2013,32011449,213.40966,tt1817273,The Place Beyond the Pines,Thriller,7.3,226765
70,2016-04-29,Keanu,15000000,20591853,20688141,4,2016,5688141,37.92094,tt4139124,Keanu,Action,6.3,41560
70,2016-04-29,Keanu,15000000,20591853,20688141,4,2016,5688141,37.92094,tt4139124,Keanu,Comedy,6.3,41560
70,2016-04-29,Keanu,15000000,20591853,20688141,4,2016,5688141,37.92094,tt4139124,Keanu,Crime,6.3,41560
71,2010-12-22,Country Strong,15000000,20218921,20601987,12,2010,5601987,37.346579999999996,tt1555064,Country Strong,Drama,6.3,16296
71,2010-12-22,Country Strong,15000000,20218921,20601987,12,2010,5601987,37.346579999999996,tt1555064,Country Strong,Music,6.3,16296
76,2014-07-25,A Most Wanted Man,15000000,17237855,36068890,7,2014,21068890,140.45926666666665,tt1972571,A Most Wanted Man,Crime,6.8,67914
76,2014-07-25,A Most Wanted Man,15000000,17237855,36068890,7,2014,21068890,140.45926666666665,tt1972571,A Most Wanted Man,Drama,6.8,67914
76,2014-07-25,A Most Wanted Man,15000000,17237855,36068890,7,2014,21068890,140.45926666666665,tt1972571,A Most Wanted Man,Thriller,6.8,67914
79,2012-11-02,The Man with the Iron Fists,15000000,15634090,22018988,11,2012,7018988,46.79325333333333,tt1258972,The Man with the Iron Fists,Action,5.4,58185
81,2019-02-01,Miss Bala,15000000,14998027,15362298,2,2019,362298,2.41532,tt1911600,Miss Bala,Crime,6.5,8092
81,2019-02-01,Miss Bala,15000000,14998027,15362298,2,2019,362298,2.41532,tt1911600,Miss Bala,Drama,6.5,8092
81,2019-02-01,Miss Bala,15000000,14998027,15362298,2,2019,362298,2.41532,tt1911600,Miss Bala,Thriller,6.5,8092
81,2019-02-01,Miss Bala,15000000,14998027,15362298,2,2019,362298,2.41532,tt5941692,Miss Bala,Action,5.5,3738
81,2019-02-01,Miss Bala,15000000,14998027,15362298,2,2019,362298,2.41532,tt5941692,Miss Bala,Crime,5.5,3738
81,2019-02-01,Miss Bala,15000000,14998027,15362298,2,2019,362298,2.41532,tt5941692,Miss Bala,Drama,5.5,3738
82,2012-11-30,Killing Them Softly,15000000,14945541,39238443,11,2012,24238443,161.58962,tt1764234,Killing Them Softly,Crime,6.2,124086
82,2012-11-30,Killing Them Softly,15000000,14945541,39238443,11,2012,24238443,161.58962,tt1764234,Killing Them Softly,Thriller,6.2,124086
84,2011-08-19,One Day,15000000,13843771,59168692,8,2011,44168692,294.45794666666666,tt1563738,One Day,Drama,7.0,128094
84,2011-08-19,One Day,15000000,13843771,59168692,8,2011,44168692,294.45794666666666,tt1563738,One Day,Romance,7.0,128094
84,2011-08-19,One Day,15000000,13843771,59168692,8,2011,44168692,294.45794666666666,tt1616203,One Day,Drama,6.0,436
84,2011-08-19,One Day,15000000,13843771,59168692,8,2011,44168692,294.45794666666666,tt1616203,One Day,Romance,6.0,436
84,2011-08-19,One Day,15000000,13843771,59168692,8,2011,44168692,294.45794666666666,tt1616203,One Day,Sci-Fi,6.0,436
84,2011-08-19,One Day,15000000,13843771,59168692,8,2011,44168692,294.45794666666666,tt4051858,One Day,Family,6.2,13
84,2011-08-19,One Day,15000000,13843771,59168692,8,2011,44168692,294.45794666666666,tt6168298,One Day,Drama,7.8,1454
84,2011-08-19,One Day,15000000,13843771,59168692,8,2011,44168692,294.45794666666666,tt6168298,One Day,Romance,7.8,1454
84,2011-08-19,One Day,15000000,13843771,59168692,8,2011,44168692,294.45794666666666,tt6214734,One Day,Drama,6.6,269
84,2011-08-19,One Day,15000000,13843771,59168692,8,2011,44168692,294.45794666666666,tt6214734,One Day,Fantasy,6.6,269
84,2011-08-19,One Day,15000000,13843771,59168692,8,2011,44168692,294.45794666666666,tt8274146,One Day,Drama,7.2,501
90,2017-01-20,The Founder,15000000,12786053,24403192,1,2017,9403192,62.68794666666667,tt2262282,The Founder,Comedy,5.9,33
90,2017-01-20,The Founder,15000000,12786053,24403192,1,2017,9403192,62.68794666666667,tt2262282,The Founder,Sci-Fi,5.9,33
90,2017-01-20,The Founder,15000000,12786053,24403192,1,2017,9403192,62.68794666666667,tt4276820,The Founder,Biography,7.2,97841
90,2017-01-20,The Founder,15000000,12786053,24403192,1,2017,9403192,62.68794666666667,tt4276820,The Founder,Drama,7.2,97841
90,2017-01-20,The Founder,15000000,12786053,24403192,1,2017,9403192,62.68794666666667,tt4276820,The Founder,History,7.2,97841
6,2016-09-23,Queen of Katwe,15000000,8874389,10055481,9,2016,-4944519,-32.96346,tt4341582,Queen of Katwe,Biography,7.4,13039
6,2016-09-23,Queen of Katwe,15000000,8874389,10055481,9,2016,-4944519,-32.96346,tt4341582,Queen of Katwe,Drama,7.4,13039
6,2016-09-23,Queen of Katwe,15000000,8874389,10055481,9,2016,-4944519,-32.96346,tt4341582,Queen of Katwe,Sport,7.4,13039
13,2013-01-04,Promised Land,15000000,7597898,12394562,1,2013,-2605438,-17.369586666666667,tt2091473,Promised Land,Drama,6.6,34659
15,2018-06-08,Hotel Artemis,15000000,6708137,12758799,6,2018,-2241201,-14.94134,tt5834262,Hotel Artemis,Action,6.1,30586
15,2018-06-08,Hotel Artemis,15000000,6708137,12758799,6,2018,-2241201,-14.94134,tt5834262,Hotel Artemis,Drama,6.1,30586
15,2018-06-08,Hotel Artemis,15000000,6708137,12758799,6,2018,-2241201,-14.94134,tt5834262,Hotel Artemis,Sci-Fi,6.1,30586
25,2015-10-30,Scouts Guide to the Zombie Apocalypse,15000000,3703046,15554855,10,2015,554855,3.699033333333333,tt1727776,Scouts Guide to the Zombie Apocalypse,Action,6.3,40479
25,2015-10-30,Scouts Guide to the Zombie Apocalypse,15000000,3703046,15554855,10,2015,554855,3.699033333333333,tt1727776,Scouts Guide to the Zombie Apocalypse,Comedy,6.3,40479
25,2015-10-30,Scouts Guide to the Zombie Apocalypse,15000000,3703046,15554855,10,2015,554855,3.699033333333333,tt1727776,Scouts Guide to the Zombie Apocalypse,Horror,6.3,40479
27,2010-09-22,You Will Meet a Tall Dark Stranger,15000000,3247816,34247816,9,2010,19247816,128.31877333333333,tt1182350,You Will Meet a Tall Dark Stranger,Comedy,6.3,41608
27,2010-09-22,You Will Meet a Tall Dark Stranger,15000000,3247816,34247816,9,2010,19247816,128.31877333333333,tt1182350,You Will Meet a Tall Dark Stranger,Drama,6.3,41608
27,2010-09-22,You Will Meet a Tall Dark Stranger,15000000,3247816,34247816,9,2010,19247816,128.31877333333333,tt1182350,You Will Meet a Tall Dark Stranger,Romance,6.3,41608
28,2015-10-23,Rock the Kasbah,15000000,3020665,3386153,10,2015,-11613847,-77.42564666666667,tt3164256,Rock the Kasbah,Comedy,5.5,9587
28,2015-10-23,Rock the Kasbah,15000000,3020665,3386153,10,2015,-11613847,-77.42564666666667,tt3164256,Rock the Kasbah,Music,5.5,9587
28,2015-10-23,Rock the Kasbah,15000000,3020665,3386153,10,2015,-11613847,-77.42564666666667,tt3164256,Rock the Kasbah,War,5.5,9587
29,2010-09-15,Never Let Me Go,15000000,2434652,11173718,9,2010,-3826282,-25.508546666666664,tt1334260,Never Let Me Go,Drama,7.1,130084
29,2010-09-15,Never Let Me Go,15000000,2434652,11173718,9,2010,-3826282,-25.508546666666664,tt1334260,Never Let Me Go,Romance,7.1,130084
29,2010-09-15,Never Let Me Go,15000000,2434652,11173718,9,2010,-3826282,-25.508546666666664,tt1334260,Never Let Me Go,Sci-Fi,7.1,130084
30,2016-09-09,The Disappointments Room,15000000,2423467,3503761,9,2016,-11496239,-76.64159333333333,tt2364897,The Disappointments Room,Drama,3.9,8167
30,2016-09-09,The Disappointments Room,15000000,2423467,3503761,9,2016,-11496239,-76.64159333333333,tt2364897,The Disappointments Room,Horror,3.9,8167
30,2016-09-09,The Disappointments Room,15000000,2423467,3503761,9,2016,-11496239,-76.64159333333333,tt2364897,The Disappointments Room,Thriller,3.9,8167
35,2017-02-03,The Comedian,15000000,1658706,1658706,2,2017,-13341294,-88.94196,tt1656194,The Comedian,Drama,5.5,328
35,2017-02-03,The Comedian,15000000,1658706,1658706,2,2017,-13341294,-88.94196,tt1656194,The Comedian,Romance,5.5,328
35,2017-02-03,The Comedian,15000000,1658706,1658706,2,2017,-13341294,-88.94196,tt1967614,The Comedian,Comedy,5.7,5875
42,2013-04-26,The Reluctant Fundamentalist,15000000,528731,528731,4,2013,-14471269,-96.47512666666668,tt2032557,The Reluctant Fundamentalist,Drama,6.9,12511
42,2013-04-26,The Reluctant Fundamentalist,15000000,528731,528731,4,2013,-14471269,-96.47512666666668,tt2032557,The Reluctant Fundamentalist,Thriller,6.9,12511
46,2010-08-27,Centurion,15000000,123570,7885048,8,2010,-7114952,-47.43301333333334,tt1020558,Centurion,Action,6.4,74085
46,2010-08-27,Centurion,15000000,123570,7885048,8,2010,-7114952,-47.43301333333334,tt1020558,Centurion,Adventure,6.4,74085
46,2010-08-27,Centurion,15000000,123570,7885048,8,2010,-7114952,-47.43301333333334,tt1020558,Centurion,Drama,6.4,74085
50,2013-09-06,Winnie Mandela,15000000,61847,61847,9,2013,-14938153,-99.58768666666668,tt1551641,Winnie Mandela,Biography,6.0,695
50,2013-09-06,Winnie Mandela,15000000,61847,61847,9,2013,-14938153,-99.58768666666668,tt1551641,Winnie Mandela,Drama,6.0,695
50,2013-09-06,Winnie Mandela,15000000,61847,61847,9,2013,-14938153,-99.58768666666668,tt1551641,Winnie Mandela,History,6.0,695
51,2011-11-04,The Son of No One,15000000,30680,1148578,11,2011,-13851422,-92.34281333333332,tt1535612,The Son of No One,Action,5.1,15743
51,2011-11-04,The Son of No One,15000000,30680,1148578,11,2011,-13851422,-92.34281333333332,tt1535612,The Son of No One,Crime,5.1,15743
51,2011-11-04,The Son of No One,15000000,30680,1148578,11,2011,-13851422,-92.34281333333332,tt1535612,The Son of No One,Drama,5.1,15743
54,2013-12-06,Khumba,15000000,0,20898221,12,2013,5898221,39.321473333333344,tt1487931,Khumba,Adventure,5.7,4984
54,2013-12-06,Khumba,15000000,0,20898221,12,2013,5898221,39.321473333333344,tt1487931,Khumba,Animation,5.7,4984
54,2013-12-06,Khumba,15000000,0,20898221,12,2013,5898221,39.321473333333344,tt1487931,Khumba,Family,5.7,4984
55,2015-05-05,A Few Best Men,15000000,0,17224539,5,2015,2224539,14.83026,tt1640711,A Few Best Men,Comedy,5.7,12069
55,2015-05-05,A Few Best Men,15000000,0,17224539,5,2015,2224539,14.83026,tt1640711,A Few Best Men,Romance,5.7,12069
61,2017-02-17,In Dubious Battle,15000000,0,214182,2,2017,-14785818,-98.57212,tt4411618,In Dubious Battle,Drama,6.1,3189
62,2015-09-01,Broken Horses,15000000,0,3471,9,2015,-14996529,-99.97686,tt2503954,Broken Horses,Action,5.7,1957
62,2015-09-01,Broken Horses,15000000,0,3471,9,2015,-14996529,-99.97686,tt2503954,Broken Horses,Crime,5.7,1957
62,2015-09-01,Broken Horses,15000000,0,3471,9,2015,-14996529,-99.97686,tt2503954,Broken Horses,Drama,5.7,1957
64,2019-08-14,Blinded by the Light,15000000,0,0,8,2019,-15000000,-100.0,tt8266310,Blinded by the Light,Biography,6.2,173
64,2019-08-14,Blinded by the Light,15000000,0,0,8,2019,-15000000,-100.0,tt8266310,Blinded by the Light,Comedy,6.2,173
64,2019-08-14,Blinded by the Light,15000000,0,0,8,2019,-15000000,-100.0,tt8266310,Blinded by the Light,Drama,6.2,173
66,2015-07-01,Magic Mike XXL,14500000,66013057,123660597,7,2015,109160597,752.8317034482758,tt2268016,Magic Mike XXL,Comedy,5.6,48497
66,2015-07-01,Magic Mike XXL,14500000,66013057,123660597,7,2015,109160597,752.8317034482758,tt2268016,Magic Mike XXL,Drama,5.6,48497
66,2015-07-01,Magic Mike XXL,14500000,66013057,123660597,7,2015,109160597,752.8317034482758,tt2268016,Magic Mike XXL,Music,5.6,48497
69,2015-06-05,Freedom,14500000,0,872757,6,2015,-13627243,-93.98098620689656,tt2028482,Freedom,Documentary,7.0,24
69,2015-06-05,Freedom,14500000,0,872757,6,2015,-13627243,-93.98098620689656,tt2584018,Freedom,Drama,6.2,1371
69,2015-06-05,Freedom,14500000,0,872757,6,2015,-13627243,-93.98098620689656,tt2584018,Freedom,Music,6.2,1371
69,2015-06-05,Freedom,14500000,0,872757,6,2015,-13627243,-93.98098620689656,tt4701906,Freedom,Drama,6.0,97
69,2015-06-05,Freedom,14500000,0,872757,6,2015,-13627243,-93.98098620689656,tt7268744,Freedom,Thriller,2.8,5
81,2012-08-31,The Possession,14000000,49130588,82925064,8,2012,68925064,492.3218857142857,tt0431021,The Possession,Horror,5.9,53649
81,2012-08-31,The Possession,14000000,49130588,82925064,8,2012,68925064,492.3218857142857,tt0431021,The Possession,Mystery,5.9,53649
81,2012-08-31,The Possession,14000000,49130588,82925064,8,2012,68925064,492.3218857142857,tt0431021,The Possession,Thriller,5.9,53649
90,2012-01-13,The Iron Lady,14000000,29959436,115592104,1,2012,101592104,725.6578857142857,tt1007029,The Iron Lady,Biography,6.4,96066
90,2012-01-13,The Iron Lady,14000000,29959436,115592104,1,2012,101592104,725.6578857142857,tt1007029,The Iron Lady,Drama,6.4,96066
95,2010-03-12,Our Family Wedding,14000000,20255281,21410546,3,2010,7410546,52.93247142857143,tt1305583,Our Family Wedding,Comedy,4.9,6417
95,2010-03-12,Our Family Wedding,14000000,20255281,21410546,3,2010,7410546,52.93247142857143,tt1305583,Our Family Wedding,Romance,4.9,6417
7,2015-02-20,Hot Tub Time Machine 2,14000000,12314651,12826644,2,2015,-1173356,-8.381114285714286,tt2637294,Hot Tub Time Machine 2,Comedy,5.1,34444
7,2015-02-20,Hot Tub Time Machine 2,14000000,12314651,12826644,2,2015,-1173356,-8.381114285714286,tt2637294,Hot Tub Time Machine 2,Mystery,5.1,34444
7,2015-02-20,Hot Tub Time Machine 2,14000000,12314651,12826644,2,2015,-1173356,-8.381114285714286,tt2637294,Hot Tub Time Machine 2,Sci-Fi,5.1,34444
10,2012-10-26,Fun Size,14000000,9409538,11166615,10,2012,-2833385,-20.23846428571429,tt1663143,Fun Size,Adventure,5.4,12926
10,2012-10-26,Fun Size,14000000,9409538,11166615,10,2012,-2833385,-20.23846428571429,tt1663143,Fun Size,Comedy,5.4,12926
16,2015-10-23,Suffragette,14000000,4702420,34044909,10,2015,20044909,143.1779214285714,tt3077214,Suffragette,Biography,6.9,34306
16,2015-10-23,Suffragette,14000000,4702420,34044909,10,2015,20044909,143.1779214285714,tt3077214,Suffragette,Drama,6.9,34306
16,2015-10-23,Suffragette,14000000,4702420,34044909,10,2015,20044909,143.1779214285714,tt3077214,Suffragette,History,6.9,34306
18,2014-12-19,Mr. Turner,14000000,3958546,25187026,12,2014,11187026,79.90732857142856,tt2473794,Mr. Turner,Biography,6.8,22661
18,2014-12-19,Mr. Turner,14000000,3958546,25187026,12,2014,11187026,79.90732857142856,tt2473794,Mr. Turner,Drama,6.8,22661
18,2014-12-19,Mr. Turner,14000000,3958546,25187026,12,2014,11187026,79.90732857142856,tt2473794,Mr. Turner,History,6.8,22661
22,2010-08-06,Flipped,14000000,1755212,4289993,8,2010,-9710007,-69.35719285714286,tt0817177,Flipped,Comedy,7.7,74937
22,2010-08-06,Flipped,14000000,1755212,4289993,8,2010,-9710007,-69.35719285714286,tt0817177,Flipped,Drama,7.7,74937
22,2010-08-06,Flipped,14000000,1755212,4289993,8,2010,-9710007,-69.35719285714286,tt0817177,Flipped,Romance,7.7,74937
22,2010-08-06,Flipped,14000000,1755212,4289993,8,2010,-9710007,-69.35719285714286,tt2388050,Flipped,Drama,6.0,440
22,2010-08-06,Flipped,14000000,1755212,4289993,8,2010,-9710007,-69.35719285714286,tt2388050,Flipped,Thriller,6.0,440
27,2011-09-30,Margaret,14000000,47185,623292,9,2011,-13376708,-95.54791428571428,tt0466893,Margaret,Drama,6.5,14708
28,2016-11-01,Reign of Assassins,14000000,0,11354230,11,2016,-2645770,-18.89835714285714,tt1460743,Reign of Assassins,Action,6.9,6990
28,2016-11-01,Reign of Assassins,14000000,0,11354230,11,2016,-2645770,-18.89835714285714,tt1460743,Reign of Assassins,Adventure,6.9,6990
36,2012-10-12,Seven Psychopaths,13500000,15024049,33035736,10,2012,19535736,144.70915555555555,tt1931533,Seven Psychopaths,Comedy,7.2,223493
36,2012-10-12,Seven Psychopaths,13500000,15024049,33035736,10,2012,19535736,144.70915555555555,tt1931533,Seven Psychopaths,Crime,7.2,223493
41,2011-04-01,The Last Godfather,13400000,164247,164247,4,2011,-13235753,-98.77427611940298,tt1584131,The Last Godfather,Comedy,3.7,1071
41,2011-04-01,The Last Godfather,13400000,164247,164247,4,2011,-13235753,-98.77427611940298,tt1584131,The Last Godfather,Crime,3.7,1071
41,2011-04-01,The Last Godfather,13400000,164247,164247,4,2011,-13235753,-98.77427611940298,tt1584131,The Last Godfather,Romance,3.7,1071
42,2014-04-04,Under the Skin,13300000,2614251,7229933,4,2014,-6070067,-45.639601503759394,tt1441395,Under the Skin,Drama,6.3,113196
42,2014-04-04,Under the Skin,13300000,2614251,7229933,4,2014,-6070067,-45.639601503759394,tt1441395,Under the Skin,Horror,6.3,113196
42,2014-04-04,Under the Skin,13300000,2614251,7229933,4,2014,-6070067,-45.639601503759394,tt1441395,Under the Skin,Sci-Fi,6.3,113196
44,2014-09-12,No Good Deed,13200000,52543632,54323210,9,2014,41123210,311.53946969696966,tt2011159,No Good Deed,Action,5.6,16045
44,2014-09-12,No Good Deed,13200000,52543632,54323210,9,2014,41123210,311.53946969696966,tt2011159,No Good Deed,Crime,5.6,16045
44,2014-09-12,No Good Deed,13200000,52543632,54323210,9,2014,41123210,311.53946969696966,tt2011159,No Good Deed,Drama,5.6,16045
46,2010-12-03,Black Swan,13000000,106954678,331266710,12,2010,318266710,2448.205461538462,tt0947798,Black Swan,Drama,8.0,648854
46,2010-12-03,Black Swan,13000000,106954678,331266710,12,2010,318266710,2448.205461538462,tt0947798,Black Swan,Thriller,8.0,648854
48,2011-02-11,Justin Bieber: Never Say Never,13000000,73013910,99034125,2,2011,86034125,661.8009615384615,tt1702443,Justin Bieber: Never Say Never,Documentary,1.6,74978
48,2011-02-11,Justin Bieber: Never Say Never,13000000,73013910,99034125,2,2011,86034125,661.8009615384615,tt1702443,Justin Bieber: Never Say Never,Music,1.6,74978
49,2018-07-04,The First Purge,13000000,69488745,136617305,7,2018,123617305,950.902346153846,tt6133466,The First Purge,Action,5.1,41741
49,2018-07-04,The First Purge,13000000,69488745,136617305,7,2018,123617305,950.902346153846,tt6133466,The First Purge,Horror,5.1,41741
49,2018-07-04,The First Purge,13000000,69488745,136617305,7,2018,123617305,950.902346153846,tt6133466,The First Purge,Sci-Fi,5.1,41741
50,2016-03-16,Miracles from Heaven,13000000,61705123,73798736,3,2016,60798736,467.68258461538477,tt4257926,Miracles from Heaven,Biography,7.1,17734
50,2016-03-16,Miracles from Heaven,13000000,61705123,73798736,3,2016,60798736,467.68258461538477,tt4257926,Miracles from Heaven,Drama,7.1,17734
50,2016-03-16,Miracles from Heaven,13000000,61705123,73798736,3,2016,60798736,467.68258461538477,tt4257926,Miracles from Heaven,Family,7.1,17734
54,2016-06-24,The Shallows,13000000,55121623,118763442,6,2016,105763442,813.5649384615384,tt4052882,The Shallows,Drama,6.3,106927
54,2016-06-24,The Shallows,13000000,55121623,118763442,6,2016,105763442,813.5649384615384,tt4052882,The Shallows,Horror,6.3,106927
54,2016-06-24,The Shallows,13000000,55121623,118763442,6,2016,105763442,813.5649384615384,tt4052882,The Shallows,Thriller,6.3,106927
58,2014-02-14,About Last Night,13000000,48637684,50445860,2,2014,37445860,288.04507692307686,tt1826590,About Last Night,Comedy,6.1,21078
58,2014-02-14,About Last Night,13000000,48637684,50445860,2,2014,37445860,288.04507692307686,tt1826590,About Last Night,Romance,6.1,21078
61,2014-10-10,St. Vincent,13000000,44137712,54837234,10,2014,41837234,321.82487692307694,tt2170593,St. Vincent,Comedy,7.3,89372
61,2014-10-10,St. Vincent,13000000,44137712,54837234,10,2014,41837234,321.82487692307694,tt2170593,St. Vincent,Drama,7.3,89372
62,2014-07-02,Earth to Echo,13000000,38934842,42174545,7,2014,29174545,224.4195769230769,tt2183034,Earth to Echo,Adventure,5.8,17627
62,2014-07-02,Earth to Echo,13000000,38934842,42174545,7,2014,29174545,224.4195769230769,tt2183034,Earth to Echo,Family,5.8,17627
62,2014-07-02,Earth to Echo,13000000,38934842,42174545,7,2014,29174545,224.4195769230769,tt2183034,Earth to Echo,Sci-Fi,5.8,17627
72,2015-04-10,Ex Machina,13000000,25440971,38358392,4,2015,25358392,195.06455384615384,tt0470752,Ex Machina,Drama,7.7,424542
72,2015-04-10,Ex Machina,13000000,25440971,38358392,4,2015,25358392,195.06455384615384,tt0470752,Ex Machina,Mystery,7.7,424542
72,2015-04-10,Ex Machina,13000000,25440971,38358392,4,2015,25358392,195.06455384615384,tt0470752,Ex Machina,Sci-Fi,7.7,424542
75,2016-03-11,Eye in the Sky,13000000,18704596,35402802,3,2016,22402802,172.32924615384616,tt2057392,Eye in the Sky,Drama,7.3,72301
75,2016-03-11,Eye in the Sky,13000000,18704596,35402802,3,2016,22402802,172.32924615384616,tt2057392,Eye in the Sky,Thriller,7.3,72301
75,2016-03-11,Eye in the Sky,13000000,18704596,35402802,3,2016,22402802,172.32924615384616,tt2057392,Eye in the Sky,War,7.3,72301
76,2013-03-22,Admission,13000000,18007317,18733666,3,2013,5733666,44.10512307692307,tt1814621,Admission,Comedy,5.7,31849
76,2013-03-22,Admission,13000000,18007317,18733666,3,2013,5733666,44.10512307692307,tt1814621,Admission,Drama,5.7,31849
76,2013-03-22,Admission,13000000,18007317,18733666,3,2013,5733666,44.10512307692307,tt1814621,Admission,Romance,5.7,31849
77,2012-09-21,The Perks of Being a Wallflower,13000000,17742948,33069303,9,2012,20069303,154.37925384615386,tt1659337,The Perks of Being a Wallflower,Drama,8.0,422671
80,2015-10-16,Room,13000000,14677674,36262783,10,2015,23262783,178.94448461538462,tt3170832,Room,Drama,8.2,316791
80,2015-10-16,Room,13000000,14677674,36262783,10,2015,23262783,178.94448461538462,tt3170832,Room,Thriller,8.2,316791
81,2015-10-16,Woodlawn,13000000,14394097,14403703,10,2015,1403703,10.797715384615383,tt4183692,Woodlawn,Drama,6.5,6070
81,2015-10-16,Woodlawn,13000000,14394097,14403703,10,2015,1403703,10.797715384615383,tt4183692,Woodlawn,Sport,6.5,6070
86,2015-07-17,Bajrangi Bhaijaan,13000000,8178001,121778347,7,2015,108778347,836.7565153846155,tt3863552,Bajrangi Bhaijaan,Action,8.0,63747
86,2015-07-17,Bajrangi Bhaijaan,13000000,8178001,121778347,7,2015,108778347,836.7565153846155,tt3863552,Bajrangi Bhaijaan,Comedy,8.0,63747
86,2015-07-17,Bajrangi Bhaijaan,13000000,8178001,121778347,7,2015,108778347,836.7565153846155,tt3863552,Bajrangi Bhaijaan,Drama,8.0,63747
97,2010-03-26,Chloe,13000000,3075255,11831131,3,2010,-1168869,-8.9913,tt1833881,Chloe,Drama,6.9,34
97,2010-03-26,Chloe,13000000,3075255,11831131,3,2010,-1168869,-8.9913,tt1833881,Chloe,Music,6.9,34
97,2010-03-26,Chloe,13000000,3075255,11831131,3,2010,-1168869,-8.9913,tt1833881,Chloe,Romance,6.9,34
99,2015-12-04,Youth,13000000,2703296,24001573,12,2015,11001573,84.62748461538463,tt2536448,Youth,Drama,6.6,36
99,2015-12-04,Youth,13000000,2703296,24001573,12,2015,11001573,84.62748461538463,tt2536448,Youth,Family,6.6,36
99,2015-12-04,Youth,13000000,2703296,24001573,12,2015,11001573,84.62748461538463,tt2670524,Youth,Drama,6.1,327
99,2015-12-04,Youth,13000000,2703296,24001573,12,2015,11001573,84.62748461538463,tt3312830,Youth,Comedy,7.3,64418
99,2015-12-04,Youth,13000000,2703296,24001573,12,2015,11001573,84.62748461538463,tt3312830,Youth,Drama,7.3,64418
99,2015-12-04,Youth,13000000,2703296,24001573,12,2015,11001573,84.62748461538463,tt3312830,Youth,Music,7.3,64418
99,2015-12-04,Youth,13000000,2703296,24001573,12,2015,11001573,84.62748461538463,tt5671384,Youth,Drama,7.3,11
99,2015-12-04,Youth,13000000,2703296,24001573,12,2015,11001573,84.62748461538463,tt6654316,Youth,Drama,7.1,2221
99,2015-12-04,Youth,13000000,2703296,24001573,12,2015,11001573,84.62748461538463,tt6654316,Youth,Romance,7.1,2221
99,2015-12-04,Youth,13000000,2703296,24001573,12,2015,11001573,84.62748461538463,tt6654316,Youth,War,7.1,2221
3,2015-07-24,The Vatican Tapes,13000000,1784763,14929184,7,2015,1929184,14.839876923076924,tt1524575,The Vatican Tapes,Horror,5.0,14822
3,2015-07-24,The Vatican Tapes,13000000,1784763,14929184,7,2015,1929184,14.839876923076924,tt1524575,The Vatican Tapes,Thriller,5.0,14822
7,2011-07-29,Attack the Block,13000000,1024175,6459183,7,2011,-6540817,-50.31397692307692,tt1478964,Attack the Block,Action,6.7,93868
7,2011-07-29,Attack the Block,13000000,1024175,6459183,7,2011,-6540817,-50.31397692307692,tt1478964,Attack the Block,Comedy,6.7,93868
7,2011-07-29,Attack the Block,13000000,1024175,6459183,7,2011,-6540817,-50.31397692307692,tt1478964,Attack the Block,Sci-Fi,6.7,93868
8,2015-08-14,Brothers,13000000,656688,17856688,8,2015,4856688,37.359138461538464,tt1754838,Brothers,Drama,5.8,149
8,2015-08-14,Brothers,13000000,656688,17856688,8,2015,4856688,37.359138461538464,tt3042592,Brothers,Action,5.1,8
8,2015-08-14,Brothers,13000000,656688,17856688,8,2015,4856688,37.359138461538464,tt3650484,Brothers,Documentary,7.7,310
8,2015-08-14,Brothers,13000000,656688,17856688,8,2015,4856688,37.359138461538464,tt3802576,Brothers,Action,6.7,10689
8,2015-08-14,Brothers,13000000,656688,17856688,8,2015,4856688,37.359138461538464,tt3802576,Brothers,Drama,6.7,10689
8,2015-08-14,Brothers,13000000,656688,17856688,8,2015,4856688,37.359138461538464,tt3802576,Brothers,Sport,6.7,10689
8,2015-08-14,Brothers,13000000,656688,17856688,8,2015,4856688,37.359138461538464,tt4952376,Brothers,Documentary,7.5,61
8,2015-08-14,Brothers,13000000,656688,17856688,8,2015,4856688,37.359138461538464,tt6314294,Brothers,Drama,7.6,96
8,2015-08-14,Brothers,13000000,656688,17856688,8,2015,4856688,37.359138461538464,tt6447400,Brothers,Action,5.2,8
8,2015-08-14,Brothers,13000000,656688,17856688,8,2015,4856688,37.359138461538464,tt6447400,Brothers,Drama,5.2,8
8,2015-08-14,Brothers,13000000,656688,17856688,8,2015,4856688,37.359138461538464,tt6447400,Brothers,War,5.2,8
8,2015-08-14,Brothers,13000000,656688,17856688,8,2015,4856688,37.359138461538464,tt8655740,Brothers,Drama,6.3,64
11,2010-06-18,The Killer Inside Me,13000000,217277,3617277,6,2010,-9382723,-72.1747923076923,tt0954947,The Killer Inside Me,Crime,6.1,31727
11,2010-06-18,The Killer Inside Me,13000000,217277,3617277,6,2010,-9382723,-72.1747923076923,tt0954947,The Killer Inside Me,Drama,6.1,31727
11,2010-06-18,The Killer Inside Me,13000000,217277,3617277,6,2010,-9382723,-72.1747923076923,tt0954947,The Killer Inside Me,Horror,6.1,31727
12,2012-03-30,Womb,13000000,0,0,3,2012,-13000000,-100.0,tt1216520,Womb,Drama,6.4,12489
12,2012-03-30,Womb,13000000,0,0,3,2012,-13000000,-100.0,tt1216520,Womb,Romance,6.4,12489
12,2012-03-30,Womb,13000000,0,0,3,2012,-13000000,-100.0,tt1216520,Womb,Sci-Fi,6.4,12489
14,2013-03-15,The Call,12800000,51872378,69821476,3,2013,57021476,445.48028125,tt1911644,The Call,Crime,6.7,103780
14,2013-03-15,The Call,12800000,51872378,69821476,3,2013,57021476,445.48028125,tt1911644,The Call,Drama,6.7,103780
14,2013-03-15,The Call,12800000,51872378,69821476,3,2013,57021476,445.48028125,tt1911644,The Call,Horror,6.7,103780
14,2013-03-15,The Call,12800000,51872378,69821476,3,2013,57021476,445.48028125,tt2926868,The Call,Documentary,7.9,12
14,2013-03-15,The Call,12800000,51872378,69821476,3,2013,57021476,445.48028125,tt4741754,The Call,Thriller,6.6,5
16,2014-09-12,The Drop,12600000,10724389,19054534,9,2014,6454534,51.226460317460315,tt1600196,The Drop,Crime,7.1,132161
16,2014-09-12,The Drop,12600000,10724389,19054534,9,2014,6454534,51.226460317460315,tt1600196,The Drop,Drama,7.1,132161
18,2010-09-03,Machete,12500000,26593646,46370970,9,2010,33870970,270.96776,tt0985694,Machete,Action,6.6,182320
18,2010-09-03,Machete,12500000,26593646,46370970,9,2010,33870970,270.96776,tt0985694,Machete,Crime,6.6,182320
18,2010-09-03,Machete,12500000,26593646,46370970,9,2010,33870970,270.96776,tt0985694,Machete,Thriller,6.6,182320
28,2010-10-15,Conviction,12500000,6797696,11826980,10,2010,-673020,-5.3841600000000005,tt1244754,Conviction,Biography,7.2,39771
28,2010-10-15,Conviction,12500000,6797696,11826980,10,2010,-673020,-5.3841600000000005,tt1244754,Conviction,Crime,7.2,39771
28,2010-10-15,Conviction,12500000,6797696,11826980,10,2010,-673020,-5.3841600000000005,tt1244754,Conviction,Drama,7.2,39771
28,2010-10-15,Conviction,12500000,6797696,11826980,10,2010,-673020,-5.3841600000000005,tt7799386,Conviction,Drama,7.0,234
32,2010-12-17,Casino Jack,12500000,2039869,2272186,12,2010,-10227814,-81.822512,tt1194417,Casino Jack,Biography,6.2,16191
32,2010-12-17,Casino Jack,12500000,2039869,2272186,12,2010,-10227814,-81.822512,tt1194417,Casino Jack,Comedy,6.2,16191
32,2010-12-17,Casino Jack,12500000,2039869,2272186,12,2010,-10227814,-81.822512,tt1194417,Casino Jack,Crime,6.2,16191
37,2012-10-05,The Paperboy,12500000,677200,4027663,10,2012,-8472337,-67.77869600000001,tt1496422,The Paperboy,Crime,5.8,33940
37,2012-10-05,The Paperboy,12500000,677200,4027663,10,2012,-8472337,-67.77869600000001,tt1496422,The Paperboy,Drama,5.8,33940
37,2012-10-05,The Paperboy,12500000,677200,4027663,10,2012,-8472337,-67.77869600000001,tt1496422,The Paperboy,Mystery,5.8,33940
39,2012-05-04,A Little Bit of Heaven,12500000,10011,1100287,5,2012,-11399713,-91.197704,tt1440161,A Little Bit of Heaven,Comedy,6.3,26441
39,2012-05-04,A Little Bit of Heaven,12500000,10011,1100287,5,2012,-11399713,-91.197704,tt1440161,A Little Bit of Heaven,Drama,6.3,26441
39,2012-05-04,A Little Bit of Heaven,12500000,10011,1100287,5,2012,-11399713,-91.197704,tt1440161,A Little Bit of Heaven,Fantasy,6.3,26441
43,2014-06-06,The Fault in Our Stars,12000000,124872350,307166834,6,2014,295166834,2459.7236166666667,tt2582846,The Fault in Our Stars,Drama,7.7,315135
43,2014-06-06,The Fault in Our Stars,12000000,124872350,307166834,6,2014,295166834,2459.7236166666667,tt2582846,The Fault in Our Stars,Romance,7.7,315135
45,2012-04-20,Think Like a Man,12000000,91547205,113373764,4,2012,101373764,844.7813666666667,tt1621045,Think Like a Man,Comedy,6.6,41043
45,2012-04-20,Think Like a Man,12000000,91547205,113373764,4,2012,101373764,844.7813666666667,tt1621045,Think Like a Man,Romance,6.6,41043
52,2012-02-24,Act of Valor,12000000,70012847,82497035,2,2012,70497035,587.4752916666667,tt1591479,Act of Valor,Action,6.5,63787
52,2012-02-24,Act of Valor,12000000,70012847,82497035,2,2012,70497035,587.4752916666667,tt1591479,Act of Valor,Adventure,6.5,63787
52,2012-02-24,Act of Valor,12000000,70012847,82497035,2,2012,70497035,587.4752916666667,tt1591479,Act of Valor,Drama,6.5,63787
55,2012-02-03,Chronicle,12000000,64575175,123681790,2,2012,111681790,930.6815833333334,tt1706593,Chronicle,Drama,7.1,229258
55,2012-02-03,Chronicle,12000000,64575175,123681790,2,2012,111681790,930.6815833333334,tt1706593,Chronicle,Sci-Fi,7.1,229258
55,2012-02-03,Chronicle,12000000,64575175,123681790,2,2012,111681790,930.6815833333334,tt1706593,Chronicle,Thriller,7.1,229258
58,2012-03-02,Project X,12000000,54731865,103028188,3,2012,91028188,758.5682333333334,tt1636826,Project X,Comedy,6.7,177782
59,2017-11-10,"Three Billboards Outside Ebbing, Missouri",12000000,54513740,160191915,11,2017,148191915,1234.932625,tt5027774,"Three Billboards Outside Ebbing, Missouri",Crime,8.2,344047
59,2017-11-10,"Three Billboards Outside Ebbing, Missouri",12000000,54513740,160191915,11,2017,148191915,1234.932625,tt5027774,"Three Billboards Outside Ebbing, Missouri",Drama,8.2,344047
60,2016-11-25,Lion,12000000,51739495,149570720,11,2016,137570720,1146.4226666666666,tt3741834,Lion,Biography,8.1,181601
60,2016-11-25,Lion,12000000,51739495,149570720,11,2016,137570720,1146.4226666666666,tt3741834,Lion,Drama,8.1,181601
60,2016-11-25,Lion,12000000,51739495,149570720,11,2016,137570720,1146.4226666666666,tt4685968,Lion,Action,3.6,282
60,2016-11-25,Lion,12000000,51739495,149570720,11,2016,137570720,1146.4226666666666,tt4685968,Lion,Drama,3.6,282
60,2016-11-25,Lion,12000000,51739495,149570720,11,2016,137570720,1146.4226666666666,tt4685968,Lion,Romance,3.6,282
61,2018-05-04,Overboard,12000000,50316123,85369830,5,2018,73369830,611.41525,tt1563742,Overboard,Comedy,5.9,25607
61,2018-05-04,Overboard,12000000,50316123,85369830,5,2018,73369830,611.41525,tt1563742,Overboard,Romance,5.9,25607
65,2013-11-22,Philomena,12000000,37709979,98963392,11,2013,86963392,724.6949333333333,tt2431286,Philomena,Biography,7.6,88704
65,2013-11-22,Philomena,12000000,37709979,98963392,11,2013,86963392,724.6949333333333,tt2431286,Philomena,Comedy,7.6,88704
65,2013-11-22,Philomena,12000000,37709979,98963392,11,2013,86963392,724.6949333333333,tt2431286,Philomena,Drama,7.6,88704
68,2015-07-24,Paper Towns,12000000,32000304,85450484,7,2015,73450484,612.0873666666666,tt3622592,Paper Towns,Comedy,6.3,87742
68,2015-07-24,Paper Towns,12000000,32000304,85450484,7,2015,73450484,612.0873666666666,tt3622592,Paper Towns,Drama,6.3,87742
68,2015-07-24,Paper Towns,12000000,32000304,85450484,7,2015,73450484,612.0873666666666,tt3622592,Paper Towns,Mystery,6.3,87742
77,2016-08-12,Hell or High Water,12000000,27007844,37584304,8,2016,25584304,213.20253333333332,tt2582782,Hell or High Water,Action,7.6,176469
77,2016-08-12,Hell or High Water,12000000,27007844,37584304,8,2016,25584304,213.20253333333332,tt2582782,Hell or High Water,Crime,7.6,176469
77,2016-08-12,Hell or High Water,12000000,27007844,37584304,8,2016,25584304,213.20253333333332,tt2582782,Hell or High Water,Drama,7.6,176469
79,2012-07-05,Katy Perry: Part of Me,12000000,25326071,32700439,7,2012,20700439,172.50365833333333,tt2215719,Katy Perry: Part of Me,Documentary,5.9,13034
79,2012-07-05,Katy Perry: Part of Me,12000000,25326071,32700439,7,2012,20700439,172.50365833333333,tt2215719,Katy Perry: Part of Me,Music,5.9,13034
80,2014-12-12,Top Five,12000000,25317379,26001741,12,2014,14001741,116.681175,tt2784678,Top Five,Comedy,6.4,24744
80,2014-12-12,Top Five,12000000,25317379,26001741,12,2014,14001741,116.681175,tt2784678,Top Five,Romance,6.4,24744
84,2015-01-30,Project Almanac,12000000,22348241,32909437,1,2015,20909437,174.24530833333333,tt2436386,Project Almanac,Drama,6.4,71500
84,2015-01-30,Project Almanac,12000000,22348241,32909437,1,2015,20909437,174.24530833333333,tt2436386,Project Almanac,Mystery,6.4,71500
84,2015-01-30,Project Almanac,12000000,22348241,32909437,1,2015,20909437,174.24530833333333,tt2436386,Project Almanac,Sci-Fi,6.4,71500
85,2010-05-14,Just Wright,12000000,21540363,21867665,5,2010,9867665,82.23054166666667,tt1407061,Just Wright,Comedy,5.9,12466
85,2010-05-14,Just Wright,12000000,21540363,21867665,5,2010,9867665,82.23054166666667,tt1407061,Just Wright,Romance,5.9,12466
85,2010-05-14,Just Wright,12000000,21540363,21867665,5,2010,9867665,82.23054166666667,tt1407061,Just Wright,Sport,5.9,12466
91,2013-11-15,Nebraska,12000000,17654912,24761360,11,2013,12761360,106.34466666666668,tt1821549,Nebraska,Adventure,7.7,105304
91,2013-11-15,Nebraska,12000000,17654912,24761360,11,2013,12761360,106.34466666666668,tt1821549,Nebraska,Comedy,7.7,105304
91,2013-11-15,Nebraska,12000000,17654912,24761360,11,2013,12761360,106.34466666666668,tt1821549,Nebraska,Drama,7.7,105304
94,2011-12-09,Young Adult,12000000,16311571,22750356,12,2011,10750356,89.5863,tt1625346,Young Adult,Comedy,6.3,74071
94,2011-12-09,Young Adult,12000000,16311571,22750356,12,2011,10750356,89.5863,tt1625346,Young Adult,Drama,6.3,74071
95,2013-11-01,About Time,12000000,15323921,89309178,11,2013,77309178,644.24315,tt2194499,About Time,Comedy,7.8,263136
95,2013-11-01,About Time,12000000,15323921,89309178,11,2013,77309178,644.24315,tt2194499,About Time,Drama,7.8,263136
95,2013-11-01,About Time,12000000,15323921,89309178,11,2013,77309178,644.24315,tt2194499,About Time,Fantasy,7.8,263136
96,2018-12-14,If Beale Street Could Talk,12000000,14915773,19859167,12,2018,7859167,65.49305833333334,tt7125860,If Beale Street Could Talk,Drama,7.2,25512
96,2018-12-14,If Beale Street Could Talk,12000000,14915773,19859167,12,2018,7859167,65.49305833333334,tt7125860,If Beale Street Could Talk,Romance,7.2,25512
97,2017-07-14,Wish Upon,12000000,14301505,23477345,7,2017,11477345,95.64454166666668,tt5322012,Wish Upon,Drama,5.0,14962
97,2017-07-14,Wish Upon,12000000,14301505,23477345,7,2017,11477345,95.64454166666668,tt5322012,Wish Upon,Fantasy,5.0,14962
97,2017-07-14,Wish Upon,12000000,14301505,23477345,7,2017,11477345,95.64454166666668,tt5322012,Wish Upon,Horror,5.0,14962
4,2017-04-21,Unforgettable,12000000,11368012,16221211,4,2017,4221211,35.17675833333334,tt1247436,Unforgettable,Documentary,5.9,7
4,2017-04-21,Unforgettable,12000000,11368012,16221211,4,2017,4221211,35.17675833333334,tt2187167,Unforgettable,Drama,5.5,49
4,2017-04-21,Unforgettable,12000000,11368012,16221211,4,2017,4221211,35.17675833333334,tt2187167,Unforgettable,Romance,5.5,49
4,2017-04-21,Unforgettable,12000000,11368012,16221211,4,2017,4221211,35.17675833333334,tt3462710,Unforgettable,Drama,5.1,11489
4,2017-04-21,Unforgettable,12000000,11368012,16221211,4,2017,4221211,35.17675833333334,tt3462710,Unforgettable,Thriller,5.1,11489
4,2017-04-21,Unforgettable,12000000,11368012,16221211,4,2017,4221211,35.17675833333334,tt5615904,Unforgettable,Drama,7.3,773
4,2017-04-21,Unforgettable,12000000,11368012,16221211,4,2017,4221211,35.17675833333334,tt5615904,Unforgettable,Romance,7.3,773
7,2017-10-13,Marshall,12000000,10051659,10116816,10,2017,-1883184,-15.6932,tt5301662,Marshall,Biography,7.2,14419
7,2017-10-13,Marshall,12000000,10051659,10116816,10,2017,-1883184,-15.6932,tt5301662,Marshall,Crime,7.2,14419
7,2017-10-13,Marshall,12000000,10051659,10116816,10,2017,-1883184,-15.6932,tt5301662,Marshall,Drama,7.2,14419
9,2012-09-14,Arbitrage,12000000,7919574,35830713,9,2012,23830713,198.589275,tt1764183,Arbitrage,Drama,6.6,46774
9,2012-09-14,Arbitrage,12000000,7919574,35830713,9,2012,23830713,198.589275,tt1764183,Arbitrage,Thriller,6.6,46774
14,2012-06-01,For Greater Glory: The True Story of Cristiada,12000000,5669081,10026255,6,2012,-1973745,-16.447875,tt1566501,For Greater Glory: The True Story of Cristiada,Drama,6.6,4202
14,2012-06-01,For Greater Glory: The True Story of Cristiada,12000000,5669081,10026255,6,2012,-1973745,-16.447875,tt1566501,For Greater Glory: The True Story of Cristiada,History,6.6,4202
14,2012-06-01,For Greater Glory: The True Story of Cristiada,12000000,5669081,10026255,6,2012,-1973745,-16.447875,tt1566501,For Greater Glory: The True Story of Cristiada,War,6.6,4202
29,2013-03-01,Stoker,12000000,1703125,12034913,3,2013,34913,0.29094166666666665,tt1682180,Stoker,Drama,6.8,97393
29,2013-03-01,Stoker,12000000,1703125,12034913,3,2013,34913,0.29094166666666665,tt1682180,Stoker,Thriller,6.8,97393
32,2011-03-11,Kill the Irishman,12000000,1188194,1188194,3,2011,-10811806,-90.09838333333332,tt1416801,Kill the Irishman,Biography,7.1,41504
32,2011-03-11,Kill the Irishman,12000000,1188194,1188194,3,2011,-10811806,-90.09838333333332,tt1416801,Kill the Irishman,Crime,7.1,41504
32,2011-03-11,Kill the Irishman,12000000,1188194,1188194,3,2011,-10811806,-90.09838333333332,tt1416801,Kill the Irishman,Drama,7.1,41504
34,2012-04-20,Darling Companion,12000000,793352,1200346,4,2012,-10799654,-89.99711666666668,tt1730687,Darling Companion,Comedy,5.1,3085
34,2012-04-20,Darling Companion,12000000,793352,1200346,4,2012,-10799654,-89.99711666666668,tt1730687,Darling Companion,Drama,5.1,3085
34,2012-04-20,Darling Companion,12000000,793352,1200346,4,2012,-10799654,-89.99711666666668,tt1730687,Darling Companion,Romance,5.1,3085
46,2015-10-09,Trash,12000000,17484,6553186,10,2015,-5446814,-45.39011666666667,tt1846800,Trash,Action,7.2,8
46,2015-10-09,Trash,12000000,17484,6553186,10,2015,-5446814,-45.39011666666667,tt1921149,Trash,Adventure,7.2,18690
46,2015-10-09,Trash,12000000,17484,6553186,10,2015,-5446814,-45.39011666666667,tt1921149,Trash,Crime,7.2,18690
46,2015-10-09,Trash,12000000,17484,6553186,10,2015,-5446814,-45.39011666666667,tt1921149,Trash,Drama,7.2,18690
47,2011-08-19,5 Days of War,12000000,17479,87793,8,2011,-11912207,-99.26839166666667,tt1486193,5 Days of War,Action,5.6,13089
47,2011-08-19,5 Days of War,12000000,17479,87793,8,2011,-11912207,-99.26839166666667,tt1486193,5 Days of War,Drama,5.6,13089
47,2011-08-19,5 Days of War,12000000,17479,87793,8,2011,-11912207,-99.26839166666667,tt1486193,5 Days of War,War,5.6,13089
48,2015-11-11,10 Days in a Madhouse,12000000,14616,14616,11,2015,-11985384,-99.8782,tt3453052,10 Days in a Madhouse,Drama,6.7,1114
52,2010-02-10,Triangle,12000000,0,1594955,2,2010,-10405045,-86.70870833333332,tt2319426,Triangle,Drama,6.9,10
54,2014-10-03,Drive Hard,12000000,0,0,10,2014,-12000000,-100.0,tt2968804,Drive Hard,Action,4.4,3907
54,2014-10-03,Drive Hard,12000000,0,0,10,2014,-12000000,-100.0,tt2968804,Drive Hard,Comedy,4.4,3907
54,2014-10-03,Drive Hard,12000000,0,0,10,2014,-12000000,-100.0,tt2968804,Drive Hard,Crime,4.4,3907
57,2016-09-23,The Dressmaker,11900000,2022115,24041617,9,2016,12141617,102.0303949579832,tt2910904,The Dressmaker,Comedy,7.1,46833
57,2016-09-23,The Dressmaker,11900000,2022115,24041617,9,2016,12141617,102.0303949579832,tt2910904,The Dressmaker,Drama,7.1,46833
60,2015-11-20,Carol,11800000,12711491,42843521,11,2015,31043521,263.080686440678,tt2402927,Carol,Drama,7.2,100680
60,2015-11-20,Carol,11800000,12711491,42843521,11,2015,31043521,263.080686440678,tt2402927,Carol,Romance,7.2,100680
62,2016-01-22,Dirty Grandpa,11500000,35593113,105078449,1,2016,93578449,813.7256434782608,tt1860213,Dirty Grandpa,Comedy,5.9,101393
68,2010-12-10,The Fighter,11000000,93617009,129262388,12,2010,118262388,1075.1126181818179,tt0964517,The Fighter,Biography,7.8,316539
68,2010-12-10,The Fighter,11000000,93617009,129262388,12,2010,118262388,1075.1126181818179,tt0964517,The Fighter,Drama,7.8,316539
68,2010-12-10,The Fighter,11000000,93617009,129262388,12,2010,118262388,1075.1126181818179,tt0964517,The Fighter,Sport,7.8,316539
73,2014-08-22,If I Stay,11000000,50474843,78356170,8,2014,67356170,612.3288181818183,tt1355630,If I Stay,Drama,6.8,107625
73,2014-08-22,If I Stay,11000000,50474843,78356170,8,2014,67356170,612.3288181818183,tt1355630,If I Stay,Fantasy,6.8,107625
73,2014-08-22,If I Stay,11000000,50474843,78356170,8,2014,67356170,612.3288181818183,tt1355630,If I Stay,Music,6.8,107625
79,2015-11-04,Brooklyn,11000000,38322743,62076141,11,2015,51076141,464.3285545454545,tt2381111,Brooklyn,Drama,7.5,117021
79,2015-11-04,Brooklyn,11000000,38322743,62076141,11,2015,51076141,464.3285545454545,tt2381111,Brooklyn,Romance,7.5,117021
79,2015-11-04,Brooklyn,11000000,38322743,62076141,11,2015,51076141,464.3285545454545,tt3184798,Brooklyn,Drama,6.4,51
79,2015-11-04,Brooklyn,11000000,38322743,62076141,11,2015,51076141,464.3285545454545,tt3184798,Brooklyn,Music,6.4,51
79,2015-11-04,Brooklyn,11000000,38322743,62076141,11,2015,51076141,464.3285545454545,tt3184798,Brooklyn,Musical,6.4,51
81,2015-04-01,Woman in Gold,11000000,33307793,58586407,4,2015,47586407,432.60370000000006,tt2404425,Woman in Gold,Biography,7.3,48501
81,2015-04-01,Woman in Gold,11000000,33307793,58586407,4,2015,47586407,432.60370000000006,tt2404425,Woman in Gold,Drama,7.3,48501
81,2015-04-01,Woman in Gold,11000000,33307793,58586407,4,2015,47586407,432.60370000000006,tt2404425,Woman in Gold,History,7.3,48501
83,2017-12-08,"I, Tonya",11000000,30014534,53797409,12,2017,42797409,389.06735454545463,tt5580036,"I, Tonya",Biography,7.5,141668
83,2017-12-08,"I, Tonya",11000000,30014534,53797409,12,2017,42797409,389.06735454545463,tt5580036,"I, Tonya",Comedy,7.5,141668
83,2017-12-08,"I, Tonya",11000000,30014534,53797409,12,2017,42797409,389.06735454545463,tt5580036,"I, Tonya",Drama,7.5,141668
90,2013-01-11,Quartet,11000000,18388357,56178935,1,2013,45178935,410.71759090909086,tt1441951,Quartet,Comedy,6.8,17979
90,2013-01-11,Quartet,11000000,18388357,56178935,1,2013,45178935,410.71759090909086,tt1441951,Quartet,Drama,6.8,17979
94,2013-12-06,Inside Llewyn Davis,11000000,13248209,32943247,12,2013,21943247,199.48406363636363,tt2042568,Inside Llewyn Davis,Drama,7.5,123759
94,2013-12-06,Inside Llewyn Davis,11000000,13248209,32943247,12,2013,21943247,199.48406363636363,tt2042568,Inside Llewyn Davis,Music,7.5,123759
98,2013-05-10,Peeples,11000000,9177065,9307166,5,2013,-1692834,-15.3894,tt1699755,Peeples,Comedy,5.3,4452
98,2013-05-10,Peeples,11000000,9177065,9307166,5,2013,-1692834,-15.3894,tt1699755,Peeples,Romance,5.3,4452
100,2016-07-06,Sultan,11000000,5599781,72989781,7,2016,61989781,563.5434636363636,tt2650286,Sultan,Drama,4.5,56
100,2016-07-06,Sultan,11000000,5599781,72989781,7,2016,61989781,563.5434636363636,tt2650286,Sultan,Romance,4.5,56
100,2016-07-06,Sultan,11000000,5599781,72989781,7,2016,61989781,563.5434636363636,tt4832640,Sultan,Action,7.1,33371
100,2016-07-06,Sultan,11000000,5599781,72989781,7,2016,61989781,563.5434636363636,tt4832640,Sultan,Drama,7.1,33371
100,2016-07-06,Sultan,11000000,5599781,72989781,7,2016,61989781,563.5434636363636,tt4832640,Sultan,Sport,7.1,33371
11,2011-08-26,Brighton Rock,11000000,229653,229653,8,2011,-10770347,-97.91224545454546,tt1233192,Brighton Rock,Crime,5.7,5784
11,2011-08-26,Brighton Rock,11000000,229653,229653,8,2011,-10770347,-97.91224545454546,tt1233192,Brighton Rock,Drama,5.7,5784
11,2011-08-26,Brighton Rock,11000000,229653,229653,8,2011,-10770347,-97.91224545454546,tt1233192,Brighton Rock,Thriller,5.7,5784
14,2012-05-04,LOL,11000000,0,10431506,5,2012,-568494,-5.168127272727274,tt1592873,LOL,Comedy,4.4,51424
14,2012-05-04,LOL,11000000,0,10431506,5,2012,-568494,-5.168127272727274,tt1592873,LOL,Drama,4.4,51424
14,2012-05-04,LOL,11000000,0,10431506,5,2012,-568494,-5.168127272727274,tt1592873,LOL,Romance,4.4,51424
15,2016-02-05,Misconduct,11000000,0,2352511,2,2016,-8647489,-78.61353636363636,tt3658772,Misconduct,Crime,5.3,13550
15,2016-02-05,Misconduct,11000000,0,2352511,2,2016,-8647489,-78.61353636363636,tt3658772,Misconduct,Drama,5.3,13550
15,2016-02-05,Misconduct,11000000,0,2352511,2,2016,-8647489,-78.61353636363636,tt3658772,Misconduct,Mystery,5.3,13550
16,2019-12-31,Eli,11000000,0,0,12,2019,-11000000,-100.0,tt4786638,Eli,Comedy,4.7,96
25,2013-12-06,The Last Days on Mars,10600000,24084,261364,12,2013,-10338636,-97.53430188679243,tt1709143,The Last Days on Mars,Adventure,5.5,33137
25,2013-12-06,The Last Days on Mars,10600000,24084,261364,12,2013,-10338636,-97.53430188679243,tt1709143,The Last Days on Mars,Horror,5.5,33137
25,2013-12-06,The Last Days on Mars,10600000,24084,261364,12,2013,-10338636,-97.53430188679243,tt1709143,The Last Days on Mars,Sci-Fi,5.5,33137
34,2010-04-30,Housefull,10100000,1183658,18726300,4,2010,8626300,85.40891089108909,tt1573072,Housefull,Comedy,5.5,11089
34,2010-04-30,Housefull,10100000,1183658,18726300,4,2010,8626300,85.40891089108909,tt4991978,Housefull,Family,3.9,8
36,2018-10-19,Halloween,10000000,159342015,254900667,10,2018,244900667,2449.00667,tt1502407,Halloween,Horror,6.6,88395
36,2018-10-19,Halloween,10000000,159342015,254900667,10,2018,244900667,2449.00667,tt1502407,Halloween,Thriller,6.6,88395
42,2016-07-01,The Purge: Election Year,10000000,79042440,118514727,7,2016,108514727,1085.14727,tt4094724,The Purge: Election Year,Action,6.0,80254
42,2016-07-01,The Purge: Election Year,10000000,79042440,118514727,7,2016,108514727,1085.14727,tt4094724,The Purge: Election Year,Horror,6.0,80254
42,2016-07-01,The Purge: Election Year,10000000,79042440,118514727,7,2016,108514727,1085.14727,tt4094724,The Purge: Election Year,Sci-Fi,6.0,80254
43,2018-05-18,Book Club,10000000,68566296,91113683,5,2018,81113683,811.13683,tt4727712,Book Club,Documentary,6.6,9
43,2018-05-18,Book Club,10000000,68566296,91113683,5,2018,81113683,811.13683,tt6857166,Book Club,Comedy,6.1,18728
43,2018-05-18,Book Club,10000000,68566296,91113683,5,2018,81113683,811.13683,tt6857166,Book Club,Drama,6.1,18728
43,2018-05-18,Book Club,10000000,68566296,91113683,5,2018,81113683,811.13683,tt6857166,Book Club,Romance,6.1,18728
45,2018-01-05,Insidious: The Last Key,10000000,67745330,167885588,1,2018,157885588,1578.85588,tt5726086,Insidious: The Last Key,Horror,5.7,42154
45,2018-01-05,Insidious: The Last Key,10000000,67745330,167885588,1,2018,157885588,1578.85588,tt5726086,Insidious: The Last Key,Mystery,5.7,42154
45,2018-01-05,Insidious: The Last Key,10000000,67745330,167885588,1,2018,157885588,1578.85588,tt5726086,Insidious: The Last Key,Thriller,5.7,42154
53,2017-11-03,Lady Bird,10000000,48958273,78610769,11,2017,68610769,686.1076899999998,tt4925292,Lady Bird,Comedy,7.4,177677
53,2017-11-03,Lady Bird,10000000,48958273,78610769,11,2017,68610769,686.1076899999998,tt4925292,Lady Bird,Drama,7.4,177677
55,2012-05-04,The Best Exotic Marigold Hotel,10000000,46383639,134639780,5,2012,124639780,1246.3978,tt1412386,The Best Exotic Marigold Hotel,Comedy,7.3,85811
55,2012-05-04,The Best Exotic Marigold Hotel,10000000,46383639,134639780,5,2012,124639780,1246.3978,tt1412386,The Best Exotic Marigold Hotel,Drama,7.3,85811
55,2012-05-04,The Best Exotic Marigold Hotel,10000000,46383639,134639780,5,2012,124639780,1246.3978,tt1412386,The Best Exotic Marigold Hotel,Romance,7.3,85811
56,2018-06-08,Hereditary,10000000,44069456,70133905,6,2018,60133905,601.33905,tt7784604,Hereditary,Drama,7.3,151571
56,2018-06-08,Hereditary,10000000,44069456,70133905,6,2018,60133905,601.33905,tt7784604,Hereditary,Horror,7.3,151571
56,2018-06-08,Hereditary,10000000,44069456,70133905,6,2018,60133905,601.33905,tt7784604,Hereditary,Mystery,7.3,151571
57,2018-03-16,"Love, Simon",10000000,40826341,65520633,3,2018,55520633,555.20633,tt5164432,"Love, Simon",Comedy,7.6,81575
57,2018-03-16,"Love, Simon",10000000,40826341,65520633,3,2018,55520633,555.20633,tt5164432,"Love, Simon",Drama,7.6,81575
57,2018-03-16,"Love, Simon",10000000,40826341,65520633,3,2018,55520633,555.20633,tt5164432,"Love, Simon",Romance,7.6,81575
61,2017-10-27,Jigsaw,10000000,38052832,102445196,10,2017,92445196,924.45196,tt3348730,Jigsaw,Crime,5.8,57184
61,2017-10-27,Jigsaw,10000000,38052832,102445196,10,2017,92445196,924.45196,tt3348730,Jigsaw,Horror,5.8,57184
61,2017-10-27,Jigsaw,10000000,38052832,102445196,10,2017,92445196,924.45196,tt3348730,Jigsaw,Mystery,5.8,57184
68,2016-01-22,The Boy,10000000,35819556,68220952,1,2016,58220952,582.20952,tt2443822,The Boy,Drama,5.4,4251
68,2016-01-22,The Boy,10000000,35819556,68220952,1,2016,58220952,582.20952,tt2443822,The Boy,Horror,5.4,4251
68,2016-01-22,The Boy,10000000,35819556,68220952,1,2016,58220952,582.20952,tt2443822,The Boy,Thriller,5.4,4251
68,2016-01-22,The Boy,10000000,35819556,68220952,1,2016,58220952,582.20952,tt3882082,The Boy,Horror,6.0,68957
68,2016-01-22,The Boy,10000000,35819556,68220952,1,2016,58220952,582.20952,tt3882082,The Boy,Mystery,6.0,68957
68,2016-01-22,The Boy,10000000,35819556,68220952,1,2016,58220952,582.20952,tt3882082,The Boy,Thriller,6.0,68957
70,2017-05-19,"Everything, Everything",10000000,34121140,61603136,5,2017,51603136,516.0313600000002,tt5001718,"Everything, Everything",Drama,6.4,26811
70,2017-05-19,"Everything, Everything",10000000,34121140,61603136,5,2017,51603136,516.0313600000002,tt5001718,"Everything, Everything",Romance,6.4,26811
71,2010-09-17,Devil,10000000,33679655,63354114,9,2010,53354114,533.54114,tt1314655,Devil,Horror,6.2,122080
71,2010-09-17,Devil,10000000,33679655,63354114,9,2010,53354114,533.54114,tt1314655,Devil,Mystery,6.2,122080
71,2010-09-17,Devil,10000000,33679655,63354114,9,2010,53354114,533.54114,tt1314655,Devil,Thriller,6.2,122080
73,2015-03-06,The Second Best Exotic Marigold Hotel,10000000,33078266,90384306,3,2015,80384306,803.8430599999999,tt2555736,The Second Best Exotic Marigold Hotel,Comedy,6.6,28931
73,2015-03-06,The Second Best Exotic Marigold Hotel,10000000,33078266,90384306,3,2015,80384306,803.8430599999999,tt2555736,The Second Best Exotic Marigold Hotel,Drama,6.6,28931
75,2017-04-28,How to Be a Latin Lover,10000000,32149404,62556228,4,2017,52556228,525.56228,tt4795124,How to Be a Latin Lover,Comedy,5.9,11747
75,2017-04-28,How to Be a Latin Lover,10000000,32149404,62556228,4,2017,52556228,525.56228,tt4795124,How to Be a Latin Lover,Drama,5.9,11747
80,2018-08-10,Slender Man,10000000,30564825,51723644,8,2018,41723644,417.23644,tt5690360,Slender Man,Horror,3.2,19650
80,2018-08-10,Slender Man,10000000,30564825,51723644,8,2018,41723644,417.23644,tt5690360,Slender Man,Mystery,3.2,19650
80,2018-08-10,Slender Man,10000000,30564825,51723644,8,2018,41723644,417.23644,tt5690360,Slender Man,Thriller,3.2,19650
80,2018-08-10,Slender Man,10000000,30564825,51723644,8,2018,41723644,417.23644,tt5897302,Slender Man,Adventure,5.9,32
80,2018-08-10,Slender Man,10000000,30564825,51723644,8,2018,41723644,417.23644,tt5897302,Slender Man,Comedy,5.9,32
80,2018-08-10,Slender Man,10000000,30564825,51723644,8,2018,41723644,417.23644,tt5897302,Slender Man,Horror,5.9,32
85,2016-09-09,When the Bough Breaks,10000000,29747603,30768449,9,2016,20768449,207.68448999999998,tt1389139,When the Bough Breaks,Crime,5.1,4729
85,2016-09-09,When the Bough Breaks,10000000,29747603,30768449,9,2016,20768449,207.68448999999998,tt1389139,When the Bough Breaks,Drama,5.1,4729
85,2016-09-09,When the Bough Breaks,10000000,29747603,30768449,9,2016,20768449,207.68448999999998,tt1389139,When the Bough Breaks,Horror,5.1,4729
85,2016-09-09,When the Bough Breaks,10000000,29747603,30768449,9,2016,20768449,207.68448999999998,tt6814096,When the Bough Breaks,,6.1,8
91,2015-08-21,Sinister 2,10000000,27740955,54104225,8,2015,44104225,441.04225,tt2752772,Sinister 2,Horror,5.3,41782
91,2015-08-21,Sinister 2,10000000,27740955,54104225,8,2015,44104225,441.04225,tt2752772,Sinister 2,Mystery,5.3,41782
91,2015-08-21,Sinister 2,10000000,27740955,54104225,8,2015,44104225,441.04225,tt2752772,Sinister 2,Thriller,5.3,41782
92,2016-01-08,The Forest,10000000,26594261,40749230,1,2016,30749230,307.4923,tt1488602,The Forest,Horror,3.5,135
92,2016-01-08,The Forest,10000000,26594261,40749230,1,2016,30749230,307.4923,tt1488602,The Forest,Thriller,3.5,135
92,2016-01-08,The Forest,10000000,26594261,40749230,1,2016,30749230,307.4923,tt3387542,The Forest,Horror,4.8,36423
92,2016-01-08,The Forest,10000000,26594261,40749230,1,2016,30749230,307.4923,tt3387542,The Forest,Mystery,4.8,36423
92,2016-01-08,The Forest,10000000,26594261,40749230,1,2016,30749230,307.4923,tt3387542,The Forest,Thriller,4.8,36423
92,2016-01-08,The Forest,10000000,26594261,40749230,1,2016,30749230,307.4923,tt3592218,The Forest,Documentary,7.1,19
92,2016-01-08,The Forest,10000000,26594261,40749230,1,2016,30749230,307.4923,tt3592218,The Forest,History,7.1,19
92,2016-01-08,The Forest,10000000,26594261,40749230,1,2016,30749230,307.4923,tt4982356,The Forest,Drama,6.5,222
92,2016-01-08,The Forest,10000000,26594261,40749230,1,2016,30749230,307.4923,tt4982356,The Forest,Fantasy,6.5,222
92,2016-01-08,The Forest,10000000,26594261,40749230,1,2016,30749230,307.4923,tt4982356,The Forest,Horror,6.5,222
96,2012-08-17,Sparkle,10000000,24397469,24660323,8,2012,14660323,146.60323,tt1876451,Sparkle,Drama,5.7,5643
96,2012-08-17,Sparkle,10000000,24397469,24660323,8,2012,14660323,146.60323,tt1876451,Sparkle,Music,5.7,5643
97,2016-10-14,Kevin Hart: What Now?,10000000,23591043,23591043,10,2016,13591043,135.91043,tt4669186,Kevin Hart: What Now?,Comedy,5.9,8134
97,2016-10-14,Kevin Hart: What Now?,10000000,23591043,23591043,10,2016,13591043,135.91043,tt4669186,Kevin Hart: What Now?,Documentary,5.9,8134
98,2013-04-26,Mud,10000000,21590086,31556959,4,2013,21556959,215.56958999999998,tt1935179,Mud,Drama,7.4,156786
98,2013-04-26,Mud,10000000,21590086,31556959,4,2013,21556959,215.56958999999998,tt2514592,Mud,Drama,6.5,41
99,2010-11-12,Skyline,10000000,21416355,68264973,11,2010,58264973,582.64973,tt1564585,Skyline,Action,4.4,83710
99,2010-11-12,Skyline,10000000,21416355,68264973,11,2010,58264973,582.64973,tt1564585,Skyline,Sci-Fi,4.4,83710
99,2010-11-12,Skyline,10000000,21416355,68264973,11,2010,58264973,582.64973,tt1564585,Skyline,Thriller,4.4,83710
100,2017-12-01,The Disaster Artist,10000000,21120616,28717667,12,2017,18717667,187.17667,tt3521126,The Disaster Artist,Biography,7.4,111737
100,2017-12-01,The Disaster Artist,10000000,21120616,28717667,12,2017,18717667,187.17667,tt3521126,The Disaster Artist,Comedy,7.4,111737
100,2017-12-01,The Disaster Artist,10000000,21120616,28717667,12,2017,18717667,187.17667,tt3521126,The Disaster Artist,Drama,7.4,111737
1,2016-09-16,Blair Witch,10000000,20777061,38985577,9,2016,28985577,289.85577,tt1540011,Blair Witch,Horror,5.0,36867
1,2016-09-16,Blair Witch,10000000,20777061,38985577,9,2016,28985577,289.85577,tt1540011,Blair Witch,Mystery,5.0,36867
1,2016-09-16,Blair Witch,10000000,20777061,38985577,9,2016,28985577,289.85577,tt1540011,Blair Witch,Thriller,5.0,36867
7,2015-10-23,Paranormal Activity: The Ghost Dimension,10000000,18297124,77959374,10,2015,67959374,679.59374,tt2473510,Paranormal Activity: The Ghost Dimension,Horror,4.6,22361
7,2015-10-23,Paranormal Activity: The Ghost Dimension,10000000,18297124,77959374,10,2015,67959374,679.59374,tt2473510,Paranormal Activity: The Ghost Dimension,Mystery,4.6,22361
7,2015-10-23,Paranormal Activity: The Ghost Dimension,10000000,18297124,77959374,10,2015,67959374,679.59374,tt2473510,Paranormal Activity: The Ghost Dimension,Thriller,4.6,22361
17,2016-10-07,The Birth of a Nation,10000000,15861566,16891011,10,2016,6891011,68.91011,tt4196450,The Birth of a Nation,Biography,6.4,18442
17,2016-10-07,The Birth of a Nation,10000000,15861566,16891011,10,2016,6891011,68.91011,tt4196450,The Birth of a Nation,Drama,6.4,18442
17,2016-10-07,The Birth of a Nation,10000000,15861566,16891011,10,2016,6891011,68.91011,tt4196450,The Birth of a Nation,History,6.4,18442
78,2015-02-08,The Birth of a Nation,110000,10000000,11000000,2,2015,10890000,9900.0,tt4196450,The Birth of a Nation,Biography,6.4,18442
78,2015-02-08,The Birth of a Nation,110000,10000000,11000000,2,2015,10890000,9900.0,tt4196450,The Birth of a Nation,Drama,6.4,18442
78,2015-02-08,The Birth of a Nation,110000,10000000,11000000,2,2015,10890000,9900.0,tt4196450,The Birth of a Nation,History,6.4,18442
22,2011-11-23,My Week with Marilyn,10000000,14597405,34240572,11,2011,24240572,242.40572000000003,tt1655420,My Week with Marilyn,Biography,7.0,79337
22,2011-11-23,My Week with Marilyn,10000000,14597405,34240572,11,2011,24240572,242.40572000000003,tt1655420,My Week with Marilyn,Drama,7.0,79337
23,2014-12-25,Big Eyes,10000000,14482031,27317872,12,2014,17317872,173.17872,tt1126590,Big Eyes,Biography,7.0,77447
23,2014-12-25,Big Eyes,10000000,14482031,27317872,12,2014,17317872,173.17872,tt1126590,Big Eyes,Crime,7.0,77447
23,2014-12-25,Big Eyes,10000000,14482031,27317872,12,2014,17317872,173.17872,tt1126590,Big Eyes,Drama,7.0,77447
23,2014-12-25,Big Eyes,10000000,14482031,27317872,12,2014,17317872,173.17872,tt4317898,Big Eyes,Documentary,7.2,43
34,2019-04-05,The Best of Enemies,10000000,10205616,10205616,4,2019,205616,2.05616,tt4807408,The Best of Enemies,Biography,6.8,1162
34,2019-04-05,The Best of Enemies,10000000,10205616,10205616,4,2019,205616,2.05616,tt4807408,The Best of Enemies,Drama,6.8,1162
34,2019-04-05,The Best of Enemies,10000000,10205616,10205616,4,2019,205616,2.05616,tt4807408,The Best of Enemies,History,6.8,1162
39,2013-01-25,Movie 43,10000000,8840453,31164747,1,2013,21164747,211.64747000000003,tt1333125,Movie 43,Comedy,4.3,92980
40,2018-10-19,Can You Ever Forgive Me?,10000000,8803865,11752387,10,2018,1752387,17.523870000000002,tt4595882,Can You Ever Forgive Me?,Biography,7.2,29473
40,2018-10-19,Can You Ever Forgive Me?,10000000,8803865,11752387,10,2018,1752387,17.523870000000002,tt4595882,Can You Ever Forgive Me?,Comedy,7.2,29473
40,2018-10-19,Can You Ever Forgive Me?,10000000,8803865,11752387,10,2018,1752387,17.523870000000002,tt4595882,Can You Ever Forgive Me?,Crime,7.2,29473
42,2010-05-21,MacGruber,10000000,8525600,8629895,5,2010,-1370105,-13.70105,tt1470023,MacGruber,Action,5.5,39782
42,2010-05-21,MacGruber,10000000,8525600,8629895,5,2010,-1370105,-13.70105,tt1470023,MacGruber,Comedy,5.5,39782
42,2010-05-21,MacGruber,10000000,8525600,8629895,5,2010,-1370105,-13.70105,tt1470023,MacGruber,Romance,5.5,39782
44,2014-03-14,Bad Words,10000000,7779614,7843145,3,2014,-2156855,-21.56855,tt2170299,Bad Words,Comedy,6.7,44061
44,2014-03-14,Bad Words,10000000,7779614,7843145,3,2014,-2156855,-21.56855,tt2170299,Bad Words,Drama,6.7,44061
45,2015-03-27,While We're Young,10000000,7582065,17503828,3,2015,7503828,75.03828,tt1791682,While We're Young,Comedy,6.3,41327
45,2015-03-27,While We're Young,10000000,7582065,17503828,3,2015,7503828,75.03828,tt1791682,While We're Young,Drama,6.3,41327
45,2015-03-27,While We're Young,10000000,7582065,17503828,3,2015,7503828,75.03828,tt1791682,While We're Young,Mystery,6.3,41327
48,2012-06-22,Seeking a Friend for the End of the World,10000000,7078738,11766959,6,2012,1766959,17.66959,tt1307068,Seeking a Friend for the End of the World,Adventure,6.7,102047
48,2012-06-22,Seeking a Friend for the End of the World,10000000,7078738,11766959,6,2012,1766959,17.66959,tt1307068,Seeking a Friend for the End of the World,Comedy,6.7,102047
48,2012-06-22,Seeking a Friend for the End of the World,10000000,7078738,11766959,6,2012,1766959,17.66959,tt1307068,Seeking a Friend for the End of the World,Drama,6.7,102047
50,2016-11-11,Shut In,10000000,6900335,11360665,11,2016,1360665,13.60665,tt2582500,Shut In,Drama,4.7,11030
50,2016-11-11,Shut In,10000000,6900335,11360665,11,2016,1360665,13.60665,tt2582500,Shut In,Mystery,4.7,11030
50,2016-11-11,Shut In,10000000,6900335,11360665,11,2016,1360665,13.60665,tt2582500,Shut In,Thriller,4.7,11030
51,2011-02-11,Cedar Rapids,10000000,6861102,7862131,2,2011,-2137869,-21.37869,tt1477837,Cedar Rapids,Comedy,6.3,34759
52,2012-11-30,The Collection,10000000,6810754,8890094,11,2012,-1109906,-11.09906,tt1748227,The Collection,Action,6.1,42256
52,2012-11-30,The Collection,10000000,6810754,8890094,11,2012,-1109906,-11.09906,tt1748227,The Collection,Horror,6.1,42256
52,2012-11-30,The Collection,10000000,6810754,8890094,11,2012,-1109906,-11.09906,tt1748227,The Collection,Thriller,6.1,42256
59,2015-03-20,Danny Collins,10000000,5637066,8465845,3,2015,-1534155,-15.341550000000002,tt1772288,Danny Collins,Biography,7.0,27435
59,2015-03-20,Danny Collins,10000000,5637066,8465845,3,2015,-1534155,-15.341550000000002,tt1772288,Danny Collins,Comedy,7.0,27435
59,2015-03-20,Danny Collins,10000000,5637066,8465845,3,2015,-1534155,-15.341550000000002,tt1772288,Danny Collins,Drama,7.0,27435
64,2018-06-15,Gotti,10000000,4286367,6089100,6,2018,-3910900,-39.109,tt1801552,Gotti,Biography,4.8,10358
64,2018-06-15,Gotti,10000000,4286367,6089100,6,2018,-3910900,-39.109,tt1801552,Gotti,Crime,4.8,10358
64,2018-06-15,Gotti,10000000,4286367,6089100,6,2018,-3910900,-39.109,tt1801552,Gotti,Drama,4.8,10358
65,2012-03-16,"Jeff, Who Lives at Home",10000000,4269426,4708127,3,2012,-5291873,-52.91873,tt1588334,"Jeff, Who Lives at Home",Comedy,6.5,60070
65,2012-03-16,"Jeff, Who Lives at Home",10000000,4269426,4708127,3,2012,-5291873,-52.91873,tt1588334,"Jeff, Who Lives at Home",Drama,6.5,60070
66,2016-09-30,Denial,10000000,4073448,9263940,9,2016,-736060,-7.360600000000002,tt4645330,Denial,Biography,6.7,16593
66,2016-09-30,Denial,10000000,4073448,9263940,9,2016,-736060,-7.360600000000002,tt4645330,Denial,Drama,6.7,16593
66,2016-09-30,Denial,10000000,4073448,9263940,9,2016,-736060,-7.360600000000002,tt5897002,Denial,Documentary,7.4,25
67,2016-04-29,The Man Who Knew Infinity,10000000,3877922,12382122,4,2016,2382122,23.82122,tt0787524,The Man Who Knew Infinity,Biography,7.2,43575
67,2016-04-29,The Man Who Knew Infinity,10000000,3877922,12382122,4,2016,2382122,23.82122,tt0787524,The Man Who Knew Infinity,Drama,7.2,43575
68,2016-10-14,Max Steel,10000000,3818664,4563080,10,2016,-5436920,-54.36919999999999,tt1472584,Max Steel,Action,4.6,16788
68,2016-10-14,Max Steel,10000000,3818664,4563080,10,2016,-5436920,-54.36919999999999,tt1472584,Max Steel,Adventure,4.6,16788
68,2016-10-14,Max Steel,10000000,3818664,4563080,10,2016,-5436920,-54.36919999999999,tt1472584,Max Steel,Family,4.6,16788
74,2014-11-14,Rosewater,10000000,3128941,3185717,11,2014,-6814283,-68.14283,tt2752688,Rosewater,Biography,6.6,9836
74,2014-11-14,Rosewater,10000000,3128941,3185717,11,2014,-6814283,-68.14283,tt2752688,Rosewater,Drama,6.6,9836
78,2011-09-09,Bucky Larson: Born to Be a Star,10000000,2529395,2529395,9,2011,-7470605,-74.70605,tt1411664,Bucky Larson: Born to Be a Star,Comedy,3.3,10648
81,2013-05-03,The Iceman,10000000,1930282,3623609,5,2013,-6376391,-63.763909999999996,tt1491044,The Iceman,Biography,6.9,65571
81,2013-05-03,The Iceman,10000000,1930282,3623609,5,2013,-6376391,-63.763909999999996,tt1491044,The Iceman,Crime,6.9,65571
81,2013-05-03,The Iceman,10000000,1930282,3623609,5,2013,-6376391,-63.763909999999996,tt1491044,The Iceman,Drama,6.9,65571
82,2015-06-05,Testament of Youth,10000000,1822250,6646669,6,2015,-3353331,-33.53331,tt1441953,Testament of Youth,Biography,7.3,23632
82,2015-06-05,Testament of Youth,10000000,1822250,6646669,6,2015,-3353331,-33.53331,tt1441953,Testament of Youth,Drama,7.3,23632
82,2015-06-05,Testament of Youth,10000000,1822250,6646669,6,2015,-3353331,-33.53331,tt1441953,Testament of Youth,History,7.3,23632
83,2017-04-21,Free Fire,10000000,1799322,3793739,4,2017,-6206261,-62.06260999999999,tt4158096,Free Fire,Action,6.4,35954
83,2017-04-21,Free Fire,10000000,1799322,3793739,4,2017,-6206261,-62.06260999999999,tt4158096,Free Fire,Comedy,6.4,35954
83,2017-04-21,Free Fire,10000000,1799322,3793739,4,2017,-6206261,-62.06260999999999,tt4158096,Free Fire,Crime,6.4,35954
84,2011-06-24,A Better Life,10000000,1759252,1884251,6,2011,-8115749,-81.15749,tt1554091,A Better Life,Drama,7.2,14602
84,2011-06-24,A Better Life,10000000,1759252,1884251,6,2011,-8115749,-81.15749,tt1554091,A Better Life,Romance,7.2,14602
84,2011-06-24,A Better Life,10000000,1759252,1884251,6,2011,-8115749,-81.15749,tt2027265,A Better Life,Drama,6.6,1519
88,2010-04-16,The Joneses,10000000,1475746,3541565,4,2010,-6458435,-64.58435,tt1152830,The Joneses,Comedy,6.9,87
88,2010-04-16,The Joneses,10000000,1475746,3541565,4,2010,-6458435,-64.58435,tt1152830,The Joneses,Drama,6.9,87
88,2010-04-16,The Joneses,10000000,1475746,3541565,4,2010,-6458435,-64.58435,tt4360484,The Joneses,Biography,5.9,15
88,2010-04-16,The Joneses,10000000,1475746,3541565,4,2010,-6458435,-64.58435,tt4360484,The Joneses,Documentary,5.9,15
90,2012-07-27,Killer Joe,10000000,1291645,4659110,7,2012,-5340890,-53.4089,tt1726669,Killer Joe,Crime,6.7,67842
90,2012-07-27,Killer Joe,10000000,1291645,4659110,7,2012,-5340890,-53.4089,tt1726669,Killer Joe,Drama,6.7,67842
90,2012-07-27,Killer Joe,10000000,1291645,4659110,7,2012,-5340890,-53.4089,tt1726669,Killer Joe,Thriller,6.7,67842
91,2017-06-02,Churchill,10000000,1279681,7582196,6,2017,-2417804,-24.17804,tt2674454,Churchill,Biography,6.3,12047
91,2017-06-02,Churchill,10000000,1279681,7582196,6,2017,-2417804,-24.17804,tt2674454,Churchill,Drama,6.3,12047
91,2017-06-02,Churchill,10000000,1279681,7582196,6,2017,-2417804,-24.17804,tt2674454,Churchill,History,6.3,12047
93,2014-03-21,50 to 1,10000000,1069454,1069454,3,2014,-8930546,-89.30546,tt1777595,50 to 1,Drama,6.6,1739
99,2012-01-20,Coriolanus,10000000,749641,2179623,1,2012,-7820377,-78.20376999999998,tt1372686,Coriolanus,Drama,6.1,29654
99,2012-01-20,Coriolanus,10000000,749641,2179623,1,2012,-7820377,-78.20376999999998,tt1372686,Coriolanus,Thriller,6.1,29654
99,2012-01-20,Coriolanus,10000000,749641,2179623,1,2012,-7820377,-78.20376999999998,tt1372686,Coriolanus,War,6.1,29654
99,2012-01-20,Coriolanus,10000000,749641,2179623,1,2012,-7820377,-78.20376999999998,tt3313066,Coriolanus,Drama,8.7,1347
99,2012-01-20,Coriolanus,10000000,749641,2179623,1,2012,-7820377,-78.20376999999998,tt3313066,Coriolanus,History,8.7,1347
99,2012-01-20,Coriolanus,10000000,749641,2179623,1,2012,-7820377,-78.20376999999998,tt3313066,Coriolanus,War,8.7,1347
100,2013-10-04,Parkland,10000000,641439,1616353,10,2013,-8383647,-83.83646999999998,tt2345112,Parkland,Drama,6.4,14036
100,2013-10-04,Parkland,10000000,641439,1616353,10,2013,-8383647,-83.83646999999998,tt2345112,Parkland,History,6.4,14036
100,2013-10-04,Parkland,10000000,641439,1616353,10,2013,-8383647,-83.83646999999998,tt2345112,Parkland,Mystery,6.4,14036
11,2013-05-03,"Cinco de Mayo, La Batalla",10000000,173472,173472,5,2013,-9826528,-98.26528,tt2553908,"Cinco de Mayo, La Batalla",Drama,6.2,799
11,2013-05-03,"Cinco de Mayo, La Batalla",10000000,173472,173472,5,2013,-9826528,-98.26528,tt2553908,"Cinco de Mayo, La Batalla",History,6.2,799
11,2013-05-03,"Cinco de Mayo, La Batalla",10000000,173472,173472,5,2013,-9826528,-98.26528,tt2553908,"Cinco de Mayo, La Batalla",War,6.2,799
12,2010-10-29,Welcome to the Rileys,10000000,152857,355919,10,2010,-9644081,-96.44081,tt1183923,Welcome to the Rileys,Drama,7.0,22210
13,2016-09-09,Kicks,10000000,150191,150191,9,2016,-9849809,-98.49809,tt4254584,Kicks,Adventure,6.3,3789
13,2016-09-09,Kicks,10000000,150191,150191,9,2016,-9849809,-98.49809,tt4254584,Kicks,Drama,6.3,3789
15,2012-06-01,High School,10000000,139034,248133,6,2012,-9751867,-97.51867,tt1247667,High School,Comedy,5.8,7060
20,2010-02-19,Blood Done Sign My Name,10000000,109383,109383,2,2010,-9890617,-98.90616999999999,tt1210039,Blood Done Sign My Name,Drama,6.6,494
24,2014-11-07,Elsa & Fred,10000000,67657,197901,11,2014,-9802099,-98.02099,tt2113659,Elsa & Fred,Comedy,6.5,2711
24,2014-11-07,Elsa & Fred,10000000,67657,197901,11,2014,-9802099,-98.02099,tt2113659,Elsa & Fred,Drama,6.5,2711
24,2014-11-07,Elsa & Fred,10000000,67657,197901,11,2014,-9802099,-98.02099,tt2113659,Elsa & Fred,Romance,6.5,2711
27,2015-07-10,Strangerland,10000000,17472,161097,7,2015,-9838903,-98.38903,tt2325977,Strangerland,Drama,5.2,7999
27,2015-07-10,Strangerland,10000000,17472,161097,7,2015,-9838903,-98.38903,tt2325977,Strangerland,Mystery,5.2,7999
27,2015-07-10,Strangerland,10000000,17472,161097,7,2015,-9838903,-98.38903,tt2325977,Strangerland,Thriller,5.2,7999
32,2014-12-26,Barbecue,10000000,388,247565,12,2014,-9752435,-97.52435,tt3202120,Barbecue,Comedy,6.1,2301
32,2014-12-26,Barbecue,10000000,388,247565,12,2014,-9752435,-97.52435,tt6090268,Barbecue,Documentary,6.5,356
33,2010-12-31,The Reef,10000000,0,15037867,12,2010,5037867,50.37867,tt1320291,The Reef,Adventure,5.8,15194
33,2010-12-31,The Reef,10000000,0,15037867,12,2010,5037867,50.37867,tt1320291,The Reef,Drama,5.8,15194
33,2010-12-31,The Reef,10000000,0,15037867,12,2010,5037867,50.37867,tt1320291,The Reef,Horror,5.8,15194
35,2015-07-21,American Heist,10000000,0,2341218,7,2015,-7658782,-76.58782,tt2923316,American Heist,Action,5.1,15547
35,2015-07-21,American Heist,10000000,0,2341218,7,2015,-7658782,-76.58782,tt2923316,American Heist,Crime,5.1,15547
35,2015-07-21,American Heist,10000000,0,2341218,7,2015,-7658782,-76.58782,tt2923316,American Heist,Drama,5.1,15547
36,2010-10-08,It's a Wonderful Afterlife,10000000,0,1642939,10,2010,-8357061,-83.57061,tt1319716,It's a Wonderful Afterlife,Comedy,5.4,1361
36,2010-10-08,It's a Wonderful Afterlife,10000000,0,1642939,10,2010,-8357061,-83.57061,tt1319716,It's a Wonderful Afterlife,Drama,5.4,1361
36,2010-10-08,It's a Wonderful Afterlife,10000000,0,1642939,10,2010,-8357061,-83.57061,tt1319716,It's a Wonderful Afterlife,Fantasy,5.4,1361
39,2014-09-26,Plastic,10000000,0,575371,9,2014,-9424629,-94.24629,tt1691450,Plastic,Horror,6.2,91
39,2014-09-26,Plastic,10000000,0,575371,9,2014,-9424629,-94.24629,tt2554700,Plastic,Thriller,2.5,54
39,2014-09-26,Plastic,10000000,0,575371,9,2014,-9424629,-94.24629,tt2556874,Plastic,Action,6.0,7234
39,2014-09-26,Plastic,10000000,0,575371,9,2014,-9424629,-94.24629,tt2556874,Plastic,Comedy,6.0,7234
39,2014-09-26,Plastic,10000000,0,575371,9,2014,-9424629,-94.24629,tt2556874,Plastic,Crime,6.0,7234
40,2015-03-10,Jungle Shuffle,10000000,0,360898,3,2015,-9639102,-96.39102,tt2722786,Jungle Shuffle,Adventure,4.8,223
40,2015-03-10,Jungle Shuffle,10000000,0,360898,3,2015,-9639102,-96.39102,tt2722786,Jungle Shuffle,Animation,4.8,223
45,2012-04-13,Detention,10000000,0,0,4,2012,-10000000,-100.0,tt0990363,Detention,Horror,3.0,889
45,2012-04-13,Detention,10000000,0,0,4,2012,-10000000,-100.0,tt0990363,Detention,Thriller,3.0,889
45,2012-04-13,Detention,10000000,0,0,4,2012,-10000000,-100.0,tt1701990,Detention,Comedy,5.8,14221
45,2012-04-13,Detention,10000000,0,0,4,2012,-10000000,-100.0,tt1701990,Detention,Horror,5.8,14221
45,2012-04-13,Detention,10000000,0,0,4,2012,-10000000,-100.0,tt1701990,Detention,Mystery,5.8,14221
46,2014-02-07,Nurse 3D,10000000,0,0,2,2014,-10000000,-100.0,tt1913166,Nurse 3D,Horror,4.6,8768
46,2014-02-07,Nurse 3D,10000000,0,0,2,2014,-10000000,-100.0,tt1913166,Nurse 3D,Thriller,4.6,8768
47,2015-05-19,Into the Grizzly Maze,10000000,0,0,5,2015,-10000000,-100.0,tt1694021,Into the Grizzly Maze,Action,5.3,7006
47,2015-05-19,Into the Grizzly Maze,10000000,0,0,5,2015,-10000000,-100.0,tt1694021,Into the Grizzly Maze,Adventure,5.3,7006
47,2015-05-19,Into the Grizzly Maze,10000000,0,0,5,2015,-10000000,-100.0,tt1694021,Into the Grizzly Maze,Drama,5.3,7006
48,2017-09-22,Friend Request,9900000,3759078,11310835,9,2017,1410835,14.250858585858586,tt2277308,Friend Request,Thriller,4.0,116
48,2017-09-22,Friend Request,9900000,3759078,11310835,9,2017,1410835,14.250858585858586,tt3352390,Friend Request,Horror,5.3,21704
48,2017-09-22,Friend Request,9900000,3759078,11310835,9,2017,1410835,14.250858585858586,tt3352390,Friend Request,Thriller,5.3,21704
48,2017-09-22,Friend Request,9900000,3759078,11310835,9,2017,1410835,14.250858585858586,tt4859526,Friend Request,Horror,4.9,14
49,2010-04-30,Gunless,9900000,458054,458054,4,2010,-9441946,-95.37319191919191,tt1376195,Gunless,Action,6.5,3376
49,2010-04-30,Gunless,9900000,458054,458054,4,2010,-9441946,-95.37319191919191,tt1376195,Gunless,Comedy,6.5,3376
49,2010-04-30,Gunless,9900000,458054,458054,4,2010,-9441946,-95.37319191919191,tt1376195,Gunless,Drama,6.5,3376
51,2012-12-19,Amour,9700000,6738954,36787044,12,2012,27087044,279.24787628865977,tt1602620,Amour,Drama,7.9,84960
51,2012-12-19,Amour,9700000,6738954,36787044,12,2012,27087044,279.24787628865977,tt1602620,Amour,Romance,7.9,84960
56,2016-12-21,Dangal,9500000,12391761,294654618,12,2016,285154618,3001.627557894737,tt5074352,Dangal,Action,8.5,123638
56,2016-12-21,Dangal,9500000,12391761,294654618,12,2016,285154618,3001.627557894737,tt5074352,Dangal,Biography,8.5,123638
56,2016-12-21,Dangal,9500000,12391761,294654618,12,2016,285154618,3001.627557894737,tt5074352,Dangal,Drama,8.5,123638
56,2016-12-21,Dangal,9500000,12391761,294654618,12,2016,285154618,3001.627557894737,tt5911540,Dangal,Action,4.1,20
57,2010-03-19,The Runaways,9500000,3573673,5278632,3,2010,-4221368,-44.435452631578954,tt1017451,The Runaways,Biography,6.6,43792
57,2010-03-19,The Runaways,9500000,3573673,5278632,3,2010,-4221368,-44.435452631578954,tt1017451,The Runaways,Drama,6.6,43792
57,2010-03-19,The Runaways,9500000,3573673,5278632,3,2010,-4221368,-44.435452631578954,tt1017451,The Runaways,Music,6.6,43792
57,2010-03-19,The Runaways,9500000,3573673,5278632,3,2010,-4221368,-44.435452631578954,tt6168914,The Runaways,Adventure,9.2,47
59,2013-12-31,Re-Kill,9500000,0,0,12,2013,-9500000,-100.0,tt1612319,Re-Kill,Action,5.0,2328
59,2013-12-31,Re-Kill,9500000,0,0,12,2013,-9500000,-100.0,tt1612319,Re-Kill,Horror,5.0,2328
62,2011-11-11,Melancholia,9400000,3030848,21817298,11,2011,12417298,132.09891489361704,tt1527186,Melancholia,Drama,7.2,153434
62,2011-11-11,Melancholia,9400000,3030848,21817298,11,2011,12417298,132.09891489361704,tt1527186,Melancholia,Sci-Fi,7.2,153434
62,2011-11-11,Melancholia,9400000,3030848,21817298,11,2011,12417298,132.09891489361704,tt5797456,Melancholia,Drama,3.3,26
62,2011-11-11,Melancholia,9400000,3030848,21817298,11,2011,12417298,132.09891489361704,tt5797456,Melancholia,Mystery,3.3,26
62,2011-11-11,Melancholia,9400000,3030848,21817298,11,2011,12417298,132.09891489361704,tt5797456,Melancholia,Romance,3.3,26
64,2012-11-13,Jab Tak Hai Jaan,9200000,3047539,5806666,11,2012,-3393334,-36.884065217391296,tt2176013,Jab Tak Hai Jaan,Drama,6.8,48364
64,2012-11-13,Jab Tak Hai Jaan,9200000,3047539,5806666,11,2012,-3393334,-36.884065217391296,tt2176013,Jab Tak Hai Jaan,Romance,6.8,48364
66,2010-05-21,Kites,9200000,1685269,17155193,5,2010,7955193,86.46948913043478,tt1198101,Kites,Action,6.1,11353
66,2010-05-21,Kites,9200000,1685269,17155193,5,2010,7955193,86.46948913043478,tt1198101,Kites,Drama,6.1,11353
66,2010-05-21,Kites,9200000,1685269,17155193,5,2010,7955193,86.46948913043478,tt1198101,Kites,Romance,6.1,11353
67,2011-12-31,Red Dog,9100000,0,20927794,12,2011,11827794,129.97575824175826,tt0803061,Red Dog,Biography,7.4,15357
67,2011-12-31,Red Dog,9100000,0,20927794,12,2011,11827794,129.97575824175826,tt0803061,Red Dog,Comedy,7.4,15357
67,2011-12-31,Red Dog,9100000,0,20927794,12,2011,11827794,129.97575824175826,tt0803061,Red Dog,Drama,7.4,15357
67,2011-12-31,Red Dog,9100000,0,20927794,12,2011,11827794,129.97575824175826,tt4706780,Red Dog,Action,7.2,25
67,2011-12-31,Red Dog,9100000,0,20927794,12,2011,11827794,129.97575824175826,tt4706780,Red Dog,Drama,7.2,25
67,2011-12-31,Red Dog,9100000,0,20927794,12,2011,11827794,129.97575824175826,tt4706780,Red Dog,History,7.2,25
71,2014-07-18,The Purge: Anarchy,9000000,71562550,111534881,7,2014,102534881,1139.2764555555557,tt2975578,The Purge: Anarchy,Action,6.5,126203
71,2014-07-18,The Purge: Anarchy,9000000,71562550,111534881,7,2014,102534881,1139.2764555555557,tt2975578,The Purge: Anarchy,Horror,6.5,126203
71,2014-07-18,The Purge: Anarchy,9000000,71562550,111534881,7,2014,102534881,1139.2764555555557,tt2975578,The Purge: Anarchy,Sci-Fi,6.5,126203
75,2016-10-21,Ouija: Origin of Evil,9000000,35144505,81831866,10,2016,72831866,809.2429555555557,tt4361050,Ouija: Origin of Evil,Drama,6.1,47099
75,2016-10-21,Ouija: Origin of Evil,9000000,35144505,81831866,10,2016,72831866,809.2429555555557,tt4361050,Ouija: Origin of Evil,Horror,6.1,47099
75,2016-10-21,Ouija: Origin of Evil,9000000,35144505,81831866,10,2016,72831866,809.2429555555557,tt4361050,Ouija: Origin of Evil,Mystery,6.1,47099
78,2019-02-13,Happy Death Day 2U,9000000,28051045,64179495,2,2019,55179495,613.1055,tt8155288,Happy Death Day 2U,Drama,6.3,27462
78,2019-02-13,Happy Death Day 2U,9000000,28051045,64179495,2,2019,55179495,613.1055,tt8155288,Happy Death Day 2U,Horror,6.3,27462
78,2019-02-13,Happy Death Day 2U,9000000,28051045,64179495,2,2019,55179495,613.1055,tt8155288,Happy Death Day 2U,Mystery,6.3,27462
80,2015-01-30,Black or White,9000000,21571189,21971021,1,2015,12971021,144.1224555555556,tt2883434,Black or White,Drama,6.6,10659
86,2016-11-18,The Edge of Seventeen,9000000,14431633,19096003,11,2016,10096003,112.17781111111113,tt1878870,The Edge of Seventeen,Comedy,7.3,87602
86,2016-11-18,The Edge of Seventeen,9000000,14431633,19096003,11,2016,10096003,112.17781111111113,tt1878870,The Edge of Seventeen,Drama,7.3,87602
87,2016-12-02,Jackie,9000000,13960394,36588512,12,2016,27588512,306.53902222222223,tt1619029,Jackie,Biography,6.7,66008
87,2016-12-02,Jackie,9000000,13960394,36588512,12,2016,27588512,306.53902222222223,tt1619029,Jackie,Drama,6.7,66008
87,2016-12-02,Jackie,9000000,13960394,36588512,12,2016,27588512,306.53902222222223,tt1619029,Jackie,History,6.7,66008
87,2016-12-02,Jackie,9000000,13960394,36588512,12,2016,27588512,306.53902222222223,tt1757772,Jackie,Action,7.1,1338
87,2016-12-02,Jackie,9000000,13960394,36588512,12,2016,27588512,306.53902222222223,tt2108546,Jackie,Comedy,6.8,1952
87,2016-12-02,Jackie,9000000,13960394,36588512,12,2016,27588512,306.53902222222223,tt2108546,Jackie,Drama,6.8,1952
90,2011-08-12,Glee: The 3D Concert Movie,9000000,11862398,17462398,8,2011,8462398,94.02664444444444,tt1922612,Glee: The 3D Concert Movie,Documentary,5.4,5449
90,2011-08-12,Glee: The 3D Concert Movie,9000000,11862398,17462398,8,2011,8462398,94.02664444444444,tt1922612,Glee: The 3D Concert Movie,Music,5.4,5449
92,2016-11-04,Loving,9000000,7710234,12898064,11,2016,3898064,43.311822222222226,tt2495212,Loving,Drama,7.1,257
92,2016-11-04,Loving,9000000,7710234,12898064,11,2016,3898064,43.311822222222226,tt2495212,Loving,Romance,7.1,257
92,2016-11-04,Loving,9000000,7710234,12898064,11,2016,3898064,43.311822222222226,tt4669986,Loving,Biography,7.0,28079
92,2016-11-04,Loving,9000000,7710234,12898064,11,2016,3898064,43.311822222222226,tt4669986,Loving,Drama,7.0,28079
92,2016-11-04,Loving,9000000,7710234,12898064,11,2016,3898064,43.311822222222226,tt4669986,Loving,Romance,7.0,28079
92,2016-11-04,Loving,9000000,7710234,12898064,11,2016,3898064,43.311822222222226,tt5479616,Loving,Drama,5.3,2530
92,2016-11-04,Loving,9000000,7710234,12898064,11,2016,3898064,43.311822222222226,tt5479616,Loving,Romance,5.3,2530
3,2013-03-22,The Sapphires,9000000,2450867,20395040,3,2013,11395040,126.61155555555555,tt1673697,The Sapphires,Biography,7.0,12143
3,2013-03-22,The Sapphires,9000000,2450867,20395040,3,2013,11395040,126.61155555555555,tt1673697,The Sapphires,Comedy,7.0,12143
3,2013-03-22,The Sapphires,9000000,2450867,20395040,3,2013,11395040,126.61155555555555,tt1673697,The Sapphires,Drama,7.0,12143
4,2016-08-26,Greater,9000000,2000093,2000093,8,2016,-6999907,-77.77674444444446,tt2950418,Greater,Biography,7.2,3438
4,2016-08-26,Greater,9000000,2000093,2000093,8,2016,-6999907,-77.77674444444446,tt2950418,Greater,Family,7.2,3438
4,2016-08-26,Greater,9000000,2000093,2000093,8,2016,-6999907,-77.77674444444446,tt2950418,Greater,Sport,7.2,3438
5,2018-12-25,Destroyer,9000000,1533324,3681096,12,2018,-5318904,-59.09893333333334,tt7137380,Destroyer,Action,6.2,13683
5,2018-12-25,Destroyer,9000000,1533324,3681096,12,2018,-5318904,-59.09893333333334,tt7137380,Destroyer,Crime,6.2,13683
5,2018-12-25,Destroyer,9000000,1533324,3681096,12,2018,-5318904,-59.09893333333334,tt7137380,Destroyer,Drama,6.2,13683
12,2016-05-06,Dheepan,9000000,248795,7704357,5,2016,-1295643,-14.396033333333332,tt4082068,Dheepan,Crime,7.2,12312
12,2016-05-06,Dheepan,9000000,248795,7704357,5,2016,-1295643,-14.396033333333332,tt4082068,Dheepan,Drama,7.2,12312
19,2015-05-08,Skin Trade,9000000,1242,1242,5,2015,-8998758,-99.9862,tt1576702,Skin Trade,Documentary,8.8,31
19,2015-05-08,Skin Trade,9000000,1242,1242,5,2015,-8998758,-99.9862,tt1641841,Skin Trade,Action,5.7,6942
19,2015-05-08,Skin Trade,9000000,1242,1242,5,2015,-8998758,-99.9862,tt1641841,Skin Trade,Crime,5.7,6942
19,2015-05-08,Skin Trade,9000000,1242,1242,5,2015,-8998758,-99.9862,tt1641841,Skin Trade,Thriller,5.7,6942
20,2014-06-17,Beneath Hill 60,9000000,0,3440939,6,2014,-5559061,-61.767344444444454,tt1418646,Beneath Hill 60,Drama,7.1,6903
20,2014-06-17,Beneath Hill 60,9000000,0,3440939,6,2014,-5559061,-61.767344444444454,tt1418646,Beneath Hill 60,History,7.1,6903
20,2014-06-17,Beneath Hill 60,9000000,0,3440939,6,2014,-5559061,-61.767344444444454,tt1418646,Beneath Hill 60,War,7.1,6903
24,2012-05-18,Polisse,8900000,176988,22744132,5,2012,13844132,155.55204494382022,tt1661420,Polisse,Crime,7.3,12506
24,2012-05-18,Polisse,8900000,176988,22744132,5,2012,13844132,155.55204494382022,tt1661420,Polisse,Drama,7.3,12506
25,2015-11-13,Heist,8900000,50136,3324131,11,2015,-5575869,-62.65021348314607,tt3276924,Heist,Action,6.1,24740
25,2015-11-13,Heist,8900000,50136,3324131,11,2015,-5575869,-62.65021348314607,tt3276924,Heist,Crime,6.1,24740
25,2015-11-13,Heist,8900000,50136,3324131,11,2015,-5575869,-62.65021348314607,tt3276924,Heist,Thriller,6.1,24740
25,2015-11-13,Heist,8900000,50136,3324131,11,2015,-5575869,-62.65021348314607,tt5112932,Heist,Action,6.4,5
30,2016-11-18,Manchester by the Sea,8500000,47695371,77733867,11,2016,69233867,814.5160823529413,tt4034228,Manchester by the Sea,Drama,7.8,214557
34,2014-10-31,Nightcrawler,8500000,32381218,50334418,10,2014,41834418,492.16962352941175,tt2872718,Nightcrawler,Crime,7.9,404476
34,2014-10-31,Nightcrawler,8500000,32381218,50334418,10,2014,41834418,492.16962352941175,tt2872718,Nightcrawler,Drama,7.9,404476
34,2014-10-31,Nightcrawler,8500000,32381218,50334418,10,2014,41834418,492.16962352941175,tt2872718,Nightcrawler,Thriller,7.9,404476
36,2019-01-16,Dragon Ball Super: Broly,8500000,30376755,122747755,1,2019,114247755,1344.0912352941175,tt7961060,Dragon Ball Super: Broly,Action,8.0,16465
36,2019-01-16,Dragon Ball Super: Broly,8500000,30376755,122747755,1,2019,114247755,1344.0912352941175,tt7961060,Dragon Ball Super: Broly,Adventure,8.0,16465
36,2019-01-16,Dragon Ball Super: Broly,8500000,30376755,122747755,1,2019,114247755,1344.0912352941175,tt7961060,Dragon Ball Super: Broly,Animation,8.0,16465
38,2013-09-27,Baggage Claim,8500000,21569509,22885836,9,2013,14385836,169.24512941176468,tt1171222,Baggage Claim,Comedy,5.1,8296
39,2016-10-07,Middle School: The Worst Years of My Life,8500000,20007149,23311293,10,2016,14811293,174.25050588235294,tt4981636,Middle School: The Worst Years of My Life,Comedy,6.1,6413
39,2016-10-07,Middle School: The Worst Years of My Life,8500000,20007149,23311293,10,2016,14811293,174.25050588235294,tt4981636,Middle School: The Worst Years of My Life,Family,6.1,6413
47,2014-06-13,The Rover,8500000,1109199,3180252,6,2014,-5319748,-62.58527058823529,tt2345737,The Rover,Action,6.4,40576
47,2014-06-13,The Rover,8500000,1109199,3180252,6,2014,-5319748,-62.58527058823529,tt2345737,The Rover,Crime,6.4,40576
47,2014-06-13,The Rover,8500000,1109199,3180252,6,2014,-5319748,-62.58527058823529,tt2345737,The Rover,Drama,6.4,40576
50,2017-12-31,Posledniy bogatyr,8500000,0,30700192,12,2017,22200192,261.17872941176466,tt6175394,Posledniy bogatyr,Action,6.6,1853
50,2017-12-31,Posledniy bogatyr,8500000,0,30700192,12,2017,22200192,261.17872941176466,tt6175394,Posledniy bogatyr,Adventure,6.6,1853
50,2017-12-31,Posledniy bogatyr,8500000,0,30700192,12,2017,22200192,261.17872941176466,tt6175394,Posledniy bogatyr,Comedy,6.6,1853
51,2016-11-01,A.C.O.R.N.S.: Operation Crackdown,8500000,0,1353287,11,2016,-7146713,-84.07897647058823,tt2097333,A.C.O.R.N.S.: Operation Crackdown,Animation,3.9,312
51,2016-11-01,A.C.O.R.N.S.: Operation Crackdown,8500000,0,1353287,11,2016,-7146713,-84.07897647058823,tt2097333,A.C.O.R.N.S.: Operation Crackdown,Comedy,3.9,312
51,2016-11-01,A.C.O.R.N.S.: Operation Crackdown,8500000,0,1353287,11,2016,-7146713,-84.07897647058823,tt2097333,A.C.O.R.N.S.: Operation Crackdown,Family,3.9,312
54,2013-05-31,Yeh Jawaani Hai Deewani,8300000,3827466,50827466,5,2013,42527466,512.3791084337349,tt2178470,Yeh Jawaani Hai Deewani,Comedy,7.1,33971
54,2013-05-31,Yeh Jawaani Hai Deewani,8300000,3827466,50827466,5,2013,42527466,512.3791084337349,tt2178470,Yeh Jawaani Hai Deewani,Drama,7.1,33971
54,2013-05-31,Yeh Jawaani Hai Deewani,8300000,3827466,50827466,5,2013,42527466,512.3791084337349,tt2178470,Yeh Jawaani Hai Deewani,Musical,7.1,33971
67,2010-09-17,Easy A,8000000,58401464,76200721,9,2010,68200721,852.5090125,tt1282140,Easy A,Comedy,7.1,330125
67,2010-09-17,Easy A,8000000,58401464,76200721,9,2010,68200721,852.5090125,tt1282140,Easy A,Drama,7.1,330125
67,2010-09-17,Easy A,8000000,58401464,76200721,9,2010,68200721,852.5090125,tt1282140,Easy A,Romance,7.1,330125
72,2019-05-03,The Intruder,8000000,35095904,36005871,5,2019,28005871,350.0733875,tt1773741,The Intruder,Horror,4.3,136
72,2019-05-03,The Intruder,8000000,35095904,36005871,5,2019,28005871,350.0733875,tt6722030,The Intruder,Drama,5.5,1912
72,2019-05-03,The Intruder,8000000,35095904,36005871,5,2019,28005871,350.0733875,tt6722030,The Intruder,Horror,5.5,1912
72,2019-05-03,The Intruder,8000000,35095904,36005871,5,2019,28005871,350.0733875,tt6722030,The Intruder,Mystery,5.5,1912
73,2011-09-30,50/50,8000000,35016118,41334735,9,2011,33334735,416.6841875,tt1306980,50/50,Comedy,7.7,300475
73,2011-09-30,50/50,8000000,35016118,41334735,9,2011,33334735,416.6841875,tt1306980,50/50,Drama,7.7,300475
73,2011-09-30,50/50,8000000,35016118,41334735,9,2011,33334735,416.6841875,tt1306980,50/50,Romance,7.7,300475
73,2011-09-30,50/50,8000000,35016118,41334735,9,2011,33334735,416.6841875,tt1734060,50/50,Documentary,7.5,11
75,2015-09-02,A Walk in the Woods,8000000,29499394,37119358,9,2015,29119358,363.991975,tt1178665,A Walk in the Woods,Adventure,6.3,22033
75,2015-09-02,A Walk in the Woods,8000000,29499394,37119358,9,2015,29119358,363.991975,tt1178665,A Walk in the Woods,Biography,6.3,22033
75,2015-09-02,A Walk in the Woods,8000000,29499394,37119358,9,2015,29119358,363.991975,tt1178665,A Walk in the Woods,Comedy,6.3,22033
78,2014-01-31,That Awkward Moment,8000000,26068955,53068955,1,2014,45068955,563.3619375000002,tt1800246,That Awkward Moment,Comedy,6.2,92148
78,2014-01-31,That Awkward Moment,8000000,26068955,53068955,1,2014,45068955,563.3619375000002,tt1800246,That Awkward Moment,Romance,6.2,92148
88,2013-09-18,Enough Said,8000000,17550872,25621449,9,2013,17621449,220.2681125,tt2390361,Enough Said,Comedy,7.0,55698
88,2013-09-18,Enough Said,8000000,17550872,25621449,9,2013,17621449,220.2681125,tt2390361,Enough Said,Drama,7.0,55698
88,2013-09-18,Enough Said,8000000,17550872,25621449,9,2013,17621449,220.2681125,tt2390361,Enough Said,Romance,7.0,55698
91,2014-06-27,Begin Again,8000000,16170632,68838736,6,2014,60838736,760.4842,tt1945037,Begin Again,Drama,7.0,57
91,2014-06-27,Begin Again,8000000,16170632,68838736,6,2014,60838736,760.4842,tt1945037,Begin Again,Family,7.0,57
91,2014-06-27,Begin Again,8000000,16170632,68838736,6,2014,60838736,760.4842,tt1980929,Begin Again,Comedy,7.4,129884
91,2014-06-27,Begin Again,8000000,16170632,68838736,6,2014,60838736,760.4842,tt1980929,Begin Again,Drama,7.4,129884
91,2014-06-27,Begin Again,8000000,16170632,68838736,6,2014,60838736,760.4842,tt1980929,Begin Again,Music,7.4,129884
97,2011-04-29,Prom,8000000,10130219,10763183,4,2011,2763183,34.5397875,tt1604171,Prom,Comedy,5.4,14279
97,2011-04-29,Prom,8000000,10130219,10763183,4,2011,2763183,34.5397875,tt1604171,Prom,Drama,5.4,14279
97,2011-04-29,Prom,8000000,10130219,10763183,4,2011,2763183,34.5397875,tt1604171,Prom,Family,5.4,14279
100,2015-06-12,Me and Earl and the Dying Girl,8000000,6758416,9266180,6,2015,1266180,15.82725,tt2582496,Me and Earl and the Dying Girl,Comedy,7.8,112627
100,2015-06-12,Me and Earl and the Dying Girl,8000000,6758416,9266180,6,2015,1266180,15.82725,tt2582496,Me and Earl and the Dying Girl,Drama,7.8,112627
100,2015-06-12,Me and Earl and the Dying Girl,8000000,6758416,9266180,6,2015,1266180,15.82725,tt2582496,Me and Earl and the Dying Girl,Romance,7.8,112627
1,2010-10-08,It's Kind of a Funny Story,8000000,6363628,6632950,10,2010,-1367050,-17.088125,tt0804497,It's Kind of a Funny Story,Comedy,7.1,125583
1,2010-10-08,It's Kind of a Funny Story,8000000,6363628,6632950,10,2010,-1367050,-17.088125,tt0804497,It's Kind of a Funny Story,Drama,7.1,125583
1,2010-10-08,It's Kind of a Funny Story,8000000,6363628,6632950,10,2010,-1367050,-17.088125,tt0804497,It's Kind of a Funny Story,Romance,7.1,125583
5,2016-09-02,Morgan,8000000,3915251,7298786,9,2016,-701214,-8.765175,tt1943765,Morgan,Drama,6.8,1232
5,2016-09-02,Morgan,8000000,3915251,7298786,9,2016,-701214,-8.765175,tt1943765,Morgan,Romance,6.8,1232
5,2016-09-02,Morgan,8000000,3915251,7298786,9,2016,-701214,-8.765175,tt4520364,Morgan,Action,5.8,35487
5,2016-09-02,Morgan,8000000,3915251,7298786,9,2016,-701214,-8.765175,tt4520364,Morgan,Horror,5.8,35487
5,2016-09-02,Morgan,8000000,3915251,7298786,9,2016,-701214,-8.765175,tt4520364,Morgan,Sci-Fi,5.8,35487
6,2015-12-30,Anomalisa,8000000,3759286,5706168,12,2015,-2293832,-28.6729,tt2401878,Anomalisa,Animation,7.3,58010
6,2015-12-30,Anomalisa,8000000,3759286,5706168,12,2015,-2293832,-28.6729,tt2401878,Anomalisa,Comedy,7.3,58010
6,2015-12-30,Anomalisa,8000000,3759286,5706168,12,2015,-2293832,-28.6729,tt2401878,Anomalisa,Drama,7.3,58010
8,2010-12-29,Another Year,8000000,3205706,20005613,12,2010,12005613,150.0701625,tt1431181,Another Year,Comedy,7.3,26273
8,2010-12-29,Another Year,8000000,3205706,20005613,12,2010,12005613,150.0701625,tt1431181,Another Year,Drama,7.3,26273
8,2010-12-29,Another Year,8000000,3205706,20005613,12,2010,12005613,150.0701625,tt3508808,Another Year,Drama,6.6,294
8,2010-12-29,Another Year,8000000,3205706,20005613,12,2010,12005613,150.0701625,tt3508808,Another Year,Romance,6.6,294
8,2010-12-29,Another Year,8000000,3205706,20005613,12,2010,12005613,150.0701625,tt5886728,Another Year,Documentary,7.2,40
13,2018-04-06,Lean on Pete,8000000,1163056,2455027,4,2018,-5544973,-69.3121625,tt5340300,Lean on Pete,Adventure,7.2,8607
13,2018-04-06,Lean on Pete,8000000,1163056,2455027,4,2018,-5544973,-69.3121625,tt5340300,Lean on Pete,Drama,7.2,8607
14,2010-11-19,Made in Dagenham,8000000,1095369,15644196,11,2010,7644196,95.55245,tt1371155,Made in Dagenham,Biography,7.2,13121
14,2010-11-19,Made in Dagenham,8000000,1095369,15644196,11,2010,7644196,95.55245,tt1371155,Made in Dagenham,Comedy,7.2,13121
14,2010-11-19,Made in Dagenham,8000000,1095369,15644196,11,2010,7644196,95.55245,tt1371155,Made in Dagenham,Drama,7.2,13121
16,2019-05-03,El Chicano,8000000,700261,700261,5,2019,-7299739,-91.2467375,tt7374952,El Chicano,Drama,5.7,290
24,2018-10-26,London Fields,8000000,252676,433732,10,2018,-7566268,-94.57835,tt1273221,London Fields,Crime,4.3,2871
24,2018-10-26,London Fields,8000000,252676,433732,10,2018,-7566268,-94.57835,tt1273221,London Fields,Mystery,4.3,2871
24,2018-10-26,London Fields,8000000,252676,433732,10,2018,-7566268,-94.57835,tt1273221,London Fields,Thriller,4.3,2871
25,2011-09-16,Restless,8000000,163753,2772511,9,2011,-5227489,-65.3436125,tt1498569,Restless,Drama,6.8,16736
25,2011-09-16,Restless,8000000,163753,2772511,9,2011,-5227489,-65.3436125,tt1498569,Restless,Romance,6.8,16736
25,2011-09-16,Restless,8000000,163753,2772511,9,2011,-5227489,-65.3436125,tt8136112,Restless,Drama,8.4,5
28,2010-10-29,Wild Target,8000000,109338,5314194,10,2010,-2685806,-33.572575,tt1235189,Wild Target,Action,6.8,33915
28,2010-10-29,Wild Target,8000000,109338,5314194,10,2010,-2685806,-33.572575,tt1235189,Wild Target,Comedy,6.8,33915
28,2010-10-29,Wild Target,8000000,109338,5314194,10,2010,-2685806,-33.572575,tt1235189,Wild Target,Crime,6.8,33915
30,2012-10-05,Wuthering Heights,8000000,100915,2721534,10,2012,-5278466,-65.980825,tt1181614,Wuthering Heights,Drama,6.1,8549
30,2012-10-05,Wuthering Heights,8000000,100915,2721534,10,2012,-5278466,-65.980825,tt1181614,Wuthering Heights,Romance,6.1,8549
30,2012-10-05,Wuthering Heights,8000000,100915,2721534,10,2012,-5278466,-65.980825,tt5184904,Wuthering Heights,Horror,6.7,19
30,2012-10-05,Wuthering Heights,8000000,100915,2721534,10,2012,-5278466,-65.980825,tt5184904,Wuthering Heights,Romance,6.7,19
31,2016-11-18,A Street Cat Named Bob,8000000,82703,17382693,11,2016,9382693,117.2836625,tt3606888,A Street Cat Named Bob,Biography,7.4,23204
31,2016-11-18,A Street Cat Named Bob,8000000,82703,17382693,11,2016,9382693,117.2836625,tt3606888,A Street Cat Named Bob,Comedy,7.4,23204
31,2016-11-18,A Street Cat Named Bob,8000000,82703,17382693,11,2016,9382693,117.2836625,tt3606888,A Street Cat Named Bob,Drama,7.4,23204
33,2015-05-22,Aloft,8000000,53086,237688,5,2015,-7762312,-97.0289,tt2494384,Aloft,Drama,5.3,3001
42,2014-08-12,Swelter,8000000,0,44197,8,2014,-7955803,-99.4475375,tt2112277,Swelter,Action,4.6,2536
42,2014-08-12,Swelter,8000000,0,44197,8,2014,-7955803,-99.4475375,tt2112277,Swelter,Crime,4.6,2536
42,2014-08-12,Swelter,8000000,0,44197,8,2014,-7955803,-99.4475375,tt2112277,Swelter,Drama,4.6,2536
47,2016-05-06,Code of Honor,8000000,0,0,5,2016,-8000000,-100.0,tt4060866,Code of Honor,Action,4.2,1961
47,2016-05-06,Code of Honor,8000000,0,0,5,2016,-8000000,-100.0,tt4060866,Code of Honor,Crime,4.2,1961
47,2016-05-06,Code of Honor,8000000,0,0,5,2016,-8000000,-100.0,tt4060866,Code of Honor,Thriller,4.2,1961
48,2019-06-21,Burn Your Maps,8000000,0,0,6,2019,-8000000,-100.0,tt4882548,Burn Your Maps,Adventure,7.9,240
67,2011-12-21,Albert Nobbs,7500000,3014696,8539003,12,2011,1039003,13.853373333333332,tt1602098,Albert Nobbs,Drama,6.7,22213
67,2011-12-21,Albert Nobbs,7500000,3014696,8539003,12,2011,1039003,13.853373333333332,tt1602098,Albert Nobbs,Romance,6.7,22213
68,2016-06-24,The Neon Demon,7500000,1333124,3559803,6,2016,-3940197,-52.535959999999996,tt1974419,The Neon Demon,Horror,6.2,72359
68,2016-06-24,The Neon Demon,7500000,1333124,3559803,6,2016,-3940197,-52.535959999999996,tt1974419,The Neon Demon,Thriller,6.2,72359
74,2015-01-09,Black November,7500000,0,32572,1,2015,-7467428,-99.56570666666669,tt2147225,Black November,Action,5.4,489
74,2015-01-09,Black November,7500000,0,32572,1,2015,-7467428,-99.56570666666669,tt2147225,Black November,Crime,5.4,489
74,2015-01-09,Black November,7500000,0,32572,1,2015,-7467428,-99.56570666666669,tt2147225,Black November,Drama,5.4,489
75,2015-02-24,Outside Bet,7500000,0,13524,2,2015,-7486476,-99.81968,tt1772422,Outside Bet,Comedy,5.0,267
76,2015-05-15,Pound of Flesh,7500000,0,0,5,2015,-7500000,-100.0,tt1196338,Pound of Flesh,Crime,3.2,267
76,2015-05-15,Pound of Flesh,7500000,0,0,5,2015,-7500000,-100.0,tt1196338,Pound of Flesh,Drama,3.2,267
76,2015-05-15,Pound of Flesh,7500000,0,0,5,2015,-7500000,-100.0,tt1196338,Pound of Flesh,Thriller,3.2,267
76,2015-05-15,Pound of Flesh,7500000,0,0,5,2015,-7500000,-100.0,tt3488328,Pound of Flesh,Action,5.2,5511
76,2015-05-15,Pound of Flesh,7500000,0,0,5,2015,-7500000,-100.0,tt3488328,Pound of Flesh,Thriller,5.2,5511
76,2015-05-15,Pound of Flesh,7500000,0,0,5,2015,-7500000,-100.0,tt3896284,Pound of Flesh,Drama,7.5,6
77,2017-01-13,The Bye Bye Man,7400000,22395806,31187727,1,2017,23787727,321.4557702702703,tt4030600,The Bye Bye Man,Drama,4.3,17743
77,2017-01-13,The Bye Bye Man,7400000,22395806,31187727,1,2017,23787727,321.4557702702703,tt4030600,The Bye Bye Man,Fantasy,4.3,17743
77,2017-01-13,The Bye Bye Man,7400000,22395806,31187727,1,2017,23787727,321.4557702702703,tt4030600,The Bye Bye Man,Horror,4.3,17743
85,2011-09-16,3,7200000,59774,295492,9,2011,-6904508,-95.89594444444445,tt1517177,3,Comedy,6.7,4722
85,2011-09-16,3,7200000,59774,295492,9,2011,-6904508,-95.89594444444445,tt1517177,3,Drama,6.7,4722
85,2011-09-16,3,7200000,59774,295492,9,2011,-6904508,-95.89594444444445,tt1517177,3,Romance,6.7,4722
85,2011-09-16,3,7200000,59774,295492,9,2011,-6904508,-95.89594444444445,tt2123129,3,Drama,7.2,3471
85,2011-09-16,3,7200000,59774,295492,9,2011,-6904508,-95.89594444444445,tt2123129,3,Mystery,7.2,3471
85,2011-09-16,3,7200000,59774,295492,9,2011,-6904508,-95.89594444444445,tt2123129,3,Romance,7.2,3471
85,2011-09-16,3,7200000,59774,295492,9,2011,-6904508,-95.89594444444445,tt2379653,3,Comedy,6.1,101
85,2011-09-16,3,7200000,59774,295492,9,2011,-6904508,-95.89594444444445,tt2379653,3,Drama,6.1,101
85,2011-09-16,3,7200000,59774,295492,9,2011,-6904508,-95.89594444444445,tt5618160,3,Horror,3.9,166
85,2011-09-16,3,7200000,59774,295492,9,2011,-6904508,-95.89594444444445,tt5618160,3,Mystery,3.9,166
85,2011-09-16,3,7200000,59774,295492,9,2011,-6904508,-95.89594444444445,tt5618160,3,Thriller,3.9,166
88,2012-06-29,Magic Mike,7000000,113721571,170549753,6,2012,163549753,2336.425042857143,tt1915581,Magic Mike,Comedy,6.1,123955
88,2012-06-29,Magic Mike,7000000,113721571,170549753,6,2012,163549753,2336.425042857143,tt1915581,Magic Mike,Drama,6.1,123955
90,2018-03-16,I Can Only Imagine,7000000,83482352,85604221,3,2018,78604221,1122.917442857143,tt6450186,I Can Only Imagine,Biography,7.4,11439
90,2018-03-16,I Can Only Imagine,7000000,83482352,85604221,3,2018,78604221,1122.917442857143,tt6450186,I Can Only Imagine,Drama,7.4,11439
90,2018-03-16,I Can Only Imagine,7000000,83482352,85604221,3,2018,78604221,1122.917442857143,tt6450186,I Can Only Imagine,Family,7.4,11439
91,2019-03-15,Five Feet Apart,7000000,45729221,80504421,3,2019,73504421,1050.063157142857,tt6472976,Five Feet Apart,Drama,7.2,10645
91,2019-03-15,Five Feet Apart,7000000,45729221,80504421,3,2019,73504421,1050.063157142857,tt6472976,Five Feet Apart,Romance,7.2,10645
93,2011-05-06,Jumping the Broom,7000000,37295394,38158601,5,2011,31158601,445.1228714285714,tt1640484,Jumping the Broom,Comedy,5.7,9089
93,2011-05-06,Jumping the Broom,7000000,37295394,38158601,5,2011,31158601,445.1228714285714,tt1640484,Jumping the Broom,Drama,5.7,9089
4,2017-04-07,Gifted,7000000,24801212,36964656,4,2017,29964656,428.06651428571433,tt3727750,Gifted,Documentary,7.0,7
4,2017-04-07,Gifted,7000000,24801212,36964656,4,2017,29964656,428.06651428571433,tt4023894,Gifted,Crime,5.6,107
4,2017-04-07,Gifted,7000000,24801212,36964656,4,2017,29964656,428.06651428571433,tt4023894,Gifted,Drama,5.6,107
4,2017-04-07,Gifted,7000000,24801212,36964656,4,2017,29964656,428.06651428571433,tt4023894,Gifted,Thriller,5.6,107
4,2017-04-07,Gifted,7000000,24801212,36964656,4,2017,29964656,428.06651428571433,tt4481414,Gifted,Drama,7.6,82426
11,2015-06-19,Dope,7000000,17506470,18190831,6,2015,11190831,159.86901428571431,tt3850214,Dope,Comedy,7.2,76557
11,2015-06-19,Dope,7000000,17506470,18190831,6,2015,11190831,159.86901428571431,tt3850214,Dope,Crime,7.2,76557
11,2015-06-19,Dope,7000000,17506470,18190831,6,2015,11190831,159.86901428571431,tt3850214,Dope,Drama,7.2,76557
14,2014-01-17,Devil's Due,7000000,15821461,36146087,1,2014,29146087,416.3726714285714,tt2752758,Devil's Due,Horror,4.1,15502
14,2014-01-17,Devil's Due,7000000,15821461,36146087,1,2014,29146087,416.3726714285714,tt2752758,Devil's Due,Mystery,4.1,15502
14,2014-01-17,Devil's Due,7000000,15821461,36146087,1,2014,29146087,416.3726714285714,tt2752758,Devil's Due,Thriller,4.1,15502
16,2014-11-14,Beyond the Lights,7000000,14618727,14618727,11,2014,7618727,108.83895714285713,tt3125324,Beyond the Lights,Drama,6.9,14122
16,2014-11-14,Beyond the Lights,7000000,14618727,14618727,11,2014,7618727,108.83895714285713,tt3125324,Beyond the Lights,Music,6.9,14122
16,2014-11-14,Beyond the Lights,7000000,14618727,14618727,11,2014,7618727,108.83895714285713,tt3125324,Beyond the Lights,Romance,6.9,14122
27,2010-06-18,Cyrus,7000000,7468936,10062896,6,2010,3062896,43.75565714285714,tt1327709,Cyrus,Crime,4.7,944
27,2010-06-18,Cyrus,7000000,7468936,10062896,6,2010,3062896,43.75565714285714,tt1327709,Cyrus,Horror,4.7,944
27,2010-06-18,Cyrus,7000000,7468936,10062896,6,2010,3062896,43.75565714285714,tt1327709,Cyrus,Mystery,4.7,944
27,2010-06-18,Cyrus,7000000,7468936,10062896,6,2010,3062896,43.75565714285714,tt1336617,Cyrus,Comedy,6.3,32457
27,2010-06-18,Cyrus,7000000,7468936,10062896,6,2010,3062896,43.75565714285714,tt1336617,Cyrus,Drama,6.3,32457
27,2010-06-18,Cyrus,7000000,7468936,10062896,6,2010,3062896,43.75565714285714,tt1336617,Cyrus,Romance,6.3,32457
42,2010-12-22,Somewhere,7000000,1785645,17023121,12,2010,10023121,143.18744285714286,tt1421051,Somewhere,Comedy,6.3,40250
42,2010-12-22,Somewhere,7000000,1785645,17023121,12,2010,10023121,143.18744285714286,tt1421051,Somewhere,Drama,6.3,40250
43,2012-01-13,We Need to Talk About Kevin,7000000,1738692,10765283,1,2012,3765283,53.78975714285714,tt1242460,We Need to Talk About Kevin,Drama,7.5,123619
43,2012-01-13,We Need to Talk About Kevin,7000000,1738692,10765283,1,2012,3765283,53.78975714285714,tt1242460,We Need to Talk About Kevin,Mystery,7.5,123619
43,2012-01-13,We Need to Talk About Kevin,7000000,1738692,10765283,1,2012,3765283,53.78975714285714,tt1242460,We Need to Talk About Kevin,Thriller,7.5,123619
45,2013-11-15,The Christmas Candle,7000000,1632000,1933829,11,2013,-5066171,-72.37387142857142,tt2739338,The Christmas Candle,Drama,6.2,1538
45,2013-11-15,The Christmas Candle,7000000,1632000,1933829,11,2013,-5066171,-72.37387142857142,tt2739338,The Christmas Candle,Family,6.2,1538
51,2015-10-02,Freeheld,7000000,546201,1732228,10,2015,-5267772,-75.25388571428572,tt1658801,Freeheld,Biography,6.5,10534
51,2015-10-02,Freeheld,7000000,546201,1732228,10,2015,-5267772,-75.25388571428572,tt1658801,Freeheld,Drama,6.5,10534
51,2015-10-02,Freeheld,7000000,546201,1732228,10,2015,-5267772,-75.25388571428572,tt1658801,Freeheld,Romance,6.5,10534
52,2014-04-02,Dom Hemingway,7000000,523511,1857458,4,2014,-5142542,-73.46488571428571,tt2402105,Dom Hemingway,Comedy,6.2,24557
52,2014-04-02,Dom Hemingway,7000000,523511,1857458,4,2014,-5142542,-73.46488571428571,tt2402105,Dom Hemingway,Crime,6.2,24557
52,2014-04-02,Dom Hemingway,7000000,523511,1857458,4,2014,-5142542,-73.46488571428571,tt2402105,Dom Hemingway,Drama,6.2,24557
53,2010-07-30,The Extra Man,7000000,453377,492108,7,2010,-6507892,-92.96988571428572,tt1361313,The Extra Man,Comedy,5.9,4580
54,2011-05-13,Hesher,7000000,382946,382946,5,2011,-6617054,-94.52934285714286,tt1403177,Hesher,Comedy,7.0,48483
54,2011-05-13,Hesher,7000000,382946,382946,5,2011,-6617054,-94.52934285714286,tt1403177,Hesher,Crime,7.0,48483
54,2011-05-13,Hesher,7000000,382946,382946,5,2011,-6617054,-94.52934285714286,tt1403177,Hesher,Drama,7.0,48483
59,2010-03-26,Ca$h,7000000,46488,46488,3,2010,-6953512,-99.33588571428572,tt1106860,Ca$h,Crime,6.0,8605
59,2010-03-26,Ca$h,7000000,46488,46488,3,2010,-6953512,-99.33588571428572,tt1106860,Ca$h,Thriller,6.0,8605
63,2016-12-06,Oddball,7000000,0,10237229,12,2016,3237229,46.246128571428564,tt3401748,Oddball,Adventure,6.4,2124
63,2016-12-06,Oddball,7000000,0,10237229,12,2016,3237229,46.246128571428564,tt3401748,Oddball,Family,6.4,2124
63,2016-12-06,Oddball,7000000,0,10237229,12,2016,3237229,46.246128571428564,tt5811420,Oddball,Documentary,6.4,5
64,2015-08-18,Z Storm,7000000,0,2053330,8,2015,-4946670,-70.66671428571428,tt3469440,Z Storm,Action,5.4,612
64,2015-08-18,Z Storm,7000000,0,2053330,8,2015,-4946670,-70.66671428571428,tt3469440,Z Storm,Crime,5.4,612
66,2013-07-23,Twixt,7000000,0,1268346,7,2013,-5731654,-81.88077142857144,tt1756851,Twixt,Comedy,4.8,9774
66,2013-07-23,Twixt,7000000,0,1268346,7,2013,-5731654,-81.88077142857144,tt1756851,Twixt,Fantasy,4.8,9774
66,2013-07-23,Twixt,7000000,0,1268346,7,2013,-5731654,-81.88077142857144,tt1756851,Twixt,Horror,4.8,9774
67,2015-11-20,Criminal Activities,7000000,0,386744,11,2015,-6613256,-94.47508571428571,tt3687310,Criminal Activities,Crime,5.8,7739
67,2015-11-20,Criminal Activities,7000000,0,386744,11,2015,-6613256,-94.47508571428571,tt3687310,Criminal Activities,Drama,5.8,7739
67,2015-11-20,Criminal Activities,7000000,0,386744,11,2015,-6613256,-94.47508571428571,tt3687310,Criminal Activities,Thriller,5.8,7739
73,2012-09-21,House at the End of the Street,6900000,31611916,44103982,9,2012,37203982,539.1881449275362,tt1582507,House at the End of the Street,Drama,5.6,66303
73,2012-09-21,House at the End of the Street,6900000,31611916,44103982,9,2012,37203982,539.1881449275362,tt1582507,House at the End of the Street,Horror,5.6,66303
73,2012-09-21,House at the End of the Street,6900000,31611916,44103982,9,2012,37203982,539.1881449275362,tt1582507,House at the End of the Street,Thriller,5.6,66303
75,2017-01-31,Two Lovers and a Bear,6840000,0,22273,1,2017,-6817727,-99.67437134502924,tt4412528,Two Lovers and a Bear,Adventure,6.1,1518
75,2017-01-31,Two Lovers and a Bear,6840000,0,22273,1,2017,-6817727,-99.67437134502924,tt4412528,Two Lovers and a Bear,Drama,6.1,1518
75,2017-01-31,Two Lovers and a Bear,6840000,0,22273,1,2017,-6817727,-99.67437134502924,tt4412528,Two Lovers and a Bear,Romance,6.1,1518
76,2010-09-17,Incendies,6800000,6857096,16038343,9,2010,9238343,135.85798529411767,tt1255953,Incendies,Drama,8.3,124156
76,2010-09-17,Incendies,6800000,6857096,16038343,9,2010,9238343,135.85798529411767,tt1255953,Incendies,Mystery,8.3,124156
76,2010-09-17,Incendies,6800000,6857096,16038343,9,2010,9238343,135.85798529411767,tt1255953,Incendies,War,8.3,124156
84,2014-10-03,Annabelle,6500000,84273813,256862920,10,2014,250362920,3851.7372307692303,tt3322940,Annabelle,Horror,5.4,122039
84,2014-10-03,Annabelle,6500000,84273813,256862920,10,2014,250362920,3851.7372307692303,tt3322940,Annabelle,Mystery,5.4,122039
84,2014-10-03,Annabelle,6500000,84273813,256862920,10,2014,250362920,3851.7372307692303,tt3322940,Annabelle,Thriller,5.4,122039
95,2017-10-20,Same Kind of Different as Me,6500000,6423605,6423605,10,2017,-76395,-1.1753076923076924,tt1230168,Same Kind of Different as Me,Biography,6.5,4319
95,2017-10-20,Same Kind of Different as Me,6500000,6423605,6423605,10,2017,-76395,-1.1753076923076924,tt1230168,Same Kind of Different as Me,Drama,6.5,4319
97,2011-12-02,Shame,6500000,4002293,20412841,12,2011,13912841,214.0437076923077,tt1723811,Shame,Drama,7.2,171353
97,2011-12-02,Shame,6500000,4002293,20412841,12,2011,13912841,214.0437076923077,tt3009444,Shame,Drama,6.4,38
99,2013-05-31,The East,6500000,2274649,3027956,5,2013,-3472044,-53.41606153846154,tt1869716,The East,Adventure,6.8,46804
99,2013-05-31,The East,6500000,2274649,3027956,5,2013,-3472044,-53.41606153846154,tt1869716,The East,Drama,6.8,46804
99,2013-05-31,The East,6500000,2274649,3027956,5,2013,-3472044,-53.41606153846154,tt1869716,The East,Thriller,6.8,46804
4,2011-12-31,Tracker,6500000,0,3149,12,2011,-6496851,-99.95155384615386,tt1414378,Tracker,Action,6.5,3460
4,2011-12-31,Tracker,6500000,0,3149,12,2011,-6496851,-99.95155384615386,tt1414378,Tracker,Adventure,6.5,3460
4,2011-12-31,Tracker,6500000,0,3149,12,2011,-6496851,-99.95155384615386,tt1414378,Tracker,Drama,6.5,3460
19,2018-05-11,Breaking In,6000000,46840590,51411620,5,2018,45411620,756.8603333333333,tt7137846,Breaking In,Action,5.4,10154
19,2018-05-11,Breaking In,6000000,46840590,51411620,5,2018,45411620,756.8603333333333,tt7137846,Breaking In,Crime,5.4,10154
19,2018-05-11,Breaking In,6000000,46840590,51411620,5,2018,45411620,756.8603333333333,tt7137846,Breaking In,Drama,5.4,10154
33,2019-03-29,Unplanned,6000000,18107621,18107621,3,2019,12107621,201.7936833333333,tt9024106,Unplanned,Biography,6.3,5945
33,2019-03-29,Unplanned,6000000,18107621,18107621,3,2019,12107621,201.7936833333333,tt9024106,Unplanned,Drama,6.3,5945
36,2019-02-08,The Prodigy,6000000,14856291,19789712,2,2019,13789712,229.82853333333333,tt4504044,The Prodigy,Horror,5.9,11456
36,2019-02-08,The Prodigy,6000000,14856291,19789712,2,2019,13789712,229.82853333333333,tt4504044,The Prodigy,Thriller,5.9,11456
37,2018-11-30,The Possession of Hannah Grace,6000000,14836174,42785387,11,2018,36785387,613.0897833333332,tt5734576,The Possession of Hannah Grace,Horror,5.2,11629
37,2018-11-30,The Possession of Hannah Grace,6000000,14836174,42785387,11,2018,36785387,613.0897833333332,tt5734576,The Possession of Hannah Grace,Mystery,5.2,11629
37,2018-11-30,The Possession of Hannah Grace,6000000,14836174,42785387,11,2018,36785387,613.0897833333332,tt5734576,The Possession of Hannah Grace,Thriller,5.2,11629
46,2012-09-07,The Words,6000000,11494838,16369708,9,2012,10369708,172.82846666666663,tt1840417,The Words,Drama,7.1,70308
46,2012-09-07,The Words,6000000,11494838,16369708,9,2012,10369708,172.82846666666663,tt1840417,The Words,Mystery,7.1,70308
46,2012-09-07,The Words,6000000,11494838,16369708,9,2012,10369708,172.82846666666663,tt1840417,The Words,Romance,7.1,70308
47,2016-01-15,The Lady in the Van,6000000,10021175,42320503,1,2016,36320503,605.3417166666667,tt3722070,The Lady in the Van,Biography,6.7,23105
47,2016-01-15,The Lady in the Van,6000000,10021175,42320503,1,2016,36320503,605.3417166666667,tt3722070,The Lady in the Van,Comedy,6.7,23105
47,2016-01-15,The Lady in the Van,6000000,10021175,42320503,1,2016,36320503,605.3417166666667,tt3722070,The Lady in the Van,Drama,6.7,23105
48,2012-04-27,Bernie,6000000,9204489,10106975,4,2012,4106975,68.44958333333334,tt1704573,Bernie,Biography,6.8,53765
48,2012-04-27,Bernie,6000000,9204489,10106975,4,2012,4106975,68.44958333333334,tt1704573,Bernie,Comedy,6.8,53765
48,2012-04-27,Bernie,6000000,9204489,10106975,4,2012,4106975,68.44958333333334,tt1704573,Bernie,Crime,6.8,53765
53,2012-03-16,Casa de mi Padre,6000000,5909483,8446952,3,2012,2446952,40.78253333333333,tt1702425,Casa de mi Padre,Comedy,5.5,19170
53,2012-03-16,Casa de mi Padre,6000000,5909483,8446952,3,2012,2446952,40.78253333333333,tt1702425,Casa de mi Padre,Western,5.5,19170
54,2011-07-29,The Guard,6000000,5359774,21197454,7,2011,15197454,253.2909,tt1540133,The Guard,Comedy,7.3,75183
54,2011-07-29,The Guard,6000000,5359774,21197454,7,2011,15197454,253.2909,tt1540133,The Guard,Crime,7.3,75183
54,2011-07-29,The Guard,6000000,5359774,21197454,7,2011,15197454,253.2909,tt1540133,The Guard,Thriller,7.3,75183
61,2014-07-18,Wish I Was Here,6000000,3591299,6591365,7,2014,591365,9.856083333333334,tt2870708,Wish I Was Here,Comedy,6.7,34907
61,2014-07-18,Wish I Was Here,6000000,3591299,6591365,7,2014,591365,9.856083333333334,tt2870708,Wish I Was Here,Drama,6.7,34907
63,2014-03-14,Veronica Mars,6000000,3322127,3485383,3,2014,-2514617,-41.91028333333333,tt2771372,Veronica Mars,Crime,6.8,46751
63,2014-03-14,Veronica Mars,6000000,3322127,3485383,3,2014,-2514617,-41.91028333333333,tt2771372,Veronica Mars,Drama,6.8,46751
63,2014-03-14,Veronica Mars,6000000,3322127,3485383,3,2014,-2514617,-41.91028333333333,tt2771372,Veronica Mars,Mystery,6.8,46751
70,2011-07-15,Snow Flower and the Secret Fan,6000000,1348205,11348205,7,2011,5348205,89.13674999999998,tt1541995,Snow Flower and the Secret Fan,Drama,6.1,3429
70,2011-07-15,Snow Flower and the Secret Fan,6000000,1348205,11348205,7,2011,5348205,89.13674999999998,tt1541995,Snow Flower and the Secret Fan,History,6.1,3429
71,2018-09-14,Mandy,6000000,1214525,1427656,9,2018,-4572344,-76.20573333333334,tt4995858,Mandy,Drama,4.1,39
71,2018-09-14,Mandy,6000000,1214525,1427656,9,2018,-4572344,-76.20573333333334,tt4995858,Mandy,Thriller,4.1,39
71,2018-09-14,Mandy,6000000,1214525,1427656,9,2018,-4572344,-76.20573333333334,tt6998518,Mandy,Action,6.6,44378
71,2018-09-14,Mandy,6000000,1214525,1427656,9,2018,-4572344,-76.20573333333334,tt6998518,Mandy,Fantasy,6.6,44378
71,2018-09-14,Mandy,6000000,1214525,1427656,9,2018,-4572344,-76.20573333333334,tt6998518,Mandy,Horror,6.6,44378
76,2011-03-25,The 5th Quarter,6000000,408159,408159,3,2011,-5591841,-93.19735,tt1130964,The 5th Quarter,Biography,5.7,1379
76,2011-03-25,The 5th Quarter,6000000,408159,408159,3,2011,-5591841,-93.19735,tt1130964,The 5th Quarter,Drama,5.7,1379
76,2011-03-25,The 5th Quarter,6000000,408159,408159,3,2011,-5591841,-93.19735,tt1130964,The 5th Quarter,Sport,5.7,1379
83,2012-12-07,Deadfall,6000000,66351,1673635,12,2012,-4326365,-72.10608333333333,tt1667310,Deadfall,Crime,6.3,36491
83,2012-12-07,Deadfall,6000000,66351,1673635,12,2012,-4326365,-72.10608333333333,tt1667310,Deadfall,Drama,6.3,36491
83,2012-12-07,Deadfall,6000000,66351,1673635,12,2012,-4326365,-72.10608333333333,tt1667310,Deadfall,Thriller,6.3,36491
87,2015-01-23,Song One,6000000,32251,437089,1,2015,-5562911,-92.71518333333331,tt2182972,Song One,Drama,5.8,8559
87,2015-01-23,Song One,6000000,32251,437089,1,2015,-5562911,-92.71518333333331,tt2182972,Song One,Music,5.8,8559
91,2010-02-09,Icarus,6000000,0,0,2,2010,-6000000,-100.0,tt6333060,Icarus,Documentary,7.9,28979
91,2010-02-09,Icarus,6000000,0,0,2,2010,-6000000,-100.0,tt6333060,Icarus,Sport,7.9,28979
91,2010-02-09,Icarus,6000000,0,0,2,2010,-6000000,-100.0,tt6333060,Icarus,Thriller,7.9,28979
94,2011-12-31,Freaky Deaky,6000000,0,0,12,2011,-6000000,-100.0,tt0938305,Freaky Deaky,Comedy,6.1,6088
94,2011-12-31,Freaky Deaky,6000000,0,0,12,2011,-6000000,-100.0,tt0938305,Freaky Deaky,Crime,6.1,6088
94,2011-12-31,Freaky Deaky,6000000,0,0,12,2011,-6000000,-100.0,tt0938305,Freaky Deaky,Thriller,6.1,6088
95,2011-05-10,The Hit List,6000000,0,0,5,2011,-6000000,-100.0,tt1575694,The Hit List,Action,5.4,11081
95,2011-05-10,The Hit List,6000000,0,0,5,2011,-6000000,-100.0,tt1575694,The Hit List,Thriller,5.4,11081
100,2065-03-07,The Train,5800000,6800000,6800000,3,2065,1000000,17.24137931034483,tt1869759,The Train,Drama,4.6,117
3,2012-10-05,Trade of Innocents,5800000,15091,15091,10,2012,-5784909,-99.73981034482759,tt1772408,Trade of Innocents,Drama,5.4,860
3,2012-10-05,Trade of Innocents,5800000,15091,15091,10,2012,-5784909,-99.73981034482759,tt1772408,Trade of Innocents,Thriller,5.4,860
11,2010-07-16,Standing Ovation,5600000,531806,531806,7,2010,-5068194,-90.50346428571429,tt1303803,Standing Ovation,Musical,3.3,658
12,2012-12-07,Khiladi 786,5600000,385422,14683763,12,2012,9083763,162.21005357142857,tt2166214,Khiladi 786,Action,4.4,5648
12,2012-12-07,Khiladi 786,5600000,385422,14683763,12,2012,9083763,162.21005357142857,tt2166214,Khiladi 786,Comedy,4.4,5648
18,2013-09-27,Don Jon,5500000,24477704,41268579,9,2013,35768579,650.3378,tt2229499,Don Jon,Comedy,6.6,216350
18,2013-09-27,Don Jon,5500000,24477704,41268579,9,2013,35768579,650.3378,tt2229499,Don Jon,Drama,6.6,216350
18,2013-09-27,Don Jon,5500000,24477704,41268579,9,2013,35768579,650.3378,tt2229499,Don Jon,Romance,6.6,216350
20,2018-09-28,Hell Fest,5500000,11107431,18119231,9,2018,12619231,229.44056363636363,tt1999890,Hell Fest,Horror,5.5,8662
29,2011-10-21,Le Havre,5500000,611709,13480196,10,2011,7980196,145.09447272727272,tt1508675,Le Havre,Comedy,7.2,18490
29,2011-10-21,Le Havre,5500000,611709,13480196,10,2011,7980196,145.09447272727272,tt1508675,Le Havre,Drama,7.2,18490
31,2011-07-15,Salvation Boulevard,5500000,28468,28468,7,2011,-5471532,-99.4824,tt1251743,Salvation Boulevard,Action,5.3,4220
31,2011-07-15,Salvation Boulevard,5500000,28468,28468,7,2011,-5471532,-99.4824,tt1251743,Salvation Boulevard,Comedy,5.3,4220
31,2011-07-15,Salvation Boulevard,5500000,28468,28468,7,2011,-5471532,-99.4824,tt1251743,Salvation Boulevard,Drama,5.3,4220
32,2015-01-23,R100,5500000,24956,24956,1,2015,-5475044,-99.54625454545454,tt2914838,R100,Comedy,6.1,2133
32,2015-01-23,R100,5500000,24956,24956,1,2015,-5475044,-99.54625454545454,tt2914838,R100,Drama,6.1,2133
33,2015-05-05,Miss Julie,5500000,0,863895,5,2015,-4636105,-84.29281818181819,tt2298738,Miss Julie,Drama,4.1,116
33,2015-05-05,Miss Julie,5500000,0,863895,5,2015,-4636105,-84.29281818181819,tt2298738,Miss Julie,Romance,4.1,116
33,2015-05-05,Miss Julie,5500000,0,863895,5,2015,-4636105,-84.29281818181819,tt2667960,Miss Julie,Drama,5.5,4598
33,2015-05-05,Miss Julie,5500000,0,863895,5,2015,-4636105,-84.29281818181819,tt2667960,Miss Julie,Romance,5.5,4598
38,2013-07-19,Grabbers,5300000,0,440821,7,2013,-4859179,-91.68262264150944,tt1525366,Grabbers,Comedy,6.3,15727
38,2013-07-19,Grabbers,5300000,0,440821,7,2013,-4859179,-91.68262264150944,tt1525366,Grabbers,Horror,6.3,15727
38,2013-07-19,Grabbers,5300000,0,440821,7,2013,-4859179,-91.68262264150944,tt1525366,Grabbers,Sci-Fi,6.3,15727
44,2044-08-01,Wilson,5200000,2000000,2000000,8,2044,-3200000,-61.53846153846154,tt1781058,Wilson,Comedy,5.8,8985
44,2044-08-01,Wilson,5200000,2000000,2000000,8,2044,-3200000,-61.53846153846154,tt1781058,Wilson,Drama,5.8,8985
44,2044-08-01,Wilson,5200000,2000000,2000000,8,2044,-3200000,-61.53846153846154,tt7283700,Wilson,Documentary,7.1,7
46,2011-04-22,Dum Maaro Dum,5200000,564489,11633427,4,2011,6433427,123.71975,tt1618430,Dum Maaro Dum,Action,6.2,3616
46,2011-04-22,Dum Maaro Dum,5200000,564489,11633427,4,2011,6433427,123.71975,tt1618430,Dum Maaro Dum,Crime,6.2,3616
46,2011-04-22,Dum Maaro Dum,5200000,564489,11633427,4,2011,6433427,123.71975,tt1618430,Dum Maaro Dum,Drama,6.2,3616
49,2017-02-24,Get Out,5000000,176040665,255367951,2,2017,250367951,5007.35902,tt5052448,Get Out,Horror,7.7,400474
49,2017-02-24,Get Out,5000000,176040665,255367951,2,2017,250367951,5007.35902,tt5052448,Get Out,Mystery,7.7,400474
49,2017-02-24,Get Out,5000000,176040665,255367951,2,2017,250367951,5007.35902,tt5052448,Get Out,Thriller,7.7,400474
50,2017-01-20,Split,5000000,138141585,278964806,1,2017,273964806,5479.29612,tt2660118,Split,Comedy,2.9,557
50,2017-01-20,Split,5000000,138141585,278964806,1,2017,273964806,5479.29612,tt2660118,Split,Romance,2.9,557
50,2017-01-20,Split,5000000,138141585,278964806,1,2017,273964806,5479.29612,tt2660118,Split,Sport,2.9,557
50,2017-01-20,Split,5000000,138141585,278964806,1,2017,273964806,5479.29612,tt3315656,Split,Drama,3.6,380
50,2017-01-20,Split,5000000,138141585,278964806,1,2017,273964806,5479.29612,tt3315656,Split,Fantasy,3.6,380
50,2017-01-20,Split,5000000,138141585,278964806,1,2017,273964806,5479.29612,tt3604256,Split,Crime,6.8,5
50,2017-01-20,Split,5000000,138141585,278964806,1,2017,273964806,5479.29612,tt4972582,Split,Horror,7.3,358543
50,2017-01-20,Split,5000000,138141585,278964806,1,2017,273964806,5479.29612,tt4972582,Split,Thriller,7.3,358543
50,2017-01-20,Split,5000000,138141585,278964806,1,2017,273964806,5479.29612,tt5495666,Split,Drama,7.0,21
50,2017-01-20,Split,5000000,138141585,278964806,1,2017,273964806,5479.29612,tt6147768,Split,Action,5.4,189
50,2017-01-20,Split,5000000,138141585,278964806,1,2017,273964806,5479.29612,tt6147768,Split,Drama,5.4,189
50,2017-01-20,Split,5000000,138141585,278964806,1,2017,273964806,5479.29612,tt6147768,Split,Sport,5.4,189
51,2011-10-21,Paranormal Activity 3,5000000,104028807,207039844,10,2011,202039844,4040.79688,tt1778304,Paranormal Activity 3,Horror,5.8,85689
51,2011-10-21,Paranormal Activity 3,5000000,104028807,207039844,10,2011,202039844,4040.79688,tt1778304,Paranormal Activity 3,Mystery,5.8,85689
51,2011-10-21,Paranormal Activity 3,5000000,104028807,207039844,10,2011,202039844,4040.79688,tt1778304,Paranormal Activity 3,Thriller,5.8,85689
54,2016-03-11,10 Cloverfield Lane,5000000,72082999,108286422,3,2016,103286422,2065.728440000001,tt1179933,10 Cloverfield Lane,Drama,7.2,260383
54,2016-03-11,10 Cloverfield Lane,5000000,72082999,108286422,3,2016,103286422,2065.728440000001,tt1179933,10 Cloverfield Lane,Horror,7.2,260383
54,2016-03-11,10 Cloverfield Lane,5000000,72082999,108286422,3,2016,103286422,2065.728440000001,tt1179933,10 Cloverfield Lane,Mystery,7.2,260383
55,2016-07-22,Lights Out,5000000,67268835,148806510,7,2016,143806510,2876.1302,tt1085448,Lights Out,Drama,6.6,10
55,2016-07-22,Lights Out,5000000,67268835,148806510,7,2016,143806510,2876.1302,tt1646127,Lights Out,Drama,6.4,971
55,2016-07-22,Lights Out,5000000,67268835,148806510,7,2016,143806510,2876.1302,tt1646127,Lights Out,Mystery,6.4,971
55,2016-07-22,Lights Out,5000000,67268835,148806510,7,2016,143806510,2876.1302,tt1646127,Lights Out,Thriller,6.4,971
55,2016-07-22,Lights Out,5000000,67268835,148806510,7,2016,143806510,2876.1302,tt2611518,Lights Out,Drama,8.6,22
55,2016-07-22,Lights Out,5000000,67268835,148806510,7,2016,143806510,2876.1302,tt4786282,Lights Out,Drama,6.3,100650
55,2016-07-22,Lights Out,5000000,67268835,148806510,7,2016,143806510,2876.1302,tt4786282,Lights Out,Horror,6.3,100650
55,2016-07-22,Lights Out,5000000,67268835,148806510,7,2016,143806510,2876.1302,tt4786282,Lights Out,Mystery,6.3,100650
56,2015-09-11,The Visit,5000000,65206105,98677816,9,2015,93677816,1873.55632,tt1605776,The Visit,Comedy,8.3,7
56,2015-09-11,The Visit,5000000,65206105,98677816,9,2015,93677816,1873.55632,tt1605776,The Visit,Drama,8.3,7
56,2015-09-11,The Visit,5000000,65206105,98677816,9,2015,93677816,1873.55632,tt1605776,The Visit,Romance,8.3,7
56,2015-09-11,The Visit,5000000,65206105,98677816,9,2015,93677816,1873.55632,tt3567288,The Visit,Horror,6.2,102459
56,2015-09-11,The Visit,5000000,65206105,98677816,9,2015,93677816,1873.55632,tt3567288,The Visit,Mystery,6.2,102459
56,2015-09-11,The Visit,5000000,65206105,98677816,9,2015,93677816,1873.55632,tt3567288,The Visit,Thriller,6.2,102459
58,2017-10-13,Happy Death Day,5000000,55683845,125010260,10,2017,120010260,2400.2052,tt5308322,Happy Death Day,Horror,6.5,87132
58,2017-10-13,Happy Death Day,5000000,55683845,125010260,10,2017,120010260,2400.2052,tt5308322,Happy Death Day,Mystery,6.5,87132
58,2017-10-13,Happy Death Day,5000000,55683845,125010260,10,2017,120010260,2400.2052,tt5308322,Happy Death Day,Thriller,6.5,87132
59,2012-10-19,Paranormal Activity 4,5000000,53900335,142817992,10,2012,137817992,2756.35984,tt2109184,Paranormal Activity 4,Horror,4.6,58408
59,2012-10-19,Paranormal Activity 4,5000000,53900335,142817992,10,2012,137817992,2756.35984,tt2109184,Paranormal Activity 4,Mystery,4.6,58408
59,2012-10-19,Paranormal Activity 4,5000000,53900335,142817992,10,2012,137817992,2756.35984,tt2109184,Paranormal Activity 4,Thriller,4.6,58408
60,2014-10-24,Ouija,5000000,50856010,103300632,10,2014,98300632,1966.01264,tt1204977,Ouija,Horror,4.5,44054
60,2014-10-24,Ouija,5000000,50856010,103300632,10,2014,98300632,1966.01264,tt1204977,Ouija,Mystery,4.5,44054
60,2014-10-24,Ouija,5000000,50856010,103300632,10,2014,98300632,1966.01264,tt1204977,Ouija,Thriller,4.5,44054
63,2015-08-07,The Gift,5000000,43787265,58978477,8,2015,53978477,1079.56954,tt1494821,The Gift,Drama,7.8,12
63,2015-08-07,The Gift,5000000,43787265,58978477,8,2015,53978477,1079.56954,tt1644694,The Gift,Animation,5.9,7
63,2015-08-07,The Gift,5000000,43787265,58978477,8,2015,53978477,1079.56954,tt1644694,The Gift,Drama,5.9,7
63,2015-08-07,The Gift,5000000,43787265,58978477,8,2015,53978477,1079.56954,tt1993416,The Gift,Drama,7.2,17
63,2015-08-07,The Gift,5000000,43787265,58978477,8,2015,53978477,1079.56954,tt3474788,The Gift,Action,7.5,489
63,2015-08-07,The Gift,5000000,43787265,58978477,8,2015,53978477,1079.56954,tt3474788,The Gift,Drama,7.5,489
63,2015-08-07,The Gift,5000000,43787265,58978477,8,2015,53978477,1079.56954,tt3474788,The Gift,Thriller,7.5,489
63,2015-08-07,The Gift,5000000,43787265,58978477,8,2015,53978477,1079.56954,tt4178092,The Gift,Drama,7.1,123834
63,2015-08-07,The Gift,5000000,43787265,58978477,8,2015,53978477,1079.56954,tt4178092,The Gift,Mystery,7.1,123834
63,2015-08-07,The Gift,5000000,43787265,58978477,8,2015,53978477,1079.56954,tt4178092,The Gift,Thriller,7.1,123834
63,2015-08-07,The Gift,5000000,43787265,58978477,8,2015,53978477,1079.56954,tt4420962,The Gift,Drama,6.0,17
63,2015-08-07,The Gift,5000000,43787265,58978477,8,2015,53978477,1079.56954,tt6354904,The Gift,Documentary,6.2,6
63,2015-08-07,The Gift,5000000,43787265,58978477,8,2015,53978477,1079.56954,tt8474974,The Gift,Drama,8.0,34
64,2017-06-23,The Big Sick,5000000,42872467,53972860,6,2017,48972860,979.4572,tt5462602,The Big Sick,Comedy,7.6,104008
64,2017-06-23,The Big Sick,5000000,42872467,53972860,6,2017,48972860,979.4572,tt5462602,The Big Sick,Drama,7.6,104008
64,2017-06-23,The Big Sick,5000000,42872467,53972860,6,2017,48972860,979.4572,tt5462602,The Big Sick,Romance,7.6,104008
70,2014-01-03,Paranormal Activity: The Marked Ones,5000000,32462372,90904854,1,2014,85904854,1718.09708,tt2473682,Paranormal Activity: The Marked Ones,Horror,5.0,37147
70,2014-01-03,Paranormal Activity: The Marked Ones,5000000,32462372,90904854,1,2014,85904854,1718.09708,tt2473682,Paranormal Activity: The Marked Ones,Mystery,5.0,37147
70,2014-01-03,Paranormal Activity: The Marked Ones,5000000,32462372,90904854,1,2014,85904854,1718.09708,tt2473682,Paranormal Activity: The Marked Ones,Thriller,5.0,37147
72,2014-04-11,Oculus,5000000,27695246,44115496,4,2014,39115496,782.3099199999998,tt2388715,Oculus,Horror,6.5,106906
72,2014-04-11,Oculus,5000000,27695246,44115496,4,2014,39115496,782.3099199999998,tt2388715,Oculus,Mystery,6.5,106906
73,2013-11-01,Dallas Buyers Club,5000000,27298285,60611845,11,2013,55611845,1112.2369,tt0790636,Dallas Buyers Club,Biography,8.0,402462
73,2013-11-01,Dallas Buyers Club,5000000,27298285,60611845,11,2013,55611845,1112.2369,tt0790636,Dallas Buyers Club,Drama,8.0,402462
74,2015-08-26,No Escape,5000000,27288872,42844516,8,2015,37844516,756.89032,tt1781922,No Escape,Action,6.8,70222
74,2015-08-26,No Escape,5000000,27288872,42844516,8,2015,37844516,756.89032,tt1781922,No Escape,Thriller,6.8,70222
76,2015-02-27,The Lazarus Effect,5000000,25801570,38359310,2,2015,33359310,667.1862,tt2918436,The Lazarus Effect,Horror,5.2,37675
76,2015-02-27,The Lazarus Effect,5000000,25801570,38359310,2,2015,33359310,667.1862,tt2918436,The Lazarus Effect,Mystery,5.2,37675
76,2015-02-27,The Lazarus Effect,5000000,25801570,38359310,2,2015,33359310,667.1862,tt2918436,The Lazarus Effect,Sci-Fi,5.2,37675
78,2011-08-26,Our Idiot Brother,5000000,24814830,25861249,8,2011,20861249,417.22497999999996,tt1637706,Our Idiot Brother,Comedy,6.4,80738
78,2011-08-26,Our Idiot Brother,5000000,24814830,25861249,8,2011,20861249,417.22497999999996,tt1637706,Our Idiot Brother,Drama,6.4,80738
79,2018-03-09,The Strangers: Prey at Night,5000000,24431472,29960051,3,2018,24960051,499.20102,tt1285009,The Strangers: Prey at Night,Horror,5.2,21614
83,2013-07-05,The Way Way Back,5000000,21502690,26853810,7,2013,21853810,437.0762,tt1727388,The Way Way Back,Comedy,7.4,132642
83,2013-07-05,The Way Way Back,5000000,21502690,26853810,7,2013,21853810,437.0762,tt1727388,The Way Way Back,Drama,7.4,132642
84,2014-08-29,"As Above, So Below",5000000,21222315,41824066,8,2014,36824066,736.4813200000001,tt2870612,"As Above, So Below",Adventure,6.2,66892
84,2014-08-29,"As Above, So Below",5000000,21222315,41824066,8,2014,36824066,736.4813200000001,tt2870612,"As Above, So Below",Horror,6.2,66892
84,2014-08-29,"As Above, So Below",5000000,21222315,41824066,8,2014,36824066,736.4813200000001,tt2870612,"As Above, So Below",Mystery,6.2,66892
90,2016-02-19,Race,5000000,19115191,23745772,2,2016,18745772,374.91544,tt1867035,Race,Drama,3.9,73
90,2016-02-19,Race,5000000,19115191,23745772,2,2016,18745772,374.91544,tt3499096,Race,Biography,7.1,30777
90,2016-02-19,Race,5000000,19115191,23745772,2,2016,18745772,374.91544,tt3499096,Race,Drama,7.1,30777
90,2016-02-19,Race,5000000,19115191,23745772,2,2016,18745772,374.91544,tt3499096,Race,Sport,7.1,30777
92,2015-01-16,Still Alice,5000000,18656400,41699612,1,2015,36699612,733.99224,tt3316960,Still Alice,Drama,7.5,116832
94,2011-09-02,Apollo 18,5000000,17686929,26517819,9,2011,21517819,430.35638,tt1772240,Apollo 18,Horror,5.2,51427
94,2011-09-02,Apollo 18,5000000,17686929,26517819,9,2011,21517819,430.35638,tt1772240,Apollo 18,Mystery,5.2,51427
94,2011-09-02,Apollo 18,5000000,17686929,26517819,9,2011,21517819,430.35638,tt1772240,Apollo 18,Sci-Fi,5.2,51427
95,2018-03-23,"Paul, Apostle of Christ",5000000,17547999,25529498,3,2018,20529498,410.58996,tt7388562,"Paul, Apostle of Christ",Adventure,6.7,5662
95,2018-03-23,"Paul, Apostle of Christ",5000000,17547999,25529498,3,2018,20529498,410.58996,tt7388562,"Paul, Apostle of Christ",Biography,6.7,5662
95,2018-03-23,"Paul, Apostle of Christ",5000000,17547999,25529498,3,2018,20529498,410.58996,tt7388562,"Paul, Apostle of Christ",Drama,6.7,5662
96,2014-10-10,Addicted,5000000,17390770,17499242,10,2014,12499242,249.98484,tt2205401,Addicted,Drama,5.2,7640
96,2014-10-10,Addicted,5000000,17390770,17499242,10,2014,12499242,249.98484,tt2205401,Addicted,Thriller,5.2,7640
3,2013-03-15,Spring Breakers,5000000,14124286,31149251,3,2013,26149251,522.98502,tt2101441,Spring Breakers,Comedy,5.3,126504
3,2013-03-15,Spring Breakers,5000000,14124286,31149251,3,2013,26149251,522.98502,tt2101441,Spring Breakers,Crime,5.3,126504
3,2013-03-15,Spring Breakers,5000000,14124286,31149251,3,2013,26149251,522.98502,tt2101441,Spring Breakers,Drama,5.3,126504
4,2017-06-09,It Comes at Night,5000000,13985117,19720203,6,2017,14720203,294.40406,tt4695012,It Comes at Night,Horror,6.2,69039
4,2017-06-09,It Comes at Night,5000000,13985117,19720203,6,2017,14720203,294.40406,tt4695012,It Comes at Night,Mystery,6.2,69039
12,2017-03-03,Before I Fall,5000000,12241072,18945682,3,2017,13945682,278.91364,tt1691916,Before I Fall,Drama,6.4,39282
12,2017-03-03,Before I Fall,5000000,12241072,18945682,3,2017,13945682,278.91364,tt1691916,Before I Fall,Fantasy,6.4,39282
12,2017-03-03,Before I Fall,5000000,12241072,18945682,3,2017,13945682,278.91364,tt1691916,Before I Fall,Mystery,6.4,39282
15,2016-01-29,Fifty Shades of Black,5000000,11686940,22113075,1,2016,17113075,342.2615,tt4667094,Fifty Shades of Black,Comedy,3.5,17189
21,2017-03-17,The Belko Experiment,5000000,10166820,11792942,3,2017,6792942,135.85884,tt1082807,The Belko Experiment,Horror,6.1,38378
21,2017-03-17,The Belko Experiment,5000000,10166820,11792942,3,2017,6792942,135.85884,tt1082807,The Belko Experiment,Thriller,6.1,38378
22,2016-03-11,The Perfect Match,5000000,9669521,10182050,3,2016,5182050,103.641,tt4871980,The Perfect Match,Comedy,4.9,3052
22,2016-03-11,The Perfect Match,5000000,9669521,10182050,3,2016,5182050,103.641,tt4871980,The Perfect Match,Romance,4.9,3052
29,2018-09-21,Fahrenheit 11/9,5000000,6352306,6653715,9,2018,1653715,33.0743,tt8632862,Fahrenheit 11/9,Documentary,6.7,11628
31,2010-05-28,Sea Rex 3D: Journey to a Prehistoric World,5000000,6096582,16515203,5,2010,11515203,230.30406,tt1529567,Sea Rex 3D: Journey to a Prehistoric World,Documentary,6.9,364
38,2015-09-11,90 Minutes in Heaven,5000000,4816142,4816142,9,2015,-183858,-3.6771599999999998,tt4337690,90 Minutes in Heaven,Drama,4.8,3105
39,2016-12-02,Incarnate,5000000,4799774,9371036,12,2016,4371036,87.42071999999999,tt3216348,Incarnate,Horror,5.3,10217
39,2016-12-02,Incarnate,5000000,4799774,9371036,12,2016,4371036,87.42071999999999,tt3216348,Incarnate,Thriller,5.3,10217
45,2017-03-03,Table 19,5000000,3614896,4620399,3,2017,-379601,-7.59202,tt1412528,Table 19,Comedy,5.8,22751
45,2017-03-03,Table 19,5000000,3614896,4620399,3,2017,-379601,-7.59202,tt1412528,Table 19,Drama,5.8,22751
45,2017-03-03,Table 19,5000000,3614896,4620399,3,2017,-379601,-7.59202,tt1412528,Table 19,Romance,5.8,22751
46,2016-04-15,Green Room,5000000,3220371,3807503,4,2016,-1192497,-23.84994,tt4062536,Green Room,Horror,7.0,90773
46,2016-04-15,Green Room,5000000,3220371,3807503,4,2016,-1192497,-23.84994,tt4062536,Green Room,Music,7.0,90773
46,2016-04-15,Green Room,5000000,3220371,3807503,4,2016,-1192497,-23.84994,tt4062536,Green Room,Thriller,7.0,90773
47,2018-03-09,Thoroughbreds,5000000,3072605,3187302,3,2018,-1812698,-36.25396,tt5649108,Thoroughbreds,Comedy,6.7,25098
47,2018-03-09,Thoroughbreds,5000000,3072605,3187302,3,2018,-1812698,-36.25396,tt5649108,Thoroughbreds,Crime,6.7,25098
47,2018-03-09,Thoroughbreds,5000000,3072605,3187302,3,2018,-1812698,-36.25396,tt5649108,Thoroughbreds,Drama,6.7,25098
49,2016-03-04,The Other Side of the Door,5000000,3000342,12905107,3,2016,7905107,158.10214,tt3566920,The Other Side of the Door,Drama,3.8,5
49,2016-03-04,The Other Side of the Door,5000000,3000342,12905107,3,2016,7905107,158.10214,tt3702652,The Other Side of the Door,Horror,5.3,15813
50,2011-05-13,Everything Must Go,5000000,2712131,2821010,5,2011,-2178990,-43.5798,tt1531663,Everything Must Go,Comedy,6.4,45799
50,2011-05-13,Everything Must Go,5000000,2712131,2821010,5,2011,-2178990,-43.5798,tt1531663,Everything Must Go,Drama,6.4,45799
51,2014-10-10,Kill the Messenger,5000000,2450846,6656705,10,2014,1656705,33.1341,tt1216491,Kill the Messenger,Biography,7.0,41231
51,2014-10-10,Kill the Messenger,5000000,2450846,6656705,10,2014,1656705,33.1341,tt1216491,Kill the Messenger,Crime,7.0,41231
51,2014-10-10,Kill the Messenger,5000000,2450846,6656705,10,2014,1656705,33.1341,tt1216491,Kill the Messenger,Drama,7.0,41231
52,2010-12-17,Rabbit Hole,5000000,2229058,6205034,12,2010,1205034,24.10068,tt0935075,Rabbit Hole,Drama,7.0,45357
53,2015-10-23,Jem and the Holograms,5000000,2184640,2368937,10,2015,-2631063,-52.62126000000001,tt3614530,Jem and the Holograms,Adventure,4.1,6683
53,2015-10-23,Jem and the Holograms,5000000,2184640,2368937,10,2015,-2631063,-52.62126000000001,tt3614530,Jem and the Holograms,Drama,4.1,6683
53,2015-10-23,Jem and the Holograms,5000000,2184640,2368937,10,2015,-2631063,-52.62126000000001,tt3614530,Jem and the Holograms,Family,4.1,6683
54,2016-12-28,Paterson,5000000,2141423,10727536,12,2016,5727536,114.55072,tt5247022,Paterson,Comedy,7.4,55285
54,2016-12-28,Paterson,5000000,2141423,10727536,12,2016,5727536,114.55072,tt5247022,Paterson,Drama,7.4,55285
54,2016-12-28,Paterson,5000000,2141423,10727536,12,2016,5727536,114.55072,tt5247022,Paterson,Romance,7.4,55285
60,2014-09-12,Atlas Shrugged: Who Is John Galt?,5000000,851690,851690,9,2014,-4148310,-82.9662,tt2800038,Atlas Shrugged: Who Is John Galt?,Drama,4.4,2661
60,2014-09-12,Atlas Shrugged: Who Is John Galt?,5000000,851690,851690,9,2014,-4148310,-82.9662,tt2800038,Atlas Shrugged: Who Is John Galt?,Mystery,4.4,2661
60,2014-09-12,Atlas Shrugged: Who Is John Galt?,5000000,851690,851690,9,2014,-4148310,-82.9662,tt2800038,Atlas Shrugged: Who Is John Galt?,Sci-Fi,4.4,2661
64,2013-08-16,Ain't Them Bodies Saints,5000000,391611,1075009,8,2013,-3924991,-78.49982,tt2388637,Ain't Them Bodies Saints,Crime,6.4,19464
64,2013-08-16,Ain't Them Bodies Saints,5000000,391611,1075009,8,2013,-3924991,-78.49982,tt2388637,Ain't Them Bodies Saints,Drama,6.4,19464
64,2013-08-16,Ain't Them Bodies Saints,5000000,391611,1075009,8,2013,-3924991,-78.49982,tt2388637,Ain't Them Bodies Saints,Romance,6.4,19464
71,2015-08-07,Cop Car,5000000,134552,143658,8,2015,-4856342,-97.12684,tt3813310,Cop Car,Crime,6.3,27081
71,2015-08-07,Cop Car,5000000,134552,143658,8,2015,-4856342,-97.12684,tt3813310,Cop Car,Thriller,6.3,27081
78,2014-10-17,Rudderless,5000000,56001,567219,10,2014,-4432781,-88.65562,tt1798243,Rudderless,Comedy,7.5,16303
78,2014-10-17,Rudderless,5000000,56001,567219,10,2014,-4432781,-88.65562,tt1798243,Rudderless,Drama,7.5,16303
78,2014-10-17,Rudderless,5000000,56001,567219,10,2014,-4432781,-88.65562,tt1798243,Rudderless,Music,7.5,16303
81,2015-05-15,Area 51,5000000,7556,7556,5,2015,-4992444,-99.84888000000001,tt1519461,Area 51,Horror,4.2,11537
81,2015-05-15,Area 51,5000000,7556,7556,5,2015,-4992444,-99.84888000000001,tt1519461,Area 51,Sci-Fi,4.2,11537
81,2015-05-15,Area 51,5000000,7556,7556,5,2015,-4992444,-99.84888000000001,tt1519461,Area 51,Thriller,4.2,11537
85,2014-12-05,Dying of the Light,5000000,0,74639,12,2014,-4925361,-98.50722,tt1274586,Dying of the Light,Drama,4.4,8888
85,2014-12-05,Dying of the Light,5000000,0,74639,12,2014,-4925361,-98.50722,tt1274586,Dying of the Light,Thriller,4.4,8888
86,2016-09-02,Yoga Hosers,5000000,0,22958,9,2016,-4977042,-99.54084,tt3838992,Yoga Hosers,Action,4.3,10483
86,2016-09-02,Yoga Hosers,5000000,0,22958,9,2016,-4977042,-99.54084,tt3838992,Yoga Hosers,Comedy,4.3,10483
86,2016-09-02,Yoga Hosers,5000000,0,22958,9,2016,-4977042,-99.54084,tt3838992,Yoga Hosers,Fantasy,4.3,10483
90,2014-11-21,Reach Me,5000000,0,0,11,2014,-5000000,-100.0,tt0959306,Reach Me,Comedy,4.9,2304
90,2014-11-21,Reach Me,5000000,0,0,11,2014,-5000000,-100.0,tt0959306,Reach Me,Crime,4.9,2304
90,2014-11-21,Reach Me,5000000,0,0,11,2014,-5000000,-100.0,tt0959306,Reach Me,Drama,4.9,2304
91,2014-08-18,Henry & Me,5000000,0,0,8,2014,-5000000,-100.0,tt1460798,Henry & Me,Animation,6.2,132
91,2014-08-18,Henry & Me,5000000,0,0,8,2014,-5000000,-100.0,tt1460798,Henry & Me,Family,6.2,132
92,2015-01-27,Born of War,5000000,0,0,1,2015,-5000000,-100.0,tt1554921,Born of War,Action,4.4,333
92,2015-01-27,Born of War,5000000,0,0,1,2015,-5000000,-100.0,tt1554921,Born of War,Drama,4.4,333
92,2015-01-27,Born of War,5000000,0,0,1,2015,-5000000,-100.0,tt1554921,Born of War,Thriller,4.4,333
93,2015-01-09,Let's Kill Ward's Wife,5000000,0,0,1,2015,-5000000,-100.0,tt2980708,Let's Kill Ward's Wife,Comedy,5.4,5164
93,2015-01-09,Let's Kill Ward's Wife,5000000,0,0,1,2015,-5000000,-100.0,tt2980708,Let's Kill Ward's Wife,Crime,5.4,5164
96,2012-12-31,Should've Been Romeo,5000000,0,0,12,2012,-5000000,-100.0,tt1717210,Should've Been Romeo,Comedy,6.5,44
96,2012-12-31,Should've Been Romeo,5000000,0,0,12,2012,-5000000,-100.0,tt1717210,Should've Been Romeo,Drama,6.5,44
97,2015-12-31,Aztec Warrior,5000000,0,0,12,2015,-5000000,-100.0,tt2237914,Aztec Warrior,Action,6.2,34
97,2015-12-31,Aztec Warrior,5000000,0,0,12,2015,-5000000,-100.0,tt2237914,Aztec Warrior,Comedy,6.2,34
99,2016-03-15,The Hatching,5000000,0,0,3,2016,-5000000,-100.0,tt2938464,The Hatching,Action,4.0,662
99,2016-03-15,The Hatching,5000000,0,0,3,2016,-5000000,-100.0,tt2938464,The Hatching,Adventure,4.0,662
99,2016-03-15,The Hatching,5000000,0,0,3,2016,-5000000,-100.0,tt2938464,The Hatching,Comedy,4.0,662
100,2015-10-27,Running Forever,5000000,0,0,10,2015,-5000000,-100.0,tt4453560,Running Forever,Family,5.8,23
1,2015-01-23,Mommy,4900000,3498695,17536004,1,2015,12636004,257.8776326530613,tt3612616,Mommy,Drama,8.1,43020
4,2012-08-17,The Awakening,4900000,95933,6924321,8,2012,2024321,41.31267346938776,tt1373405,The Awakening,Horror,2.4,141
4,2012-08-17,The Awakening,4900000,95933,6924321,8,2012,2024321,41.31267346938776,tt1373405,The Awakening,Thriller,2.4,141
4,2012-08-17,The Awakening,4900000,95933,6924321,8,2012,2024321,41.31267346938776,tt1687901,The Awakening,Horror,6.5,60215
4,2012-08-17,The Awakening,4900000,95933,6924321,8,2012,2024321,41.31267346938776,tt1687901,The Awakening,Thriller,6.5,60215
8,2013-07-19,Only God Forgives,4800000,775849,4494560,7,2013,-305440,-6.363333333333332,tt1602613,Only God Forgives,Crime,5.7,100318
8,2013-07-19,Only God Forgives,4800000,775849,4494560,7,2013,-305440,-6.363333333333332,tt1602613,Only God Forgives,Drama,5.7,100318
9,2011-09-30,Take Shelter,4750000,1728953,4972016,9,2011,222016,4.674021052631579,tt1675192,Take Shelter,Drama,7.4,83200
9,2011-09-30,Take Shelter,4750000,1728953,4972016,9,2011,222016,4.674021052631579,tt1675192,Take Shelter,Horror,7.4,83200
9,2011-09-30,Take Shelter,4750000,1728953,4972016,9,2011,222016,4.674021052631579,tt1675192,Take Shelter,Thriller,7.4,83200
14,2011-12-31,Without Men,4700000,0,0,12,2011,-4700000,-100.0,tt1547090,Without Men,Comedy,3.3,1576
15,2015-03-10,Treading Water,4700000,0,0,3,2015,-4700000,-100.0,tt2091427,Treading Water,Comedy,6.2,515
15,2015-03-10,Treading Water,4700000,0,0,3,2015,-4700000,-100.0,tt2091427,Treading Water,Drama,6.2,515
18,2012-09-14,Barfi,4600000,2804874,36751984,9,2012,32151984,698.9561739130435,tt3099638,Barfi,Comedy,6.5,114
18,2012-09-14,Barfi,4600000,2804874,36751984,9,2012,32151984,698.9561739130435,tt3099638,Barfi,Romance,6.5,114
31,2056-06-27,Moby Dick,4500000,10400000,10400000,6,2056,5900000,131.11111111111111,tt1984208,Moby Dick,Action,6.4,295
32,2016-03-25,The Lobster,4500000,9196278,18019834,3,2016,13519834,300.4407555555556,tt3464902,The Lobster,Comedy,7.1,182622
32,2016-03-25,The Lobster,4500000,9196278,18019834,3,2016,13519834,300.4407555555556,tt3464902,The Lobster,Drama,7.1,182622
32,2016-03-25,The Lobster,4500000,9196278,18019834,3,2016,13519834,300.4407555555556,tt3464902,The Lobster,Romance,7.1,182622
46,2011-10-07,Blackthorn,4500000,200558,1217307,10,2011,-3282693,-72.94873333333334,tt1629705,Blackthorn,Action,6.6,8553
46,2011-10-07,Blackthorn,4500000,200558,1217307,10,2011,-3282693,-72.94873333333334,tt1629705,Blackthorn,Adventure,6.6,8553
46,2011-10-07,Blackthorn,4500000,200558,1217307,10,2011,-3282693,-72.94873333333334,tt1629705,Blackthorn,Western,6.6,8553
47,2015-05-08,Maggie,4500000,187112,1027760,5,2015,-3472240,-77.16088888888889,tt1881002,Maggie,Drama,5.6,38671
47,2015-05-08,Maggie,4500000,187112,1027760,5,2015,-3472240,-77.16088888888889,tt1881002,Maggie,Horror,5.6,38671
47,2015-05-08,Maggie,4500000,187112,1027760,5,2015,-3472240,-77.16088888888889,tt9000062,Maggie,Drama,6.4,16
53,2013-03-01,The Sweeney,4500000,26345,8000366,3,2013,3500366,77.78591111111109,tt0857190,The Sweeney,Action,6.1,18095
53,2013-03-01,The Sweeney,4500000,26345,8000366,3,2013,3500366,77.78591111111109,tt0857190,The Sweeney,Crime,6.1,18095
53,2013-03-01,The Sweeney,4500000,26345,8000366,3,2013,3500366,77.78591111111109,tt0857190,The Sweeney,Drama,6.1,18095
54,2014-09-04,Falcon Rising,4500000,11774,11774,9,2014,-4488226,-99.73835555555556,tt2295722,Falcon Rising,Action,5.8,6955
54,2014-09-04,Falcon Rising,4500000,11774,11774,9,2014,-4488226,-99.73835555555556,tt2295722,Falcon Rising,Adventure,5.8,6955
55,2013-06-25,Hansel & Gretel Get Baked,4500000,0,0,6,2013,-4500000,-100.0,tt2081194,Hansel & Gretel Get Baked,Comedy,4.3,3225
55,2013-06-25,Hansel & Gretel Get Baked,4500000,0,0,6,2013,-4500000,-100.0,tt2081194,Hansel & Gretel Get Baked,Horror,4.3,3225
56,2014-11-07,Fugly,4500000,0,0,11,2014,-4500000,-100.0,tt3683702,Fugly,Drama,4.7,920
56,2014-11-07,Fugly,4500000,0,0,11,2014,-4500000,-100.0,tt3683702,Fugly,Thriller,4.7,920
57,2015-08-28,Zipper,4500000,0,0,8,2015,-4500000,-100.0,tt3346224,Zipper,Drama,5.8,6120
57,2015-08-28,Zipper,4500000,0,0,8,2015,-4500000,-100.0,tt3346224,Zipper,Thriller,5.8,6120
58,2015-11-03,The Final Girls,4500000,0,0,11,2015,-4500000,-100.0,tt2118624,The Final Girls,Comedy,6.6,30219
58,2015-11-03,The Final Girls,4500000,0,0,11,2015,-4500000,-100.0,tt2118624,The Final Girls,Drama,6.6,30219
58,2015-11-03,The Final Girls,4500000,0,0,11,2015,-4500000,-100.0,tt2118624,The Final Girls,Fantasy,6.6,30219
58,2015-11-03,The Final Girls,4500000,0,0,11,2015,-4500000,-100.0,tt7011980,The Final Girls,Comedy,5.4,5
58,2015-11-03,The Final Girls,4500000,0,0,11,2015,-4500000,-100.0,tt7011980,The Final Girls,Horror,5.4,5
59,2017-12-01,Daisy Winters,4500000,0,0,12,2017,-4500000,-100.0,tt3702088,Daisy Winters,Drama,6.8,68
64,2014-06-06,Anna,4357373,0,1200000,6,2014,-3157373,-72.46047102233388,tt1715336,Anna,Drama,6.5,19733
64,2014-06-06,Anna,4357373,0,1200000,6,2014,-3157373,-72.46047102233388,tt1715336,Anna,Mystery,6.5,19733
64,2014-06-06,Anna,4357373,0,1200000,6,2014,-3157373,-72.46047102233388,tt1715336,Anna,Sci-Fi,6.5,19733
64,2014-06-06,Anna,4357373,0,1200000,6,2014,-3157373,-72.46047102233388,tt3673036,Anna,Drama,6.8,106
64,2014-06-06,Anna,4357373,0,1200000,6,2014,-3157373,-72.46047102233388,tt3872918,Anna,Crime,5.6,88
64,2014-06-06,Anna,4357373,0,1200000,6,2014,-3157373,-72.46047102233388,tt3872918,Anna,Drama,5.6,88
64,2014-06-06,Anna,4357373,0,1200000,6,2014,-3157373,-72.46047102233388,tt3872918,Anna,Thriller,5.6,88
64,2014-06-06,Anna,4357373,0,1200000,6,2014,-3157373,-72.46047102233388,tt4898888,Anna,Drama,6.3,285
64,2014-06-06,Anna,4357373,0,1200000,6,2014,-3157373,-72.46047102233388,tt6118134,Anna,Biography,5.0,37
64,2014-06-06,Anna,4357373,0,1200000,6,2014,-3157373,-72.46047102233388,tt6427854,Anna,Horror,2.4,341
71,2010-08-13,Animal Kingdom,4200000,1044039,8078683,8,2010,3878683,92.34959523809523,tt1313092,Animal Kingdom,Crime,7.3,51576
71,2010-08-13,Animal Kingdom,4200000,1044039,8078683,8,2010,3878683,92.34959523809523,tt1313092,Animal Kingdom,Drama,7.3,51576
73,2011-10-21,Cargo,4200000,0,313230,10,2011,-3886770,-92.54214285714286,tt1507261,Cargo,Drama,5.2,454
73,2011-10-21,Cargo,4200000,0,313230,10,2011,-3886770,-92.54214285714286,tt3860916,Cargo,Drama,6.3,27339
73,2011-10-21,Cargo,4200000,0,313230,10,2011,-3886770,-92.54214285714286,tt3860916,Cargo,Horror,6.3,27339
73,2011-10-21,Cargo,4200000,0,313230,10,2011,-3886770,-92.54214285714286,tt3860916,Cargo,Sci-Fi,6.3,27339
73,2011-10-21,Cargo,4200000,0,313230,10,2011,-3886770,-92.54214285714286,tt5207838,Cargo,Drama,7.9,33
73,2011-10-21,Cargo,4200000,0,313230,10,2011,-3886770,-92.54214285714286,tt5492502,Cargo,Drama,6.4,309
81,2015-01-23,The Boy Next Door,4000000,36006065,53401938,1,2015,49401938,1235.04845,tt3181822,The Boy Next Door,Horror,4.7,34816
81,2015-01-23,The Boy Next Door,4000000,36006065,53401938,1,2015,49401938,1235.04845,tt3181822,The Boy Next Door,Thriller,4.7,34816
85,2014-07-11,Boyhood,4000000,25379975,57273049,7,2014,53273049,1331.826225,tt1065073,Boyhood,Drama,7.9,315584
86,2060-12-15,Exodus,4000000,21750000,21750000,12,2060,17750000,443.75,tt1764565,Exodus,Documentary,7.2,27
86,2060-12-15,Exodus,4000000,21750000,21750000,12,2060,17750000,443.75,tt3006856,Exodus,Sci-Fi,7.0,6
87,2010-07-09,The Kids Are All Right,4000000,20811365,36275469,7,2010,32275469,806.8867250000002,tt0842926,The Kids Are All Right,Comedy,7.0,120656
87,2010-07-09,The Kids Are All Right,4000000,20811365,36275469,7,2010,32275469,806.8867250000002,tt0842926,The Kids Are All Right,Drama,7.0,120656
87,2010-07-09,The Kids Are All Right,4000000,20811365,36275469,7,2010,32275469,806.8867250000002,tt0842926,The Kids Are All Right,Romance,7.0,120656
89,2014-04-18,A Haunted House 2,4000000,17329487,21206861,4,2014,17206861,430.171525,tt2828996,A Haunted House 2,Comedy,4.7,18085
89,2014-04-18,A Haunted House 2,4000000,17329487,21206861,4,2014,17206861,430.171525,tt2828996,A Haunted House 2,Fantasy,4.7,18085
90,2013-03-01,The Last Exorcism Part II,4000000,15179303,25448707,3,2013,21448707,536.217675,tt2034139,The Last Exorcism Part II,Drama,4.0,15124
90,2013-03-01,The Last Exorcism Part II,4000000,15179303,25448707,3,2013,21448707,536.217675,tt2034139,The Last Exorcism Part II,Horror,4.0,15124
90,2013-03-01,The Last Exorcism Part II,4000000,15179303,25448707,3,2013,21448707,536.217675,tt2034139,The Last Exorcism Part II,Thriller,4.0,15124
98,2016-05-13,The Darkness,4000000,10753574,10898293,5,2016,6898293,172.457325,tt1878841,The Darkness,Horror,4.4,12435
98,2016-05-13,The Darkness,4000000,10753574,10898293,5,2016,6898293,172.457325,tt1878841,The Darkness,Thriller,4.4,12435
98,2016-05-13,The Darkness,4000000,10753574,10898293,5,2016,6898293,172.457325,tt4935746,The Darkness,Thriller,5.7,196
18,2012-08-24,Samsara,4000000,2672413,5966671,8,2012,1966671,49.166775,tt0770802,Samsara,Documentary,8.5,29725
18,2012-08-24,Samsara,4000000,2672413,5966671,8,2012,1966671,49.166775,tt0770802,Samsara,Music,8.5,29725
20,2011-06-17,The Art of Getting By,4000000,1430241,1989035,6,2011,-2010965,-50.27412500000001,tt1645080,The Art of Getting By,Drama,6.6,53682
20,2011-06-17,The Art of Getting By,4000000,1430241,1989035,6,2011,-2010965,-50.27412500000001,tt1645080,The Art of Getting By,Romance,6.6,53682
22,2011-09-23,Red State,4000000,1065429,1983596,9,2011,-2016404,-50.4101,tt0873886,Red State,Action,6.2,59266
22,2011-09-23,Red State,4000000,1065429,1983596,9,2011,-2016404,-50.4101,tt0873886,Red State,Crime,6.2,59266
22,2011-09-23,Red State,4000000,1065429,1983596,9,2011,-2016404,-50.4101,tt0873886,Red State,Horror,6.2,59266
25,2012-10-17,Holy Motors,4000000,641054,4230426,10,2012,230426,5.76065,tt2076220,Holy Motors,Drama,7.1,36874
25,2012-10-17,Holy Motors,4000000,641054,4230426,10,2012,230426,5.76065,tt2076220,Holy Motors,Fantasy,7.1,36874
26,2014-06-13,The Signal,4000000,600896,2665322,6,2014,-1334678,-33.36695,tt2910814,The Signal,Drama,6.1,58407
26,2014-06-13,The Signal,4000000,600896,2665322,6,2014,-1334678,-33.36695,tt2910814,The Signal,Mystery,6.1,58407
26,2014-06-13,The Signal,4000000,600896,2665322,6,2014,-1334678,-33.36695,tt2910814,The Signal,Sci-Fi,6.1,58407
29,2014-03-07,The Face of Love,4000000,385069,1158877,3,2014,-2841123,-71.028075,tt1839642,The Face of Love,Drama,6.2,4710
29,2014-03-07,The Face of Love,4000000,385069,1158877,3,2014,-2841123,-71.028075,tt1839642,The Face of Love,Mystery,6.2,4710
29,2014-03-07,The Face of Love,4000000,385069,1158877,3,2014,-2841123,-71.028075,tt1839642,The Face of Love,Romance,6.2,4710
30,2014-04-11,Joe,4000000,373375,373375,4,2014,-3626625,-90.665625,tt2382396,Joe,Crime,6.9,42825
30,2014-04-11,Joe,4000000,373375,373375,4,2014,-3626625,-90.665625,tt2382396,Joe,Drama,6.9,42825
35,2019-06-07,Late Night,4000000,246305,246305,6,2019,-3753695,-93.842375,tt6107548,Late Night,Comedy,5.9,953
35,2019-06-07,Late Night,4000000,246305,246305,6,2019,-3753695,-93.842375,tt6107548,Late Night,Drama,5.9,953
38,2015-04-10,Desert Dancer,4000000,155271,596335,4,2015,-3403665,-85.09162500000002,tt2403393,Desert Dancer,Biography,6.2,1653
38,2015-04-10,Desert Dancer,4000000,155271,596335,4,2015,-3403665,-85.09162500000002,tt2403393,Desert Dancer,Drama,6.2,1653
38,2015-04-10,Desert Dancer,4000000,155271,596335,4,2015,-3403665,-85.09162500000002,tt2403393,Desert Dancer,Music,6.2,1653
41,2015-06-19,Manglehorn,4000000,132270,797439,6,2015,-3202561,-80.064025,tt2893490,Manglehorn,Drama,5.6,6564
43,2011-04-01,Trust,4000000,120016,120016,4,2011,-3879984,-96.9996,tt1529572,Trust,Crime,6.9,39422
43,2011-04-01,Trust,4000000,120016,120016,4,2011,-3879984,-96.9996,tt1529572,Trust,Drama,6.9,39422
43,2011-04-01,Trust,4000000,120016,120016,4,2011,-3879984,-96.9996,tt1529572,Trust,Thriller,6.9,39422
43,2011-04-01,Trust,4000000,120016,120016,4,2011,-3879984,-96.9996,tt5541186,Trust,Drama,7.3,10
43,2011-04-01,Trust,4000000,120016,120016,4,2011,-3879984,-96.9996,tt8779022,Trust,Crime,6.4,30
43,2011-04-01,Trust,4000000,120016,120016,4,2011,-3879984,-96.9996,tt8779022,Trust,Drama,6.4,30
47,2011-04-22,Stake Land,4000000,33245,679482,4,2011,-3320518,-83.01294999999998,tt1464580,Stake Land,Drama,6.5,38749
47,2011-04-22,Stake Land,4000000,33245,679482,4,2011,-3320518,-83.01294999999998,tt1464580,Stake Land,Horror,6.5,38749
47,2011-04-22,Stake Land,4000000,33245,679482,4,2011,-3320518,-83.01294999999998,tt1464580,Stake Land,Sci-Fi,6.5,38749
51,2014-04-18,13 Sins,4000000,9134,47552,4,2014,-3952448,-98.8112,tt2059171,13 Sins,Horror,6.3,29550
51,2014-04-18,13 Sins,4000000,9134,47552,4,2014,-3952448,-98.8112,tt2059171,13 Sins,Thriller,6.3,29550
52,2011-11-18,Another Happy Day,4000000,9120,978527,11,2011,-3021473,-75.536825,tt1719071,Another Happy Day,Comedy,6.0,3793
52,2011-11-18,Another Happy Day,4000000,9120,978527,11,2011,-3021473,-75.536825,tt1719071,Another Happy Day,Drama,6.0,3793
53,2013-02-22,Inescapable,4000000,4327,4327,2,2013,-3995673,-99.891825,tt1844203,Inescapable,Action,5.2,2410
53,2013-02-22,Inescapable,4000000,4327,4327,2,2013,-3995673,-99.891825,tt1844203,Inescapable,Drama,5.2,2410
53,2013-02-22,Inescapable,4000000,4327,4327,2,2013,-3995673,-99.891825,tt1844203,Inescapable,Mystery,5.2,2410
56,2012-03-20,A Lonely Place to Die,4000000,0,442550,3,2012,-3557450,-88.93625,tt1422136,A Lonely Place to Die,Adventure,6.3,25547
56,2012-03-20,A Lonely Place to Die,4000000,0,442550,3,2012,-3557450,-88.93625,tt1422136,A Lonely Place to Die,Crime,6.3,25547
56,2012-03-20,A Lonely Place to Die,4000000,0,442550,3,2012,-3557450,-88.93625,tt1422136,A Lonely Place to Die,Thriller,6.3,25547
62,2012-11-09,Replicas,4000000,0,0,11,2012,-4000000,-100.0,tt4154916,Replicas,Drama,5.4,17336
62,2012-11-09,Replicas,4000000,0,0,11,2012,-4000000,-100.0,tt4154916,Replicas,Sci-Fi,5.4,17336
62,2012-11-09,Replicas,4000000,0,0,11,2012,-4000000,-100.0,tt4154916,Replicas,Thriller,5.4,17336
64,2015-12-31,The Veil,4000000,0,0,12,2015,-4000000,-100.0,tt3343868,The Veil,Action,3.5,1236
64,2015-12-31,The Veil,4000000,0,0,12,2015,-4000000,-100.0,tt3343868,The Veil,Adventure,3.5,1236
64,2015-12-31,The Veil,4000000,0,0,12,2015,-4000000,-100.0,tt3343868,The Veil,Sci-Fi,3.5,1236
64,2015-12-31,The Veil,4000000,0,0,12,2015,-4000000,-100.0,tt3533916,The Veil,Horror,4.8,6895
65,2014-07-11,The Perfect Wave,4000000,0,0,7,2014,-4000000,-100.0,tt2414822,The Perfect Wave,Adventure,4.8,1015
65,2014-07-11,The Perfect Wave,4000000,0,0,7,2014,-4000000,-100.0,tt2414822,The Perfect Wave,Biography,4.8,1015
65,2014-07-11,The Perfect Wave,4000000,0,0,7,2014,-4000000,-100.0,tt2414822,The Perfect Wave,Drama,4.8,1015
67,2015-09-08,Chain of Command,4000000,0,0,9,2015,-4000000,-100.0,tt4340720,Chain of Command,Action,3.5,1189
67,2015-09-08,Chain of Command,4000000,0,0,9,2015,-4000000,-100.0,tt4340720,Chain of Command,Thriller,3.5,1189
79,2010-11-05,Four Lions,3750000,310007,2436111,11,2010,-1313889,-35.037040000000005,tt1341167,Four Lions,Comedy,7.3,66209
79,2010-11-05,Four Lions,3750000,310007,2436111,11,2010,-1313889,-35.037040000000005,tt1341167,Four Lions,Crime,7.3,66209
79,2010-11-05,Four Lions,3750000,310007,2436111,11,2010,-1313889,-35.037040000000005,tt1341167,Four Lions,Drama,7.3,66209
91,2018-04-13,Truth or Dare,3500000,41411015,95127344,4,2018,91627344,2617.9241142857145,tt2125681,Truth or Dare,Horror,6.0,14
91,2018-04-13,Truth or Dare,3500000,41411015,95127344,4,2018,91627344,2617.9241142857145,tt2125681,Truth or Dare,Romance,6.0,14
91,2018-04-13,Truth or Dare,3500000,41411015,95127344,4,2018,91627344,2617.9241142857145,tt2125681,Truth or Dare,Thriller,6.0,14
91,2018-04-13,Truth or Dare,3500000,41411015,95127344,4,2018,91627344,2617.9241142857145,tt2321661,Truth or Dare,Comedy,5.0,10
91,2018-04-13,Truth or Dare,3500000,41411015,95127344,4,2018,91627344,2617.9241142857145,tt2321661,Truth or Dare,Romance,5.0,10
91,2018-04-13,Truth or Dare,3500000,41411015,95127344,4,2018,91627344,2617.9241142857145,tt2762738,Truth or Dare,Horror,4.8,554
91,2018-04-13,Truth or Dare,3500000,41411015,95127344,4,2018,91627344,2617.9241142857145,tt2762738,Truth or Dare,Thriller,4.8,554
91,2018-04-13,Truth or Dare,3500000,41411015,95127344,4,2018,91627344,2617.9241142857145,tt5944422,Truth or Dare,Drama,6.8,12
91,2018-04-13,Truth or Dare,3500000,41411015,95127344,4,2018,91627344,2617.9241142857145,tt5944422,Truth or Dare,Romance,6.8,12
91,2018-04-13,Truth or Dare,3500000,41411015,95127344,4,2018,91627344,2617.9241142857145,tt6772950,Truth or Dare,Horror,5.2,33621
91,2018-04-13,Truth or Dare,3500000,41411015,95127344,4,2018,91627344,2617.9241142857145,tt6772950,Truth or Dare,Thriller,5.2,33621
94,2016-02-19,The Witch,3500000,25138705,40454520,2,2016,36954520,1055.8434285714286,tt4263482,The Witch,Horror,6.8,154278
94,2016-02-19,The Witch,3500000,25138705,40454520,2,2016,36954520,1055.8434285714286,tt4263482,The Witch,Mystery,6.8,154278
95,2018-02-02,Winchester,3500000,25091816,44378040,2,2018,40878040,1167.944,tt1072748,Winchester,Biography,5.4,24351
95,2018-02-02,Winchester,3500000,25091816,44378040,2,2018,40878040,1167.944,tt1072748,Winchester,Drama,5.4,24351
95,2018-02-02,Winchester,3500000,25091816,44378040,2,2018,40878040,1167.944,tt1072748,Winchester,Fantasy,5.4,24351
97,2013-02-22,Dark Skies,3500000,17418667,27704111,2,2013,24204111,691.5460285714287,tt2387433,Dark Skies,Horror,6.3,65754
97,2013-02-22,Dark Skies,3500000,17418667,27704111,2,2013,24204111,691.5460285714287,tt2387433,Dark Skies,Sci-Fi,6.3,65754
97,2013-02-22,Dark Skies,3500000,17418667,27704111,2,2013,24204111,691.5460285714287,tt2387433,Dark Skies,Thriller,6.3,65754
98,2018-01-19,Forever My Girl,3500000,16376066,16376066,1,2018,12876066,367.8876,tt4103724,Forever My Girl,Drama,6.7,10316
98,2018-01-19,Forever My Girl,3500000,16376066,16376066,1,2018,12876066,367.8876,tt4103724,Forever My Girl,Music,6.7,10316
98,2018-01-19,Forever My Girl,3500000,16376066,16376066,1,2018,12876066,367.8876,tt4103724,Forever My Girl,Romance,6.7,10316
2,2072-06-21,Frenzy,3500000,12600000,12600000,6,2072,9100000,260.0,tt4236994,Frenzy,Thriller,8.1,16
2,2072-06-21,Frenzy,3500000,12600000,12600000,6,2072,9100000,260.0,tt4895740,Frenzy,Drama,7.4,2528
11,2018-05-18,First Reformed,3500000,3448256,3874772,5,2018,374772,10.707771428571428,tt6053438,First Reformed,Drama,7.1,33542
11,2018-05-18,First Reformed,3500000,3448256,3874772,5,2018,374772,10.707771428571428,tt6053438,First Reformed,Mystery,7.1,33542
11,2018-05-18,First Reformed,3500000,3448256,3874772,5,2018,374772,10.707771428571428,tt6053438,First Reformed,Thriller,7.1,33542
13,2016-12-02,Believe,3500000,890303,890303,12,2016,-2609697,-74.56277142857142,tt2009606,Believe,Drama,5.7,695
13,2016-12-02,Believe,3500000,890303,890303,12,2016,-2609697,-74.56277142857142,tt2009606,Believe,Sport,5.7,695
13,2016-12-02,Believe,3500000,890303,890303,12,2016,-2609697,-74.56277142857142,tt4700756,Believe,Drama,5.0,338
15,2016-09-30,American Honey,3500000,663247,2611750,9,2016,-888250,-25.378571428571423,tt3721936,American Honey,Adventure,7.0,31663
15,2016-09-30,American Honey,3500000,663247,2611750,9,2016,-888250,-25.378571428571423,tt3721936,American Honey,Drama,7.0,31663
15,2016-09-30,American Honey,3500000,663247,2611750,9,2016,-888250,-25.378571428571423,tt3721936,American Honey,Romance,7.0,31663
16,2016-03-18,The Bronze,3500000,615816,615816,3,2016,-2884184,-82.40525714285717,tt3859304,The Bronze,Comedy,6.0,9043
16,2016-03-18,The Bronze,3500000,615816,615816,3,2016,-2884184,-82.40525714285717,tt3859304,The Bronze,Drama,6.0,9043
16,2016-03-18,The Bronze,3500000,615816,615816,3,2016,-2884184,-82.40525714285717,tt3859304,The Bronze,Sport,6.0,9043
19,2016-01-08,The Masked Saint,3500000,182695,182695,1,2016,-3317305,-94.78014285714286,tt3103166,The Masked Saint,Action,4.6,559
19,2016-01-08,The Masked Saint,3500000,182695,182695,1,2016,-3317305,-94.78014285714286,tt3103166,The Masked Saint,Biography,4.6,559
19,2016-01-08,The Masked Saint,3500000,182695,182695,1,2016,-3317305,-94.78014285714286,tt3103166,The Masked Saint,Crime,4.6,559
22,2016-06-03,Time to Choose,3500000,29233,29233,6,2016,-3470767,-99.16477142857143,tt5001130,Time to Choose,Documentary,7.5,186
25,2011-12-31,The Kick,3500000,0,40622,12,2011,-3459378,-98.83937142857144,tt2020110,The Kick,Action,5.7,780
25,2011-12-31,The Kick,3500000,0,40622,12,2011,-3459378,-98.83937142857144,tt2020110,The Kick,Sport,5.7,780
32,2015-06-05,Dawn Patrol,3500000,0,0,6,2015,-3500000,-100.0,tt2073661,Dawn Patrol,Drama,4.8,615
32,2015-06-05,Dawn Patrol,3500000,0,0,6,2015,-3500000,-100.0,tt2073661,Dawn Patrol,Thriller,4.8,615
34,2015-09-01,Lords of London,3440000,0,0,9,2015,-3440000,-100.0,tt1800337,Lords of London,Crime,3.2,703
34,2015-09-01,Lords of London,3440000,0,0,9,2015,-3440000,-100.0,tt1800337,Lords of London,Mystery,3.2,703
34,2015-09-01,Lords of London,3440000,0,0,9,2015,-3440000,-100.0,tt1800337,Lords of London,Thriller,3.2,703
37,2011-10-21,Margin Call,3400000,5353586,20433227,10,2011,17033227,500.97726470588236,tt1615147,Margin Call,Drama,7.1,107264
37,2011-10-21,Margin Call,3400000,5353586,20433227,10,2011,17033227,500.97726470588236,tt1615147,Margin Call,Thriller,7.1,107264
43,2014-10-10,Whiplash,3300000,13092006,38969037,10,2014,35669037,1080.879909090909,tt2582802,Whiplash,Drama,8.5,616916
43,2014-10-10,Whiplash,3300000,13092006,38969037,10,2014,35669037,1080.879909090909,tt2582802,Whiplash,Music,8.5,616916
48,2015-01-20,The Opposite Sex,3300000,0,50206,1,2015,-3249794,-98.47860606060604,tt2796678,The Opposite Sex,Comedy,4.6,821
53,2068-06-12,Rosemary's Baby,3200000,33395426,33395426,6,2068,30195426,943.6070625,tt4876464,Rosemary's Baby,Comedy,7.7,14
54,2018-07-06,Sorry to Bother You,3200000,17493096,18285560,7,2018,15085560,471.42375,tt5688932,Sorry to Bother You,Comedy,7.0,40290
54,2018-07-06,Sorry to Bother You,3200000,17493096,18285560,7,2018,15085560,471.42375,tt5688932,Sorry to Bother You,Fantasy,7.0,40290
54,2018-07-06,Sorry to Bother You,3200000,17493096,18285560,7,2018,15085560,471.42375,tt5688932,Sorry to Bother You,Sci-Fi,7.0,40290
57,2011-06-03,Beginners,3200000,5790894,14314407,6,2011,11114407,347.32521875,tt1532503,Beginners,Comedy,7.2,83770
57,2011-06-03,Beginners,3200000,5790894,14314407,6,2011,11114407,347.32521875,tt1532503,Beginners,Drama,7.2,83770
57,2011-06-03,Beginners,3200000,5790894,14314407,6,2011,11114407,347.32521875,tt1532503,Beginners,Romance,7.2,83770
58,2016-04-22,The Meddler,3200000,4267219,5526942,4,2016,2326942,72.7169375,tt4501454,The Meddler,Comedy,6.3,10629
58,2016-04-22,The Meddler,3200000,4267219,5526942,4,2016,2326942,72.7169375,tt4501454,The Meddler,Drama,6.3,10629
58,2016-04-22,The Meddler,3200000,4267219,5526942,4,2016,2326942,72.7169375,tt4501454,The Meddler,Romance,6.3,10629
63,2013-04-12,Antiviral,3100000,0,123407,4,2013,-2976593,-96.01912903225808,tt2099556,Antiviral,Horror,5.7,11025
63,2013-04-12,Antiviral,3100000,0,123407,4,2013,-2976593,-96.01912903225808,tt2099556,Antiviral,Sci-Fi,5.7,11025
63,2013-04-12,Antiviral,3100000,0,123407,4,2013,-2976593,-96.01912903225808,tt2099556,Antiviral,Thriller,5.7,11025
65,2010-10-20,Paranormal Activity 2,3000000,84752907,177512032,10,2010,174512032,5817.067733333332,tt1536044,Paranormal Activity 2,Horror,5.7,93122
66,2015-08-28,War Room,3000000,67790117,73975239,8,2015,70975239,2365.8413,tt3832914,War Room,Drama,6.5,11716
67,2013-06-07,The Purge,3000000,64473115,91266581,6,2013,88266581,2942.2193666666667,tt2184339,The Purge,Horror,5.7,183549
67,2013-06-07,The Purge,3000000,64473115,91266581,6,2013,88266581,2942.2193666666667,tt2184339,The Purge,Thriller,5.7,183549
69,2012-10-12,Sinister,3000000,48086903,87727807,10,2012,84727807,2824.260233333333,tt1922777,Sinister,Horror,6.8,198345
69,2012-10-12,Sinister,3000000,48086903,87727807,10,2012,84727807,2824.260233333333,tt1922777,Sinister,Mystery,6.8,198345
69,2012-10-12,Sinister,3000000,48086903,87727807,10,2012,84727807,2824.260233333333,tt1922777,Sinister,Thriller,6.8,198345
89,2018-06-01,Upgrade,3000000,11977130,16553285,6,2018,13553285,451.7761666666667,tt6499752,Upgrade,Action,7.6,104978
89,2018-06-01,Upgrade,3000000,11977130,16553285,6,2018,13553285,451.7761666666667,tt6499752,Upgrade,Sci-Fi,7.6,104978
89,2018-06-01,Upgrade,3000000,11977130,16553285,6,2018,13553285,451.7761666666667,tt6499752,Upgrade,Thriller,7.6,104978
89,2018-06-01,Upgrade,3000000,11977130,16553285,6,2018,13553285,451.7761666666667,tt6739824,Upgrade,Drama,8.8,69
97,2048-08-26,Red River,3000000,9012000,9012000,8,2048,6012000,200.4,tt1498568,Red River,Horror,2.3,179
99,2013-05-24,Before Midnight,3000000,8110621,23251930,5,2013,20251930,675.0643333333334,tt2209418,Before Midnight,Drama,7.9,123107
99,2013-05-24,Before Midnight,3000000,8110621,23251930,5,2013,20251930,675.0643333333334,tt2209418,Before Midnight,Romance,7.9,123107
3,2017-10-27,Let There Be Light,3000000,7233471,7241309,10,2017,4241309,141.37696666666662,tt5804314,Let There Be Light,Drama,4.8,2179
3,2017-10-27,Let There Be Light,3000000,7233471,7241309,10,2017,4241309,141.37696666666662,tt6184774,Let There Be Light,Documentary,6.7,127
10,2016-06-24,Swiss Army Man,3000000,4210454,5837111,6,2016,2837111,94.57036666666669,tt4034354,Swiss Army Man,Adventure,7.0,91736
10,2016-06-24,Swiss Army Man,3000000,4210454,5837111,6,2016,2837111,94.57036666666669,tt4034354,Swiss Army Man,Comedy,7.0,91736
10,2016-06-24,Swiss Army Man,3000000,4210454,5837111,6,2016,2837111,94.57036666666669,tt4034354,Swiss Army Man,Drama,7.0,91736
14,2013-05-17,Frances Ha,3000000,4067398,11262769,5,2013,8262769,275.42563333333334,tt2347569,Frances Ha,Comedy,7.4,60026
14,2013-05-17,Frances Ha,3000000,4067398,11262769,5,2013,8262769,275.42563333333334,tt2347569,Frances Ha,Drama,7.4,60026
14,2013-05-17,Frances Ha,3000000,4067398,11262769,5,2013,8262769,275.42563333333334,tt2347569,Frances Ha,Romance,7.4,60026
15,2010-04-30,Please Give,3000000,4033574,4570178,4,2010,1570178,52.33926666666666,tt0878835,Please Give,Comedy,6.6,10652
15,2010-04-30,Please Give,3000000,4033574,4570178,4,2010,1570178,52.33926666666666,tt0878835,Please Give,Drama,6.6,10652
21,2016-04-22,Compadres,3000000,3127773,7445044,4,2016,4445044,148.16813333333334,tt3367294,Compadres,Action,4.7,876
21,2016-04-22,Compadres,3000000,3127773,7445044,4,2016,4445044,148.16813333333334,tt3367294,Compadres,Comedy,4.7,876
21,2016-04-22,Compadres,3000000,3127773,7445044,4,2016,4445044,148.16813333333334,tt3367294,Compadres,Crime,4.7,876
25,2010-04-09,Letters to God,3000000,2848587,3237452,4,2010,237452,7.915066666666666,tt1462054,Letters to God,Drama,6.3,4443
25,2010-04-09,Letters to God,3000000,2848587,3237452,4,2010,237452,7.915066666666666,tt1462054,Letters to God,Family,6.3,4443
28,2014-09-19,Tusk,3000000,1821983,1887554,9,2014,-1112446,-37.08153333333333,tt3099498,Tusk,Comedy,5.3,40827
28,2014-09-19,Tusk,3000000,1821983,1887554,9,2014,-1112446,-37.08153333333333,tt3099498,Tusk,Drama,5.3,40827
28,2014-09-19,Tusk,3000000,1821983,1887554,9,2014,-1112446,-37.08153333333333,tt3099498,Tusk,Horror,5.3,40827
29,2017-05-12,The Wall,3000000,1803064,4495262,5,2017,1495262,49.84206666666667,tt1455256,The Wall,Documentary,9.2,8
29,2017-05-12,The Wall,3000000,1803064,4495262,5,2017,1495262,49.84206666666667,tt1745686,The Wall,Drama,6.8,5484
29,2017-05-12,The Wall,3000000,1803064,4495262,5,2017,1495262,49.84206666666667,tt1745686,The Wall,Fantasy,6.8,5484
29,2017-05-12,The Wall,3000000,1803064,4495262,5,2017,1495262,49.84206666666667,tt1745686,The Wall,Mystery,6.8,5484
29,2017-05-12,The Wall,3000000,1803064,4495262,5,2017,1495262,49.84206666666667,tt4218696,The Wall,Action,6.2,20391
29,2017-05-12,The Wall,3000000,1803064,4495262,5,2017,1495262,49.84206666666667,tt4218696,The Wall,Drama,6.2,20391
29,2017-05-12,The Wall,3000000,1803064,4495262,5,2017,1495262,49.84206666666667,tt4218696,The Wall,Thriller,6.2,20391
29,2017-05-12,The Wall,3000000,1803064,4495262,5,2017,1495262,49.84206666666667,tt6060874,The Wall,Drama,6.7,12
31,2012-04-06,Damsels in Distress,3000000,1007535,1324299,4,2012,-1675701,-55.8567,tt1667307,Damsels in Distress,Comedy,5.7,8794
31,2012-04-06,Damsels in Distress,3000000,1007535,1324299,4,2012,-1675701,-55.8567,tt1667307,Damsels in Distress,Drama,5.7,8794
31,2012-04-06,Damsels in Distress,3000000,1007535,1324299,4,2012,-1675701,-55.8567,tt1667307,Damsels in Distress,Romance,5.7,8794
33,2011-05-06,Hobo with a Shotgun,3000000,703372,834953,5,2011,-2165047,-72.16823333333333,tt1640459,Hobo with a Shotgun,Action,6.1,41633
33,2011-05-06,Hobo with a Shotgun,3000000,703372,834953,5,2011,-2165047,-72.16823333333333,tt1640459,Hobo with a Shotgun,Comedy,6.1,41633
33,2011-05-06,Hobo with a Shotgun,3000000,703372,834953,5,2011,-2165047,-72.16823333333333,tt1640459,Hobo with a Shotgun,Horror,6.1,41633
34,2015-05-08,The D Train,3000000,669688,772366,5,2015,-2227634,-74.25446666666666,tt2690138,The D Train,Comedy,5.0,10066
34,2015-05-08,The D Train,3000000,669688,772366,5,2015,-2227634,-74.25446666666666,tt2690138,The D Train,Drama,5.0,10066
35,2012-09-07,Bachelorette,3000000,446770,12577401,9,2012,9577401,319.2467000000001,tt1920849,Bachelorette,Comedy,5.3,43131
35,2012-09-07,Bachelorette,3000000,446770,12577401,9,2012,9577401,319.2467000000001,tt1920849,Bachelorette,Romance,5.3,43131
38,2011-09-09,Creature,3000000,331000,331000,9,2011,-2669000,-88.96666666666668,tt1686018,Creature,Horror,3.7,2723
38,2011-09-09,Creature,3000000,331000,331000,9,2011,-2669000,-88.96666666666668,tt3619854,Creature,Action,3.2,1141
38,2011-09-09,Creature,3000000,331000,331000,9,2011,-2669000,-88.96666666666668,tt3619854,Creature,Horror,3.2,1141
38,2011-09-09,Creature,3000000,331000,331000,9,2011,-2669000,-88.96666666666668,tt3619854,Creature,Sci-Fi,3.2,1141
39,2016-12-09,The Bounce Back,3000000,321910,421404,12,2016,-2578596,-85.9532,tt3253232,The Bounce Back,Comedy,5.0,492
39,2016-12-09,The Bounce Back,3000000,321910,421404,12,2016,-2578596,-85.9532,tt3253232,The Bounce Back,Romance,5.0,492
44,2012-03-02,Tim and Eric's Billion Dollar Movie,3000000,201436,223652,3,2012,-2776348,-92.54493333333332,tt1855401,Tim and Eric's Billion Dollar Movie,Comedy,5.4,9004
49,2014-08-15,Fort McCoy,3000000,78948,78948,8,2014,-2921052,-97.3684,tt1282046,Fort McCoy,Drama,5.9,319
49,2014-08-15,Fort McCoy,3000000,78948,78948,8,2014,-2921052,-97.3684,tt1282046,Fort McCoy,History,5.9,319
49,2014-08-15,Fort McCoy,3000000,78948,78948,8,2014,-2921052,-97.3684,tt1282046,Fort McCoy,War,5.9,319
52,2015-09-04,Before We Go,3000000,37151,483938,9,2015,-2516062,-83.86873333333334,tt0443465,Before We Go,Comedy,6.8,45181
52,2015-09-04,Before We Go,3000000,37151,483938,9,2015,-2516062,-83.86873333333334,tt0443465,Before We Go,Drama,6.8,45181
52,2015-09-04,Before We Go,3000000,37151,483938,9,2015,-2516062,-83.86873333333334,tt0443465,Before We Go,Romance,6.8,45181
52,2015-09-04,Before We Go,3000000,37151,483938,9,2015,-2516062,-83.86873333333334,tt4453750,Before We Go,Documentary,7.0,22
52,2015-09-04,Before We Go,3000000,37151,483938,9,2015,-2516062,-83.86873333333334,tt4453750,Before We Go,Drama,7.0,22
52,2015-09-04,Before We Go,3000000,37151,483938,9,2015,-2516062,-83.86873333333334,tt4453750,Before We Go,News,7.0,22
53,2012-01-13,The Divide,3000000,18000,156362,1,2012,-2843638,-94.78793333333331,tt1535616,The Divide,Drama,5.8,33603
53,2012-01-13,The Divide,3000000,18000,156362,1,2012,-2843638,-94.78793333333331,tt1535616,The Divide,Horror,5.8,33603
53,2012-01-13,The Divide,3000000,18000,156362,1,2012,-2843638,-94.78793333333331,tt1535616,The Divide,Sci-Fi,5.8,33603
53,2012-01-13,The Divide,3000000,18000,156362,1,2012,-2843638,-94.78793333333331,tt2254110,The Divide,Documentary,6.7,163
53,2012-01-13,The Divide,3000000,18000,156362,1,2012,-2843638,-94.78793333333331,tt4121152,The Divide,Western,7.9,7
56,2017-10-10,Demonic,3000000,0,4668109,10,2017,1668109,55.60363333333334,tt1841642,Demonic,Horror,5.3,12025
56,2017-10-10,Demonic,3000000,0,4668109,10,2017,1668109,55.60363333333334,tt1841642,Demonic,Thriller,5.3,12025
56,2017-10-10,Demonic,3000000,0,4668109,10,2017,1668109,55.60363333333334,tt8816388,Demonic,Documentary,5.7,7
58,2014-06-27,They Came Together,3000000,0,82780,6,2014,-2917220,-97.24066666666668,tt2398249,They Came Together,Comedy,5.5,19832
58,2014-06-27,They Came Together,3000000,0,82780,6,2014,-2917220,-97.24066666666668,tt2398249,They Came Together,Romance,5.5,19832
59,2013-05-21,Open Road,3000000,0,47469,5,2013,-2952531,-98.4177,tt1922679,Open Road,Action,5.5,1619
59,2013-05-21,Open Road,3000000,0,47469,5,2013,-2952531,-98.4177,tt1922679,Open Road,Drama,5.5,1619
59,2013-05-21,Open Road,3000000,0,47469,5,2013,-2952531,-98.4177,tt1922679,Open Road,Thriller,5.5,1619
61,2010-10-01,Barry Munday,3000000,0,0,10,2010,-3000000,-100.0,tt0482461,Barry Munday,Comedy,5.9,3846
61,2010-10-01,Barry Munday,3000000,0,0,10,2010,-3000000,-100.0,tt0482461,Barry Munday,Drama,5.9,3846
61,2010-10-01,Barry Munday,3000000,0,0,10,2010,-3000000,-100.0,tt0482461,Barry Munday,Romance,5.9,3846
65,2015-12-31,AWOL-72,3000000,0,0,12,2015,-3000000,-100.0,tt2048865,AWOL-72,Action,3.8,785
65,2015-12-31,AWOL-72,3000000,0,0,12,2015,-3000000,-100.0,tt2048865,AWOL-72,Thriller,3.8,785
67,2015-02-06,Enter the Dangerous Mind,3000000,0,0,2,2015,-3000000,-100.0,tt2229377,Enter the Dangerous Mind,Thriller,5.2,915
68,2015-03-17,Something Wicked,3000000,0,0,3,2015,-3000000,-100.0,tt1327601,Something Wicked,Drama,4.8,1243
68,2015-03-17,Something Wicked,3000000,0,0,3,2015,-3000000,-100.0,tt1327601,Something Wicked,Horror,4.8,1243
68,2015-03-17,Something Wicked,3000000,0,0,3,2015,-3000000,-100.0,tt1327601,Something Wicked,Mystery,4.8,1243
69,2067-09-18,Point Blank,3000000,0,0,9,2067,-3000000,-100.0,tt1545759,Point Blank,Action,6.8,12706
69,2067-09-18,Point Blank,3000000,0,0,9,2067,-3000000,-100.0,tt1545759,Point Blank,Crime,6.8,12706
69,2067-09-18,Point Blank,3000000,0,0,9,2067,-3000000,-100.0,tt1545759,Point Blank,Drama,6.8,12706
69,2067-09-18,Point Blank,3000000,0,0,9,2067,-3000000,-100.0,tt3735086,Point Blank,Crime,8.2,15
69,2067-09-18,Point Blank,3000000,0,0,9,2067,-3000000,-100.0,tt3735086,Point Blank,Documentary,8.2,15
69,2067-09-18,Point Blank,3000000,0,0,9,2067,-3000000,-100.0,tt3735086,Point Blank,History,8.2,15
72,2015-08-14,Amnesiac,3000000,0,0,8,2015,-3000000,-100.0,tt2693114,Amnesiac,Drama,2.3,104
72,2015-08-14,Amnesiac,3000000,0,0,8,2015,-3000000,-100.0,tt2693114,Amnesiac,Horror,2.3,104
72,2015-08-14,Amnesiac,3000000,0,0,8,2015,-3000000,-100.0,tt2693114,Amnesiac,Thriller,2.3,104
72,2015-08-14,Amnesiac,3000000,0,0,8,2015,-3000000,-100.0,tt2837336,Amnesiac,Drama,4.3,3129
72,2015-08-14,Amnesiac,3000000,0,0,8,2015,-3000000,-100.0,tt2837336,Amnesiac,Horror,4.3,3129
72,2015-08-14,Amnesiac,3000000,0,0,8,2015,-3000000,-100.0,tt2837336,Amnesiac,Mystery,4.3,3129
73,2015-12-31,Unnatural,3000000,0,0,12,2015,-3000000,-100.0,tt3551400,Unnatural,Action,4.0,1590
73,2015-12-31,Unnatural,3000000,0,0,12,2015,-3000000,-100.0,tt3551400,Unnatural,Horror,4.0,1590
73,2015-12-31,Unnatural,3000000,0,0,12,2015,-3000000,-100.0,tt3551400,Unnatural,Sci-Fi,4.0,1590
74,2015-12-11,Close Range,3000000,0,0,12,2015,-3000000,-100.0,tt3511596,Close Range,Action,5.0,3974
74,2015-12-11,Close Range,3000000,0,0,12,2015,-3000000,-100.0,tt3511596,Close Range,Crime,5.0,3974
80,2010-10-01,Freakonomics,2900000,101270,172867,10,2010,-2727133,-94.03906896551723,tt1152822,Freakonomics,Documentary,6.4,6466
81,2011-08-19,Griff the Invisible,2900000,20778,25935,8,2011,-2874065,-99.10568965517241,tt1509803,Griff the Invisible,Comedy,6.1,4478
81,2011-08-19,Griff the Invisible,2900000,20778,25935,8,2011,-2874065,-99.10568965517241,tt1509803,Griff the Invisible,Drama,6.1,4478
81,2011-08-19,Griff the Invisible,2900000,20778,25935,8,2011,-2874065,-99.10568965517241,tt1509803,Griff the Invisible,Romance,6.1,4478
93,2018-10-26,Indivisible,2700000,3511417,3588305,10,2018,888305,32.90018518518519,tt5147828,Indivisible,Documentary,7.2,10
93,2018-10-26,Indivisible,2700000,3511417,3588305,10,2018,888305,32.90018518518519,tt5259496,Indivisible,Drama,7.1,901
93,2018-10-26,Indivisible,2700000,3511417,3588305,10,2018,888305,32.90018518518519,tt6512428,Indivisible,Drama,5.6,812
93,2018-10-26,Indivisible,2700000,3511417,3588305,10,2018,888305,32.90018518518519,tt6512428,Indivisible,War,5.6,812
95,2015-12-31,Sardaar Ji,2700000,0,8200000,12,2015,5500000,203.7037037037037,tt4080386,Sardaar Ji,Comedy,6.5,1182
95,2015-12-31,Sardaar Ji,2700000,0,8200000,12,2015,5500000,203.7037037037037,tt4080386,Sardaar Ji,Fantasy,6.5,1182
95,2015-12-31,Sardaar Ji,2700000,0,8200000,12,2015,5500000,203.7037037037037,tt4080386,Sardaar Ji,Horror,6.5,1182
98,2056-01-12,Diane,2660000,0,0,1,2056,-2660000,-100.0,tt3021984,Diane,Crime,4.6,127
98,2056-01-12,Diane,2660000,0,0,1,2056,-2660000,-100.0,tt3021984,Diane,Drama,4.6,127
98,2056-01-12,Diane,2660000,0,0,1,2056,-2660000,-100.0,tt3021984,Diane,Horror,4.6,127
98,2056-01-12,Diane,2660000,0,0,1,2056,-2660000,-100.0,tt6705860,Diane,Drama,6.5,389
3,2014-05-02,Ida,2600000,3827060,15298355,5,2014,12698355,488.39826923076924,tt2718492,Ida,Drama,7.4,46819
10,2011-04-01,"Fat, Sick & Nearly Dead",2600000,0,0,4,2011,-2600000,-100.0,tt1227378,"Fat, Sick & Nearly Dead",Documentary,7.6,8164
12,2013-01-11,A Haunted House,2500000,40041683,59922558,1,2013,57422558,2296.90232,tt2243537,A Haunted House,Comedy,5.1,40308
12,2013-01-11,A Haunted House,2500000,40041683,59922558,1,2013,57422558,2296.90232,tt2243537,A Haunted House,Fantasy,5.1,40308
14,2013-07-03,Kevin Hart: Let Me Explain,2500000,32244051,32327255,7,2013,29827255,1193.0902,tt2609912,Kevin Hart: Let Me Explain,Comedy,6.8,7880
14,2013-07-03,Kevin Hart: Let Me Explain,2500000,32244051,32327255,7,2013,29827255,1193.0902,tt2609912,Kevin Hart: Let Me Explain,Documentary,6.8,7880
22,2013-08-02,The Spectacular Now,2500000,6852971,6916951,8,2013,4416951,176.67803999999998,tt1714206,The Spectacular Now,Comedy,7.1,133887
22,2013-08-02,The Spectacular Now,2500000,6852971,6916951,8,2013,4416951,176.67803999999998,tt1714206,The Spectacular Now,Drama,7.1,133887
22,2013-08-02,The Spectacular Now,2500000,6852971,6916951,8,2013,4416951,176.67803999999998,tt1714206,The Spectacular Now,Romance,7.1,133887
25,2016-06-24,Hunt for the Wilderpeople,2500000,5205471,23845533,6,2016,21345533,853.8213199999999,tt4698684,Hunt for the Wilderpeople,Adventure,7.9,87532
25,2016-06-24,Hunt for the Wilderpeople,2500000,5205471,23845533,6,2016,21345533,853.8213199999999,tt4698684,Hunt for the Wilderpeople,Comedy,7.9,87532
25,2016-06-24,Hunt for the Wilderpeople,2500000,5205471,23845533,6,2016,21345533,853.8213199999999,tt4698684,Hunt for the Wilderpeople,Drama,7.9,87532
26,2012-08-17,Robot & Frank,2500000,3317468,4934356,8,2012,2434356,97.37424,tt1990314,Robot & Frank,Comedy,7.1,59229
26,2012-08-17,Robot & Frank,2500000,3317468,4934356,8,2012,2434356,97.37424,tt1990314,Robot & Frank,Crime,7.1,59229
26,2012-08-17,Robot & Frank,2500000,3317468,4934356,8,2012,2434356,97.37424,tt1990314,Robot & Frank,Drama,7.1,59229
31,2013-03-01,The Lost Medallion: The Adventures of Billy Stone,2500000,549632,549632,3,2013,-1950368,-78.01472000000003,tt1390539,The Lost Medallion: The Adventures of Billy Stone,Adventure,4.9,1502
31,2013-03-01,The Lost Medallion: The Adventures of Billy Stone,2500000,549632,549632,3,2013,-1950368,-78.01472000000003,tt1390539,The Lost Medallion: The Adventures of Billy Stone,Family,4.9,1502
31,2013-03-01,The Lost Medallion: The Adventures of Billy Stone,2500000,549632,549632,3,2013,-1950368,-78.01472000000003,tt1390539,The Lost Medallion: The Adventures of Billy Stone,Fantasy,4.9,1502
34,2011-04-01,Super,2500000,327716,593933,4,2011,-1906067,-76.24268000000001,tt1512235,Super,Action,6.8,70604
34,2011-04-01,Super,2500000,327716,593933,4,2011,-1906067,-76.24268000000001,tt1512235,Super,Comedy,6.8,70604
34,2011-04-01,Super,2500000,327716,593933,4,2011,-1906067,-76.24268000000001,tt1512235,Super,Drama,6.8,70604
34,2011-04-01,Super,2500000,327716,593933,4,2011,-1906067,-76.24268000000001,tt1807022,Super,Drama,8.1,1869
38,2010-06-18,8: The Mormon Proposition,2500000,100280,100280,6,2010,-2399720,-95.9888,tt1484522,8: The Mormon Proposition,Documentary,7.0,1190
41,2013-08-16,Underdogs,2500000,35017,1392649,8,2013,-1107351,-44.29404,tt1634003,Underdogs,Adventure,6.5,8197
41,2013-08-16,Underdogs,2500000,35017,1392649,8,2013,-1107351,-44.29404,tt1634003,Underdogs,Animation,6.5,8197
41,2013-08-16,Underdogs,2500000,35017,1392649,8,2013,-1107351,-44.29404,tt1634003,Underdogs,Family,6.5,8197
41,2013-08-16,Underdogs,2500000,35017,1392649,8,2013,-1107351,-44.29404,tt2123342,Underdogs,Drama,5.8,882
41,2013-08-16,Underdogs,2500000,35017,1392649,8,2013,-1107351,-44.29404,tt2123342,Underdogs,Family,5.8,882
41,2013-08-16,Underdogs,2500000,35017,1392649,8,2013,-1107351,-44.29404,tt2123342,Underdogs,Sport,5.8,882
44,2013-06-21,Alien Uprising,2500000,0,0,6,2013,-2500000,-100.0,tt2040578,Alien Uprising,Comedy,3.2,3166
44,2013-06-21,Alien Uprising,2500000,0,0,6,2013,-2500000,-100.0,tt2040578,Alien Uprising,Horror,3.2,3166
44,2013-06-21,Alien Uprising,2500000,0,0,6,2013,-2500000,-100.0,tt2040578,Alien Uprising,Sci-Fi,3.2,3166
45,2010-12-31,Christmas Mail,2500000,0,0,12,2010,-2500000,-100.0,tt1663628,Christmas Mail,Comedy,5.8,1317
45,2010-12-31,Christmas Mail,2500000,0,0,12,2010,-2500000,-100.0,tt1663628,Christmas Mail,Drama,5.8,1317
45,2010-12-31,Christmas Mail,2500000,0,0,12,2010,-2500000,-100.0,tt1663628,Christmas Mail,Family,5.8,1317
46,2015-07-03,Stung,2500000,0,0,7,2015,-2500000,-100.0,tt3300572,Stung,Action,5.1,4257
46,2015-07-03,Stung,2500000,0,0,7,2015,-2500000,-100.0,tt3300572,Stung,Adventure,5.1,4257
46,2015-07-03,Stung,2500000,0,0,7,2015,-2500000,-100.0,tt3300572,Stung,Comedy,5.1,4257
48,2015-10-13,8 Days,2500000,0,0,10,2015,-2500000,-100.0,tt3111864,8 Days,Drama,5.0,102
48,2015-10-13,8 Days,2500000,0,0,10,2015,-2500000,-100.0,tt3111864,8 Days,Thriller,5.0,102
49,2016-09-02,Antibirth,2500000,0,0,9,2016,-2500000,-100.0,tt3333870,Antibirth,Horror,4.9,2759
50,2016-02-02,The Rise of the Krays,2500000,0,0,2,2016,-2500000,-100.0,tt2945796,The Rise of the Krays,Crime,5.0,1723
50,2016-02-02,The Rise of the Krays,2500000,0,0,2,2016,-2500000,-100.0,tt2945796,The Rise of the Krays,Drama,5.0,1723
57,2014-11-14,Always Woodstock,2400000,0,0,11,2014,-2400000,-100.0,tt1995477,Always Woodstock,Comedy,5.4,661
57,2014-11-14,Always Woodstock,2400000,0,0,11,2014,-2400000,-100.0,tt1995477,Always Woodstock,Music,5.4,661
57,2014-11-14,Always Woodstock,2400000,0,0,11,2014,-2400000,-100.0,tt1995477,Always Woodstock,Romance,5.4,661
60,2015-03-20,Do You Believe?,2300000,12985600,14304931,3,2015,12004931,521.9535217391305,tt4056738,Do You Believe?,Drama,6.1,6462
60,2015-03-20,Do You Believe?,2300000,12985600,14304931,3,2015,12004931,521.9535217391305,tt6960218,Do You Believe?,Fantasy,3.8,37
60,2015-03-20,Do You Believe?,2300000,12985600,14304931,3,2015,12004931,521.9535217391305,tt6960218,Do You Believe?,Horror,3.8,37
63,2014-09-05,Frontera,2300000,59696,59696,9,2014,-2240304,-97.40452173913044,tt2510028,Frontera,Drama,6.6,6861
63,2014-09-05,Frontera,2300000,59696,59696,9,2014,-2240304,-97.40452173913044,tt2510028,Frontera,Thriller,6.6,6861
63,2014-09-05,Frontera,2300000,59696,59696,9,2014,-2240304,-97.40452173913044,tt2510028,Frontera,Western,6.6,6861
63,2014-09-05,Frontera,2300000,59696,59696,9,2014,-2240304,-97.40452173913044,tt2657944,Frontera,Drama,6.3,12
64,2011-08-26,Redemption Road,2300000,29384,29384,8,2011,-2270616,-98.72243478260869,tt1470020,Redemption Road,Drama,5.8,479
66,2016-01-19,Eden,2300000,0,0,1,2016,-2300000,-100.0,tt1734433,Eden,Crime,6.7,7709
66,2016-01-19,Eden,2300000,0,0,1,2016,-2300000,-100.0,tt1734433,Eden,Drama,6.7,7709
66,2016-01-19,Eden,2300000,0,0,1,2016,-2300000,-100.0,tt2063641,Eden,Comedy,6.9,18
66,2016-01-19,Eden,2300000,0,0,1,2016,-2300000,-100.0,tt2063641,Eden,Drama,6.9,18
66,2016-01-19,Eden,2300000,0,0,1,2016,-2300000,-100.0,tt3032282,Eden,Drama,4.7,2576
66,2016-01-19,Eden,2300000,0,0,1,2016,-2300000,-100.0,tt3032282,Eden,Thriller,4.7,2576
66,2016-01-19,Eden,2300000,0,0,1,2016,-2300000,-100.0,tt3090634,Eden,Biography,6.4,3772
66,2016-01-19,Eden,2300000,0,0,1,2016,-2300000,-100.0,tt3090634,Eden,Drama,6.4,3772
66,2016-01-19,Eden,2300000,0,0,1,2016,-2300000,-100.0,tt3090634,Eden,Music,6.4,3772
66,2016-01-19,Eden,2300000,0,0,1,2016,-2300000,-100.0,tt7539088,Eden,Crime,8.0,11
66,2016-01-19,Eden,2300000,0,0,1,2016,-2300000,-100.0,tt7539088,Eden,Drama,8.0,11
66,2016-01-19,Eden,2300000,0,0,1,2016,-2300000,-100.0,tt9174880,Eden,Drama,6.7,20
68,2040-02-09,Pinocchio,2289247,84300000,84300000,2,2040,82010753,3582.433568767371,tt1693039,Pinocchio,Animation,6.3,224
68,2040-02-09,Pinocchio,2289247,84300000,84300000,2,2040,82010753,3582.433568767371,tt1693039,Pinocchio,Family,6.3,224
68,2040-02-09,Pinocchio,2289247,84300000,84300000,2,2040,82010753,3582.433568767371,tt1693039,Pinocchio,Fantasy,6.3,224
68,2040-02-09,Pinocchio,2289247,84300000,84300000,2,2040,82010753,3582.433568767371,tt4242112,Pinocchio,Family,4.9,46
68,2040-02-09,Pinocchio,2289247,84300000,84300000,2,2040,82010753,3582.433568767371,tt4242112,Pinocchio,Fantasy,4.9,46
68,2040-02-09,Pinocchio,2289247,84300000,84300000,2,2040,82010753,3582.433568767371,tt5263832,Pinocchio,Documentary,6.8,8
69,2040-11-13,Fantasia,2280000,83320000,83320000,11,2040,81040000,3554.385964912281,tt3591950,Fantasia,Drama,5.5,44
81,2016-10-16,Mi America,2100000,3330,3330,10,2016,-2096670,-99.84142857142857,tt2460506,Mi America,Crime,6.5,54
81,2016-10-16,Mi America,2100000,3330,3330,10,2016,-2096670,-99.84142857142857,tt2460506,Mi America,Drama,6.5,54
83,2012-12-31,Infected,2100000,0,0,12,2012,-2100000,-100.0,tt1622991,Infected,Action,2.8,1028
83,2012-12-31,Infected,2100000,0,0,12,2012,-2100000,-100.0,tt1622991,Infected,Horror,2.8,1028
83,2012-12-31,Infected,2100000,0,0,12,2012,-2100000,-100.0,tt1622991,Infected,Sci-Fi,2.8,1028
83,2012-12-31,Infected,2100000,0,0,12,2012,-2100000,-100.0,tt1893415,Infected,Action,3.8,330
83,2012-12-31,Infected,2100000,0,0,12,2012,-2100000,-100.0,tt1893415,Infected,Horror,3.8,330
83,2012-12-31,Infected,2100000,0,0,12,2012,-2100000,-100.0,tt1893415,Infected,Sci-Fi,3.8,330
85,2015-10-06,The Timber,2100000,0,0,10,2015,-2100000,-100.0,tt2215673,The Timber,Action,4.9,1292
85,2015-10-06,The Timber,2100000,0,0,10,2015,-2100000,-100.0,tt2215673,The Timber,Adventure,4.9,1292
85,2015-10-06,The Timber,2100000,0,0,10,2015,-2100000,-100.0,tt2215673,The Timber,Drama,4.9,1292
86,2016-01-19,Sharkskin,2100000,0,0,1,2016,-2100000,-100.0,tt2317796,Sharkskin,Comedy,6.4,24
86,2016-01-19,Sharkskin,2100000,0,0,1,2016,-2100000,-100.0,tt2317796,Sharkskin,Drama,6.4,24
86,2016-01-19,Sharkskin,2100000,0,0,1,2016,-2100000,-100.0,tt2317796,Sharkskin,Mystery,6.4,24
87,2011-09-30,Courageous,2000000,34522221,35185884,9,2011,33185884,1659.2942,tt1630036,Courageous,Drama,7.0,17586
92,2073-12-17,Sleeper,2000000,18344729,18344729,12,2073,16344729,817.2364500000001,tt1433183,Sleeper,Action,3.8,118
92,2073-12-17,Sleeper,2000000,18344729,18344729,12,2073,16344729,817.2364500000001,tt1433183,Sleeper,Horror,3.8,118
94,2015-03-13,It Follows,2000000,14674077,23250755,3,2015,21250755,1062.5377500000004,tt3235888,It Follows,Horror,6.9,182839
94,2015-03-13,It Follows,2000000,14674077,23250755,3,2015,21250755,1062.5377500000004,tt3235888,It Follows,Mystery,6.9,182839
95,2018-07-13,Eighth Grade,2000000,13539710,14341016,7,2018,12341016,617.0508,tt7014006,Eighth Grade,Comedy,7.5,43256
95,2018-07-13,Eighth Grade,2000000,13539710,14341016,7,2018,12341016,617.0508,tt7014006,Eighth Grade,Drama,7.5,43256
97,2012-03-09,Silent House,2000000,12739737,16610760,3,2012,14610760,730.538,tt1767382,Silent House,Drama,5.3,20831
97,2012-03-09,Silent House,2000000,12739737,16610760,3,2012,14610760,730.538,tt1767382,Silent House,Horror,5.3,20831
97,2012-03-09,Silent House,2000000,12739737,16610760,3,2012,14610760,730.538,tt1767382,Silent House,Mystery,5.3,20831
100,2016-04-08,Hardcore Henry,2000000,9252038,17187434,4,2016,15187434,759.3717,tt3072482,Hardcore Henry,Action,6.7,78226
100,2016-04-08,Hardcore Henry,2000000,9252038,17187434,4,2016,15187434,759.3717,tt3072482,Hardcore Henry,Adventure,6.7,78226
100,2016-04-08,Hardcore Henry,2000000,9252038,17187434,4,2016,15187434,759.3717,tt3072482,Hardcore Henry,Sci-Fi,6.7,78226
8,2010-06-11,Winter's Bone,2000000,6531503,16131551,6,2010,14131551,706.57755,tt1399683,Winter's Bone,Drama,7.2,127751
8,2010-06-11,Winter's Bone,2000000,6531503,16131551,6,2010,14131551,706.57755,tt1399683,Winter's Bone,Mystery,7.2,127751
9,2014-10-10,Meet the Mormons,2000000,6047363,6049171,10,2014,4049171,202.45855,tt4003774,Meet the Mormons,Documentary,6.9,1897
11,2017-10-06,The Florida Project,2000000,5904366,11295324,10,2017,9295324,464.7662,tt5649144,The Florida Project,Drama,7.6,72193
12,2017-08-25,All Saints,2000000,5802208,5941994,8,2017,3941994,197.0997,tt4663548,All Saints,Drama,6.0,1220
17,2010-10-08,Inside Job,2000000,4311834,7799257,10,2010,5799257,289.96285,tt1645089,Inside Job,Crime,8.3,65304
17,2010-10-08,Inside Job,2000000,4311834,7799257,10,2010,5799257,289.96285,tt1645089,Inside Job,Documentary,8.3,65304
20,2015-08-28,We Are Your Friends,2000000,3591417,10153415,8,2015,8153415,407.67075000000006,tt3787590,We Are Your Friends,Drama,6.2,32327
20,2015-08-28,We Are Your Friends,2000000,3591417,10153415,8,2015,8153415,407.67075000000006,tt3787590,We Are Your Friends,Music,6.2,32327
20,2015-08-28,We Are Your Friends,2000000,3591417,10153415,8,2015,8153415,407.67075000000006,tt3787590,We Are Your Friends,Romance,6.2,32327
23,2015-09-18,Captive,2000000,2583301,2791973,9,2015,791973,39.59865,tt1699745,Captive,Drama,6.0,674
23,2015-09-18,Captive,2000000,2583301,2791973,9,2015,791973,39.59865,tt1699745,Captive,Thriller,6.0,674
23,2015-09-18,Captive,2000000,2583301,2791973,9,2015,791973,39.59865,tt2386203,Captive,Action,3.8,211
23,2015-09-18,Captive,2000000,2583301,2791973,9,2015,791973,39.59865,tt2386203,Captive,Thriller,3.8,211
23,2015-09-18,Captive,2000000,2583301,2791973,9,2015,791973,39.59865,tt3268668,Captive,Action,5.4,6017
23,2015-09-18,Captive,2000000,2583301,2791973,9,2015,791973,39.59865,tt3268668,Captive,Crime,5.4,6017
23,2015-09-18,Captive,2000000,2583301,2791973,9,2015,791973,39.59865,tt3268668,Captive,Drama,5.4,6017
25,2018-06-08,Hearts Beat Loud,2000000,2386254,2420962,6,2018,420962,21.0481,tt7158430,Hearts Beat Loud,Comedy,6.9,6543
25,2018-06-08,Hearts Beat Loud,2000000,2386254,2420962,6,2018,420962,21.0481,tt7158430,Hearts Beat Loud,Drama,6.9,6543
25,2018-06-08,Hearts Beat Loud,2000000,2386254,2420962,6,2018,420962,21.0481,tt7158430,Hearts Beat Loud,Music,6.9,6543
26,2017-01-20,The Resurrection of Gavin Stone,2000000,2303792,2303792,1,2017,303792,15.1896,tt4902904,The Resurrection of Gavin Stone,Comedy,6.2,1562
26,2017-01-20,The Resurrection of Gavin Stone,2000000,2303792,2303792,1,2017,303792,15.1896,tt4902904,The Resurrection of Gavin Stone,Drama,6.2,1562
26,2017-01-20,The Resurrection of Gavin Stone,2000000,2303792,2303792,1,2017,303792,15.1896,tt4902904,The Resurrection of Gavin Stone,Family,6.2,1562
35,2015-08-07,The Diary of a Teenage Girl,2000000,1477002,2279959,8,2015,279959,13.99795,tt3172532,The Diary of a Teenage Girl,Comedy,6.9,27003
35,2015-08-07,The Diary of a Teenage Girl,2000000,1477002,2279959,8,2015,279959,13.99795,tt3172532,The Diary of a Teenage Girl,Drama,6.9,27003
35,2015-08-07,The Diary of a Teenage Girl,2000000,1477002,2279959,8,2015,279959,13.99795,tt3172532,The Diary of a Teenage Girl,Romance,6.9,27003
37,2014-04-25,Locke,2000000,1370646,2088390,4,2014,88390,4.4195,tt2692904,Locke,Drama,7.1,120703
40,2011-04-08,Meek's Cutoff,2000000,977772,1869928,4,2011,-130072,-6.5036,tt1518812,Meek's Cutoff,Drama,6.6,10439
40,2011-04-08,Meek's Cutoff,2000000,977772,1869928,4,2011,-130072,-6.5036,tt1518812,Meek's Cutoff,Western,6.6,10439
41,2014-11-28,The Babadook,2000000,950792,7482387,11,2014,5482387,274.11935,tt2321549,The Babadook,Drama,6.8,171411
41,2014-11-28,The Babadook,2000000,950792,7482387,11,2014,5482387,274.11935,tt2321549,The Babadook,Horror,6.8,171411
44,2010-09-24,The Virginity Hit,2000000,636706,636706,9,2010,-1363294,-68.1647,tt1695994,The Virginity Hit,Comedy,4.6,3696
51,2015-02-13,The Last Five Years,2000000,147299,205298,2,2015,-1794702,-89.7351,tt2474024,The Last Five Years,Comedy,5.9,8735
51,2015-02-13,The Last Five Years,2000000,147299,205298,2,2015,-1794702,-89.7351,tt2474024,The Last Five Years,Drama,5.9,8735
51,2015-02-13,The Last Five Years,2000000,147299,205298,2,2015,-1794702,-89.7351,tt2474024,The Last Five Years,Musical,5.9,8735
57,2014-09-19,Pump,2000000,72277,72277,9,2014,-1927723,-96.38615,tt2630916,Pump,Documentary,7.7,608
60,2015-04-07,Lost River,2000000,45431,2009644,4,2015,9644,0.4822,tt2366608,Lost River,Drama,5.8,15667
60,2015-04-07,Lost River,2000000,45431,2009644,4,2015,9644,0.4822,tt2366608,Lost River,Fantasy,5.8,15667
60,2015-04-07,Lost River,2000000,45431,2009644,4,2015,9644,0.4822,tt2366608,Lost River,Mystery,5.8,15667
62,2015-10-09,Knock Knock,2000000,36336,6328516,10,2015,4328516,216.4258,tt3605418,Knock Knock,Drama,4.9,68328
62,2015-10-09,Knock Knock,2000000,36336,6328516,10,2015,4328516,216.4258,tt3605418,Knock Knock,Thriller,4.9,68328
62,2015-10-09,Knock Knock,2000000,36336,6328516,10,2015,4328516,216.4258,tt6096414,Knock Knock,Horror,6.0,10
67,2012-10-19,The First Time,2000000,17061,17061,10,2012,-1982939,-99.14695,tt1763303,The First Time,Comedy,6.9,62589
67,2012-10-19,The First Time,2000000,17061,17061,10,2012,-1982939,-99.14695,tt1763303,The First Time,Drama,6.9,62589
67,2012-10-19,The First Time,2000000,17061,17061,10,2012,-1982939,-99.14695,tt1763303,The First Time,Romance,6.9,62589
69,2010-08-27,Circle,2000000,10024,10024,8,2010,-1989976,-99.4988,tt1129412,Circle,Horror,3.4,610
69,2010-08-27,Circle,2000000,10024,10024,8,2010,-1989976,-99.4988,tt1129412,Circle,Thriller,3.4,610
69,2010-08-27,Circle,2000000,10024,10024,8,2010,-1989976,-99.4988,tt3118452,Circle,Drama,6.0,30645
69,2010-08-27,Circle,2000000,10024,10024,8,2010,-1989976,-99.4988,tt3118452,Circle,Mystery,6.0,30645
69,2010-08-27,Circle,2000000,10024,10024,8,2010,-1989976,-99.4988,tt3118452,Circle,Sci-Fi,6.0,30645
73,2013-09-13,Plush,2000000,3080,28864,9,2013,-1971136,-98.5568,tt2226519,Plush,Drama,5.4,3462
73,2013-09-13,Plush,2000000,3080,28864,9,2013,-1971136,-98.5568,tt2226519,Plush,Music,5.4,3462
73,2013-09-13,Plush,2000000,3080,28864,9,2013,-1971136,-98.5568,tt2226519,Plush,Thriller,5.4,3462
74,2012-10-26,The Ghastly Love of Johnny X,2000000,2436,2436,10,2012,-1997564,-99.8782,tt1754633,The Ghastly Love of Johnny X,Comedy,5.7,386
74,2012-10-26,The Ghastly Love of Johnny X,2000000,2436,2436,10,2012,-1997564,-99.8782,tt1754633,The Ghastly Love of Johnny X,Fantasy,5.7,386
74,2012-10-26,The Ghastly Love of Johnny X,2000000,2436,2436,10,2012,-1997564,-99.8782,tt1754633,The Ghastly Love of Johnny X,Musical,5.7,386
76,2011-09-09,Grave Encounters,2000000,0,2151887,9,2011,151887,7.594349999999999,tt1703199,Grave Encounters,Horror,6.1,48125
77,2015-10-23,Bone Tomahawk,2000000,0,475846,10,2015,-1524154,-76.2077,tt2494362,Bone Tomahawk,Adventure,7.1,70298
77,2015-10-23,Bone Tomahawk,2000000,0,475846,10,2015,-1524154,-76.2077,tt2494362,Bone Tomahawk,Drama,7.1,70298
77,2015-10-23,Bone Tomahawk,2000000,0,475846,10,2015,-1524154,-76.2077,tt2494362,Bone Tomahawk,Horror,7.1,70298
79,2013-04-01,Stitches,2000000,0,63555,4,2013,-1936445,-96.82225,tt1623771,Stitches,Horror,7.2,20
79,2013-04-01,Stitches,2000000,0,63555,4,2013,-1936445,-96.82225,tt2126362,Stitches,Comedy,5.7,8214
79,2013-04-01,Stitches,2000000,0,63555,4,2013,-1936445,-96.82225,tt2126362,Stitches,Horror,5.7,8214
79,2013-04-01,Stitches,2000000,0,63555,4,2013,-1936445,-96.82225,tt7319312,Stitches,Drama,7.8,157
79,2013-04-01,Stitches,2000000,0,63555,4,2013,-1936445,-96.82225,tt7319312,Stitches,Thriller,7.8,157
79,2013-04-01,Stitches,2000000,0,63555,4,2013,-1936445,-96.82225,tt8746682,Stitches,Drama,5.8,9
85,2027-08-12,Wings,2000000,0,0,8,2027,-2000000,-100.0,tt2284790,Wings,Adventure,3.2,561
85,2027-08-12,Wings,2000000,0,0,8,2027,-2000000,-100.0,tt2284790,Wings,Animation,3.2,561
85,2027-08-12,Wings,2000000,0,0,8,2027,-2000000,-100.0,tt2284790,Wings,Comedy,3.2,561
87,2013-03-19,Straight A's,2000000,0,0,3,2013,-2000000,-100.0,tt2024506,Straight A's,Comedy,5.7,4197
87,2013-03-19,Straight A's,2000000,0,0,3,2013,-2000000,-100.0,tt2024506,Straight A's,Drama,5.7,4197
89,2012-12-31,Highway,2000000,0,0,12,2012,-2000000,-100.0,tt1693107,Highway,Comedy,3.5,183
89,2012-12-31,Highway,2000000,0,0,12,2012,-2000000,-100.0,tt2210657,Highway,Drama,6.7,195
89,2012-12-31,Highway,2000000,0,0,12,2012,-2000000,-100.0,tt2980794,Highway,Crime,7.7,23434
89,2012-12-31,Highway,2000000,0,0,12,2012,-2000000,-100.0,tt2980794,Highway,Drama,7.7,23434
89,2012-12-31,Highway,2000000,0,0,12,2012,-2000000,-100.0,tt2980794,Highway,Romance,7.7,23434
89,2012-12-31,Highway,2000000,0,0,12,2012,-2000000,-100.0,tt4594050,Highway,Drama,6.2,102
90,2013-02-08,Small Apartments,2000000,0,0,2,2013,-2000000,-100.0,tt1272886,Small Apartments,Comedy,6.1,6688
90,2013-02-08,Small Apartments,2000000,0,0,2,2013,-2000000,-100.0,tt1272886,Small Apartments,Crime,6.1,6688
90,2013-02-08,Small Apartments,2000000,0,0,2,2013,-2000000,-100.0,tt1272886,Small Apartments,Drama,6.1,6688
91,2013-07-09,Coffee Town,2000000,0,0,7,2013,-2000000,-100.0,tt2234025,Coffee Town,Comedy,6.6,4666
92,2014-12-31,Lucky Dog,2000000,0,0,12,2014,-2000000,-100.0,tt2224445,Lucky Dog,Comedy,4.0,9
92,2014-12-31,Lucky Dog,2000000,0,0,12,2014,-2000000,-100.0,tt2224445,Lucky Dog,Crime,4.0,9
92,2014-12-31,Lucky Dog,2000000,0,0,12,2014,-2000000,-100.0,tt3149360,Lucky Dog,Family,5.4,49
96,2015-03-20,The Walking Deceased,2000000,0,0,3,2015,-2000000,-100.0,tt3499458,The Walking Deceased,Comedy,3.5,2914
96,2015-03-20,The Walking Deceased,2000000,0,0,3,2015,-2000000,-100.0,tt3499458,The Walking Deceased,Horror,3.5,2914
97,2011-12-31,True Bromance,2000000,0,0,12,2011,-2000000,-100.0,tt1839425,True Bromance,Comedy,5.9,39
98,2015-08-21,The Curse of Downers Grove,2000000,0,0,8,2015,-2000000,-100.0,tt1772261,The Curse of Downers Grove,Drama,4.5,1618
98,2015-08-21,The Curse of Downers Grove,2000000,0,0,8,2015,-2000000,-100.0,tt1772261,The Curse of Downers Grove,Horror,4.5,1618
98,2015-08-21,The Curse of Downers Grove,2000000,0,0,8,2015,-2000000,-100.0,tt1772261,The Curse of Downers Grove,Mystery,4.5,1618
99,2015-12-31,Wind Walkers,2000000,0,0,12,2015,-2000000,-100.0,tt1236254,Wind Walkers,Action,3.8,234
99,2015-12-31,Wind Walkers,2000000,0,0,12,2015,-2000000,-100.0,tt1236254,Wind Walkers,Horror,3.8,234
99,2015-12-31,Wind Walkers,2000000,0,0,12,2015,-2000000,-100.0,tt1236254,Wind Walkers,Thriller,3.8,234
100,2016-07-08,The Dog Lover,2000000,0,0,7,2016,-2000000,-100.0,tt4063178,The Dog Lover,Drama,5.6,620
1,2015-12-01,Shark Lake,2000000,0,0,12,2015,-2000000,-100.0,tt4416518,Shark Lake,Action,3.5,1686
1,2015-12-01,Shark Lake,2000000,0,0,12,2015,-2000000,-100.0,tt4416518,Shark Lake,Adventure,3.5,1686
1,2015-12-01,Shark Lake,2000000,0,0,12,2015,-2000000,-100.0,tt4416518,Shark Lake,Crime,3.5,1686
2,2010-09-24,Buried,1987650,1044143,21270290,9,2010,19282640,970.1225064774986,tt1462758,Buried,Drama,7.0,139426
2,2010-09-24,Buried,1987650,1044143,21270290,9,2010,19282640,970.1225064774986,tt1462758,Buried,Mystery,7.0,139426
2,2010-09-24,Buried,1987650,1044143,21270290,9,2010,19282640,970.1225064774986,tt1462758,Buried,Thriller,7.0,139426
2,2010-09-24,Buried,1987650,1044143,21270290,9,2010,19282640,970.1225064774986,tt4540326,Buried,Thriller,6.0,5
8,2015-04-24,Brotherly Love,1900000,478595,478595,4,2015,-1421405,-74.81078947368421,tt3262990,Brotherly Love,Drama,6.7,1587
8,2015-04-24,Brotherly Love,1900000,478595,478595,4,2015,-1421405,-74.81078947368421,tt6096190,Brotherly Love,Drama,5.8,48
9,2011-06-03,Submarine,1900000,467602,4581937,6,2011,2681937,141.15457894736844,tt1440292,Submarine,Comedy,7.3,79810
9,2011-06-03,Submarine,1900000,467602,4581937,6,2011,2681937,141.15457894736844,tt1440292,Submarine,Drama,7.3,79810
9,2011-06-03,Submarine,1900000,467602,4581937,6,2011,2681937,141.15457894736844,tt1440292,Submarine,Romance,7.3,79810
10,2010-04-09,The Square,1900000,406216,740932,4,2010,-1159068,-61.003578947368425,tt2486682,The Square,Documentary,8.1,7998
10,2010-04-09,The Square,1900000,406216,740932,4,2010,-1159068,-61.003578947368425,tt2486682,The Square,Drama,8.1,7998
10,2010-04-09,The Square,1900000,406216,740932,4,2010,-1159068,-61.003578947368425,tt2486682,The Square,History,8.1,7998
100,2013-10-25,The Square,1500000,124244,176262,10,2013,-1323738,-88.2492,tt2486682,The Square,Documentary,8.1,7998
100,2013-10-25,The Square,1500000,124244,176262,10,2013,-1323738,-88.2492,tt2486682,The Square,Drama,8.1,7998
100,2013-10-25,The Square,1500000,124244,176262,10,2013,-1323738,-88.2492,tt2486682,The Square,History,8.1,7998
10,2010-04-09,The Square,1900000,406216,740932,4,2010,-1159068,-61.003578947368425,tt4995790,The Square,Comedy,7.2,44239
10,2010-04-09,The Square,1900000,406216,740932,4,2010,-1159068,-61.003578947368425,tt4995790,The Square,Drama,7.2,44239
100,2013-10-25,The Square,1500000,124244,176262,10,2013,-1323738,-88.2492,tt4995790,The Square,Comedy,7.2,44239
100,2013-10-25,The Square,1500000,124244,176262,10,2013,-1323738,-88.2492,tt4995790,The Square,Drama,7.2,44239
11,2013-02-08,ABCD (Any Body Can Dance),1900000,222098,10137234,2,2013,8237234,433.5386315789472,tt2321163,ABCD (Any Body Can Dance),Drama,6.4,5695
11,2013-02-08,ABCD (Any Body Can Dance),1900000,222098,10137234,2,2013,8237234,433.5386315789472,tt2321163,ABCD (Any Body Can Dance),Music,6.4,5695
13,2013-07-26,Stranded,1900000,0,285593,7,2013,-1614407,-84.96878947368421,tt1372689,Stranded,Horror,5.1,800
13,2013-07-26,Stranded,1900000,0,285593,7,2013,-1614407,-84.96878947368421,tt1372689,Stranded,Mystery,5.1,800
13,2013-07-26,Stranded,1900000,0,285593,7,2013,-1614407,-84.96878947368421,tt2268573,Stranded,Horror,3.5,3704
13,2013-07-26,Stranded,1900000,0,285593,7,2013,-1614407,-84.96878947368421,tt2268573,Stranded,Sci-Fi,3.5,3704
13,2013-07-26,Stranded,1900000,0,285593,7,2013,-1614407,-84.96878947368421,tt4678134,Stranded,Documentary,7.9,10
14,2015-12-31,Vaalu,1900000,0,12444,12,2015,-1887556,-99.34505263157897,tt3566698,Vaalu,Comedy,4.9,701
14,2015-12-31,Vaalu,1900000,0,12444,12,2015,-1887556,-99.34505263157897,tt3566698,Vaalu,Romance,4.9,701
15,2010-08-27,The Last Exorcism,1800000,41034350,70165900,8,2010,68365900,3798.105555555556,tt1320244,The Last Exorcism,Drama,5.6,45815
15,2010-08-27,The Last Exorcism,1800000,41034350,70165900,8,2010,68365900,3798.105555555556,tt1320244,The Last Exorcism,Horror,5.6,45815
15,2010-08-27,The Last Exorcism,1800000,41034350,70165900,8,2010,68365900,3798.105555555556,tt1320244,The Last Exorcism,Thriller,5.6,45815
18,2012-06-27,Beasts of the Southern Wild,1800000,12795746,23265132,6,2012,21465132,1192.5073333333335,tt2125435,Beasts of the Southern Wild,Adventure,7.3,77440
18,2012-06-27,Beasts of the Southern Wild,1800000,12795746,23265132,6,2012,21465132,1192.5073333333335,tt2125435,Beasts of the Southern Wild,Drama,7.3,77440
18,2012-06-27,Beasts of the Southern Wild,1800000,12795746,23265132,6,2012,21465132,1192.5073333333335,tt2125435,Beasts of the Southern Wild,Fantasy,7.3,77440
25,2011-08-23,Higher Ground,1800000,841056,842693,8,2011,-957307,-53.18372222222222,tt1562568,Higher Ground,Drama,6.3,2869
31,2012-02-03,Dysfunctional Friends,1800000,0,0,2,2012,-1800000,-100.0,tt1653002,Dysfunctional Friends,Comedy,5.2,760
31,2012-02-03,Dysfunctional Friends,1800000,0,0,2,2012,-1800000,-100.0,tt1653002,Dysfunctional Friends,Drama,5.2,760
32,2013-12-31,Independence Daysaster,1800000,0,0,12,2013,-1800000,-100.0,tt2645670,Independence Daysaster,Action,3.4,974
32,2013-12-31,Independence Daysaster,1800000,0,0,12,2013,-1800000,-100.0,tt2645670,Independence Daysaster,Adventure,3.4,974
32,2013-12-31,Independence Daysaster,1800000,0,0,12,2013,-1800000,-100.0,tt2645670,Independence Daysaster,Sci-Fi,3.4,974
37,2010-10-08,I Spit on Your Grave,1750000,93051,1278471,10,2010,-471529,-26.944514285714288,tt1242432,I Spit on Your Grave,Horror,6.3,68592
37,2010-10-08,I Spit on Your Grave,1750000,93051,1278471,10,2010,-471529,-26.944514285714288,tt1242432,I Spit on Your Grave,Thriller,6.3,68592
38,2019-04-23,Living Dark: The Story of Ted the Caver,1750000,0,0,4,2019,-1750000,-100.0,tt2100573,Living Dark: The Story of Ted the Caver,Horror,5.3,349
42,2014-02-28,The Lunchbox,1700000,4231500,12231500,2,2014,10531500,619.5,tt2350496,The Lunchbox,Drama,7.8,42618
42,2014-02-28,The Lunchbox,1700000,4231500,12231500,2,2014,10531500,619.5,tt2350496,The Lunchbox,Romance,7.8,42618
43,2013-10-04,Grace Unplugged,1700000,2507159,2507159,10,2013,807159,47.4799411764706,tt2349460,Grace Unplugged,Drama,6.2,3006
43,2013-10-04,Grace Unplugged,1700000,2507159,2507159,10,2013,807159,47.4799411764706,tt2349460,Grace Unplugged,Music,6.2,3006
48,2019-02-01,Braid,1660000,0,80745,2,2019,-1579255,-95.13584337349398,tt4638148,Braid,Horror,5.3,1115
48,2019-02-01,Braid,1660000,0,80745,2,2019,-1579255,-95.13584337349398,tt4638148,Braid,Mystery,5.3,1115
48,2019-02-01,Braid,1660000,0,80745,2,2019,-1579255,-95.13584337349398,tt4638148,Braid,Thriller,5.3,1115
54,2010-10-15,N-Secure,1600000,2595644,2595644,10,2010,995644,62.22775,tt1289419,N-Secure,Crime,3.6,587
54,2010-10-15,N-Secure,1600000,2595644,2595644,10,2010,995644,62.22775,tt1289419,N-Secure,Drama,3.6,587
54,2010-10-15,N-Secure,1600000,2595644,2595644,10,2010,995644,62.22775,tt1289419,N-Secure,Thriller,3.6,587
60,2014-09-26,Two Night Stand,1600000,15600,868081,9,2014,-731919,-45.7449375,tt2140619,Two Night Stand,Comedy,6.4,60510
60,2014-09-26,Two Night Stand,1600000,15600,868081,9,2014,-731919,-45.7449375,tt2140619,Two Night Stand,Romance,6.4,60510
63,2011-04-01,Insidious,1500000,54009150,99870886,4,2011,98370886,6558.059066666668,tt1591095,Insidious,Horror,6.9,254197
63,2011-04-01,Insidious,1500000,54009150,99870886,4,2011,98370886,6558.059066666668,tt1591095,Insidious,Mystery,6.9,254197
63,2011-04-01,Insidious,1500000,54009150,99870886,4,2011,98370886,6558.059066666668,tt1591095,Insidious,Thriller,6.9,254197
64,2016-10-21,Moonlight,1500000,27854931,65245512,10,2016,63745512,4249.700800000001,tt4975722,Moonlight,Drama,7.4,227964
70,2018-03-23,Unsane,1500000,7690044,14244931,3,2018,12744931,849.6620666666665,tt7153766,Unsane,Drama,6.4,32049
70,2018-03-23,Unsane,1500000,7690044,14244931,3,2018,12744931,849.6620666666665,tt7153766,Unsane,Horror,6.4,32049
70,2018-03-23,Unsane,1500000,7690044,14244931,3,2018,12744931,849.6620666666665,tt7153766,Unsane,Mystery,6.4,32049
74,2045-10-31,Spellbound,1500000,7000000,7000000,10,2045,5500000,366.6666666666666,tt2132405,Spellbound,Comedy,6.9,2485
74,2045-10-31,Spellbound,1500000,7000000,7000000,10,2045,5500000,366.6666666666666,tt2132405,Spellbound,Horror,6.9,2485
74,2045-10-31,Spellbound,1500000,7000000,7000000,10,2045,5500000,366.6666666666666,tt2132405,Spellbound,Romance,6.9,2485
77,2013-07-26,The To Do List,1500000,3491669,4128828,7,2013,2628828,175.2552,tt1758795,The To Do List,Comedy,5.8,34524
77,2013-07-26,The To Do List,1500000,3491669,4128828,7,2013,2628828,175.2552,tt1758795,The To Do List,Romance,5.8,34524
78,2013-02-01,The Gatekeepers,1500000,2408553,2592308,2,2013,1092308,72.82053333333334,tt2309788,The Gatekeepers,Documentary,7.6,5214
78,2013-02-01,The Gatekeepers,1500000,2408553,2592308,2,2013,1092308,72.82053333333334,tt2309788,The Gatekeepers,History,7.6,5214
78,2013-02-01,The Gatekeepers,1500000,2408553,2592308,2,2013,1092308,72.82053333333334,tt2309788,The Gatekeepers,War,7.6,5214
84,2013-04-19,The Lords of Salem,1500000,1165881,1541131,4,2013,41131,2.7420666666666667,tt1731697,The Lords of Salem,Horror,5.1,25089
84,2013-04-19,The Lords of Salem,1500000,1165881,1541131,4,2013,41131,2.7420666666666667,tt1731697,The Lords of Salem,Thriller,5.1,25089
85,2016-10-21,31,1500000,779820,922727,10,2016,-577273,-38.48486666666667,tt3835080,31,Horror,5.1,15055
85,2016-10-21,31,1500000,779820,922727,10,2016,-577273,-38.48486666666667,tt3835080,31,Thriller,5.1,15055
87,2016-04-22,Unsullied,1500000,510957,510957,4,2016,-989043,-65.9362,tt3139764,Unsullied,Action,4.3,278
87,2016-04-22,Unsullied,1500000,510957,510957,4,2016,-989043,-65.9362,tt3139764,Unsullied,Horror,4.3,278
87,2016-04-22,Unsullied,1500000,510957,510957,4,2016,-989043,-65.9362,tt3139764,Unsullied,Thriller,4.3,278
94,2011-08-19,Amigo,1500000,184705,184705,8,2011,-1315295,-87.68633333333334,tt1562847,Amigo,Drama,5.9,514
94,2011-08-19,Amigo,1500000,184705,184705,8,2011,-1315295,-87.68633333333334,tt1562847,Amigo,War,5.9,514
2,2015-03-06,Road Hard,1500000,113169,113169,3,2015,-1386831,-92.4554,tt3110770,Road Hard,Comedy,6.1,1681
7,2014-10-17,Housebound,1500000,0,236863,10,2014,-1263137,-84.20913333333333,tt3504048,Housebound,Comedy,6.8,29757
7,2014-10-17,Housebound,1500000,0,236863,10,2014,-1263137,-84.20913333333333,tt3504048,Housebound,Horror,6.8,29757
7,2014-10-17,Housebound,1500000,0,236863,10,2014,-1263137,-84.20913333333333,tt3504048,Housebound,Mystery,6.8,29757
8,2018-07-20,Teefa in Trouble,1500000,0,98806,7,2018,-1401194,-93.41293333333334,tt8043306,Teefa in Trouble,Action,7.4,2724
8,2018-07-20,Teefa in Trouble,1500000,0,98806,7,2018,-1401194,-93.41293333333334,tt8043306,Teefa in Trouble,Comedy,7.4,2724
8,2018-07-20,Teefa in Trouble,1500000,0,98806,7,2018,-1401194,-93.41293333333334,tt8043306,Teefa in Trouble,Crime,7.4,2724
10,2014-04-17,Closer to the Moon,1500000,0,5396,4,2014,-1494604,-99.64026666666666,tt2017486,Closer to the Moon,Comedy,7.0,3585
10,2014-04-17,Closer to the Moon,1500000,0,5396,4,2014,-1494604,-99.64026666666666,tt2017486,Closer to the Moon,Crime,7.0,3585
10,2014-04-17,Closer to the Moon,1500000,0,5396,4,2014,-1494604,-99.64026666666666,tt2017486,Closer to the Moon,Drama,7.0,3585
12,2011-06-03,The Lion of Judah,1500000,0,0,6,2011,-1500000,-100.0,tt1212022,The Lion of Judah,Animation,3.8,511
13,2014-11-11,Once Upon a Time in Queens,1500000,0,0,11,2014,-1500000,-100.0,tt1639397,Once Upon a Time in Queens,Comedy,6.2,354
13,2014-11-11,Once Upon a Time in Queens,1500000,0,0,11,2014,-1500000,-100.0,tt1639397,Once Upon a Time in Queens,Drama,6.2,354
15,2015-05-26,Mutant World,1500000,0,0,5,2015,-1500000,-100.0,tt3626436,Mutant World,Sci-Fi,2.8,587
16,2015-11-20,#Horror,1500000,0,0,11,2015,-1500000,-100.0,tt3526286,#Horror,Crime,3.0,3092
16,2015-11-20,#Horror,1500000,0,0,11,2015,-1500000,-100.0,tt3526286,#Horror,Drama,3.0,3092
16,2015-11-20,#Horror,1500000,0,0,11,2015,-1500000,-100.0,tt3526286,#Horror,Horror,3.0,3092
17,2015-09-08,Checkmate,1500000,0,0,9,2015,-1500000,-100.0,tt1675846,Checkmate,Drama,4.7,27
17,2015-09-08,Checkmate,1500000,0,0,9,2015,-1500000,-100.0,tt1675846,Checkmate,Mystery,4.7,27
17,2015-09-08,Checkmate,1500000,0,0,9,2015,-1500000,-100.0,tt3781616,Checkmate,Action,2.9,931
17,2015-09-08,Checkmate,1500000,0,0,9,2015,-1500000,-100.0,tt3781616,Checkmate,Crime,2.9,931
17,2015-09-08,Checkmate,1500000,0,0,9,2015,-1500000,-100.0,tt3781616,Checkmate,Thriller,2.9,931
21,2015-11-20,Mustang,1400000,845464,5552584,11,2015,4152584,296.61314285714286,tt3966404,Mustang,Drama,7.6,30899
23,2014-10-03,La chambre bleue,1400000,260441,1945420,10,2014,545420,38.95857142857143,tt4586720,La chambre bleue,Documentary,6.2,6
25,2013-04-05,Eddie: The Sleepwalking Cannibal,1400000,1632,1632,4,2013,-1398368,-99.88342857142857,tt1480658,Eddie: The Sleepwalking Cannibal,Comedy,5.6,1364
25,2013-04-05,Eddie: The Sleepwalking Cannibal,1400000,1632,1632,4,2013,-1398368,-99.88342857142857,tt1480658,Eddie: The Sleepwalking Cannibal,Horror,5.6,1364
26,2010-05-01,My Girlfriend's Boyfriend,1400000,0,0,5,2010,-1400000,-100.0,tt1447793,My Girlfriend's Boyfriend,Comedy,5.8,5461
26,2010-05-01,My Girlfriend's Boyfriend,1400000,0,0,5,2010,-1400000,-100.0,tt1447793,My Girlfriend's Boyfriend,Romance,5.8,5461
28,2014-12-31,House at the End of the Drive,1400000,0,0,12,2014,-1400000,-100.0,tt0464054,House at the End of the Drive,Horror,6.5,331
28,2014-12-31,House at the End of the Drive,1400000,0,0,12,2014,-1400000,-100.0,tt0464054,House at the End of the Drive,Thriller,6.5,331
38,2015-01-30,Above and Beyond,1300000,288751,288751,1,2015,-1011249,-77.78838461538463,tt2704752,Above and Beyond,Adventure,7.7,506
38,2015-01-30,Above and Beyond,1300000,288751,288751,1,2015,-1011249,-77.78838461538463,tt2704752,Above and Beyond,Documentary,7.7,506
38,2015-01-30,Above and Beyond,1300000,288751,288751,1,2015,-1011249,-77.78838461538463,tt2704752,Above and Beyond,History,7.7,506
44,2011-05-24,Forget Me Not,1300000,0,13465,5,2011,-1286535,-98.96423076923077,tt1431065,Forget Me Not,Romance,6.6,1835
44,2011-05-24,Forget Me Not,1300000,0,13465,5,2011,-1286535,-98.96423076923077,tt1788440,Forget Me Not,Drama,7.3,15
44,2011-05-24,Forget Me Not,1300000,0,13465,5,2011,-1286535,-98.96423076923077,tt4134856,Forget Me Not,Adventure,5.6,51
44,2011-05-24,Forget Me Not,1300000,0,13465,5,2011,-1286535,-98.96423076923077,tt4134856,Forget Me Not,Drama,5.6,51
44,2011-05-24,Forget Me Not,1300000,0,13465,5,2011,-1286535,-98.96423076923077,tt4192636,Forget Me Not,Drama,6.7,225
44,2011-05-24,Forget Me Not,1300000,0,13465,5,2011,-1286535,-98.96423076923077,tt4192636,Forget Me Not,Romance,6.7,225
44,2011-05-24,Forget Me Not,1300000,0,13465,5,2011,-1286535,-98.96423076923077,tt5512456,Forget Me Not,Documentary,7.1,15
44,2011-05-24,Forget Me Not,1300000,0,13465,5,2011,-1286535,-98.96423076923077,tt8903540,Forget Me Not,Documentary,8.2,5
46,2015-06-26,The Algerian,1300000,0,0,6,2015,-1300000,-100.0,tt1681370,The Algerian,Action,5.3,195
46,2015-06-26,The Algerian,1300000,0,0,6,2015,-1300000,-100.0,tt1681370,The Algerian,Romance,5.3,195
46,2015-06-26,The Algerian,1300000,0,0,6,2015,-1300000,-100.0,tt1681370,The Algerian,Thriller,5.3,195
51,2014-10-17,Dear White People,1250000,4404154,5403771,10,2014,4153771,332.30168,tt2235108,Dear White People,Comedy,6.1,23321
51,2014-10-17,Dear White People,1250000,4404154,5403771,10,2014,4153771,332.30168,tt2235108,Dear White People,Drama,6.1,23321
51,2014-10-17,Dear White People,1250000,4404154,5403771,10,2014,4153771,332.30168,tt2235108,Dear White People,Romance,6.1,23321
52,2013-04-19,Filly Brown,1250000,2850357,2940411,4,2013,1690411,135.23288,tt1869425,Filly Brown,Drama,5.7,1003
52,2013-04-19,Filly Brown,1250000,2850357,2940411,4,2013,1690411,135.23288,tt1869425,Filly Brown,Music,5.7,1003
54,2016-12-31,Bodom,1250000,0,726460,12,2016,-523540,-41.8832,tt3669462,Bodom,Horror,5.6,308
54,2016-12-31,Bodom,1250000,0,726460,12,2016,-523540,-41.8832,tt3669462,Bodom,Mystery,5.6,308
54,2016-12-31,Bodom,1250000,0,726460,12,2016,-523540,-41.8832,tt3669462,Bodom,Thriller,5.6,308
56,2015-01-13,Da Sweet Blood of Jesus,1250000,0,0,1,2015,-1250000,-100.0,tt3104930,Da Sweet Blood of Jesus,Comedy,4.1,1212
56,2015-01-13,Da Sweet Blood of Jesus,1250000,0,0,1,2015,-1250000,-100.0,tt3104930,Da Sweet Blood of Jesus,Romance,4.1,1212
56,2015-01-13,Da Sweet Blood of Jesus,1250000,0,0,1,2015,-1250000,-100.0,tt3104930,Da Sweet Blood of Jesus,Thriller,4.1,1212
66,2013-04-19,Home Run,1200000,2859955,2859955,4,2013,1659955,138.32958333333335,tt1669617,Home Run,Drama,4.2,66
66,2013-04-19,Home Run,1200000,2859955,2859955,4,2013,1659955,138.32958333333335,tt1669617,Home Run,Family,4.2,66
66,2013-04-19,Home Run,1200000,2859955,2859955,4,2013,1659955,138.32958333333335,tt1669617,Home Run,Sport,4.2,66
66,2013-04-19,Home Run,1200000,2859955,2859955,4,2013,1659955,138.32958333333335,tt2051894,Home Run,Drama,6.0,2745
66,2013-04-19,Home Run,1200000,2859955,2859955,4,2013,1659955,138.32958333333335,tt2051894,Home Run,Sport,6.0,2745
72,2012-04-13,Blue Like Jazz,1200000,595018,595018,4,2012,-604982,-50.41516666666666,tt1758575,Blue Like Jazz,Comedy,5.9,2810
72,2012-04-13,Blue Like Jazz,1200000,595018,595018,4,2012,-604982,-50.41516666666666,tt1758575,Blue Like Jazz,Drama,5.9,2810
76,2012-06-01,"Pink Ribbons, Inc.",1200000,26608,26608,6,2012,-1173392,-97.78266666666666,tt2035599,"Pink Ribbons, Inc.",Documentary,7.3,654
77,2018-02-06,Blood Feast,1200000,8708,8708,2,2018,-1191292,-99.27433333333332,tt4847546,Blood Feast,Horror,4.9,653
83,2012-08-28,Below Zero,1200000,0,0,8,2012,-1200000,-100.0,tt1641388,Below Zero,Thriller,4.4,740
84,2012-09-07,Crowsnest,1200000,0,0,9,2012,-1200000,-100.0,tt2180333,Crowsnest,Horror,3.9,1481
84,2012-09-07,Crowsnest,1200000,0,0,9,2012,-1200000,-100.0,tt2180333,Crowsnest,Mystery,3.9,1481
84,2012-09-07,Crowsnest,1200000,0,0,9,2012,-1200000,-100.0,tt2180333,Crowsnest,Thriller,3.9,1481
85,2012-09-14,Airborne,1200000,0,0,9,2012,-1200000,-100.0,tt1827354,Airborne,Comedy,3.9,2248
85,2012-09-14,Airborne,1200000,0,0,9,2012,-1200000,-100.0,tt1827354,Airborne,Crime,3.9,2248
85,2012-09-14,Airborne,1200000,0,0,9,2012,-1200000,-100.0,tt1827354,Airborne,Horror,3.9,2248
87,2015-02-03,Bleeding Hearts,1200000,0,0,2,2015,-1200000,-100.0,tt2622294,Bleeding Hearts,Horror,3.4,123
88,2013-12-31,The Wicked Within,1200000,0,0,12,2013,-1200000,-100.0,tt1943014,The Wicked Within,Horror,4.5,1123
100,2012-05-18,Beyond the Black Rainbow,1100000,56491,56491,5,2012,-1043509,-94.86445454545456,tt1534085,Beyond the Black Rainbow,Horror,6.0,10765
100,2012-05-18,Beyond the Black Rainbow,1100000,56491,56491,5,2012,-1043509,-94.86445454545456,tt1534085,Beyond the Black Rainbow,Sci-Fi,6.0,10765
100,2012-05-18,Beyond the Black Rainbow,1100000,56491,56491,5,2012,-1043509,-94.86445454545456,tt1534085,Beyond the Black Rainbow,Thriller,6.0,10765
2,2014-11-21,The Sleepwalker,1100000,2636,2636,11,2014,-1097364,-99.76036363636364,tt2723576,The Sleepwalker,Drama,4.9,632
3,2017-03-07,Departure,1100000,0,27561,3,2017,-1072439,-97.49445454545454,tt2248739,Departure,Drama,6.7,1680
3,2017-03-07,Departure,1100000,0,27561,3,2017,-1072439,-97.49445454545454,tt2248739,Departure,Romance,6.7,1680
7,2010-12-31,The Dead Undead,1100000,0,0,12,2010,-1100000,-100.0,tt0923653,The Dead Undead,Action,3.0,791
7,2010-12-31,The Dead Undead,1100000,0,0,12,2010,-1100000,-100.0,tt0923653,The Dead Undead,Horror,3.0,791
7,2010-12-31,The Dead Undead,1100000,0,0,12,2010,-1100000,-100.0,tt0923653,The Dead Undead,Sci-Fi,3.0,791
8,2013-12-31,The Vatican Exorcisms,1100000,0,0,12,2013,-1100000,-100.0,tt3043194,The Vatican Exorcisms,Horror,2.5,413
12,2012-01-06,The Devil Inside,1000000,53262945,101759490,1,2012,100759490,10075.949,tt1560985,The Devil Inside,Horror,4.2,33522
14,2015-04-17,Unfriended,1000000,32789645,64364198,4,2015,63364198,6336.4198000000015,tt3713166,Unfriended,Horror,5.6,62043
14,2015-04-17,Unfriended,1000000,32789645,64364198,4,2015,63364198,6336.4198000000015,tt3713166,Unfriended,Mystery,5.6,62043
14,2015-04-17,Unfriended,1000000,32789645,64364198,4,2015,63364198,6336.4198000000015,tt3713166,Unfriended,Thriller,5.6,62043
17,2013-08-23,You're Next,1000000,18494006,26887177,8,2013,25887177,2588.7177,tt1853739,You're Next,Action,6.6,79451
17,2013-08-23,You're Next,1000000,18494006,26887177,8,2013,25887177,2588.7177,tt1853739,You're Next,Comedy,6.6,79451
17,2013-08-23,You're Next,1000000,18494006,26887177,8,2013,25887177,2588.7177,tt1853739,You're Next,Horror,6.6,79451
18,2012-05-25,Chernobyl Diaries,1000000,18119640,42411721,5,2012,41411721,4141.1721,tt1991245,Chernobyl Diaries,Horror,5.0,60304
18,2012-05-25,Chernobyl Diaries,1000000,18119640,42411721,5,2012,41411721,4141.1721,tt1991245,Chernobyl Diaries,Mystery,5.0,60304
18,2012-05-25,Chernobyl Diaries,1000000,18119640,42411721,5,2012,41411721,4141.1721,tt1991245,Chernobyl Diaries,Thriller,5.0,60304
25,2010-12-29,Blue Valentine,1000000,9737892,16566240,12,2010,15566240,1556.624,tt1120985,Blue Valentine,Drama,7.4,170089
25,2010-12-29,Blue Valentine,1000000,9737892,16566240,12,2010,15566240,1556.624,tt1120985,Blue Valentine,Romance,7.4,170089
29,2018-07-20,Unfriended: Dark Web,1000000,8866745,16434588,7,2018,15434588,1543.4588,tt4761916,Unfriended: Dark Web,Crime,5.9,13822
29,2018-07-20,Unfriended: Dark Web,1000000,8866745,16434588,7,2018,15434588,1543.4588,tt4761916,Unfriended: Dark Web,Horror,5.9,13822
29,2018-07-20,Unfriended: Dark Web,1000000,8866745,16434588,7,2018,15434588,1543.4588,tt4761916,Unfriended: Dark Web,Mystery,5.9,13822
31,2015-09-25,The Green Inferno,1000000,7192291,12931420,9,2015,11931420,1193.1419999999996,tt2403021,The Green Inferno,Adventure,5.3,33239
31,2015-09-25,The Green Inferno,1000000,7192291,12931420,9,2015,11931420,1193.1419999999996,tt2403021,The Green Inferno,Horror,5.3,33239
32,2017-02-03,I Am Not Your Negro,1000000,7123919,9617402,2,2017,8617402,861.7402000000002,tt5804038,I Am Not Your Negro,Documentary,7.8,13948
33,2012-10-19,The Sessions,1000000,6002451,11495204,10,2012,10495204,1049.5204,tt1866249,The Sessions,Biography,7.2,39731
33,2012-10-19,The Sessions,1000000,6002451,11495204,10,2012,10495204,1049.5204,tt1866249,The Sessions,Comedy,7.2,39731
33,2012-10-19,The Sessions,1000000,6002451,11495204,10,2012,10495204,1049.5204,tt1866249,The Sessions,Drama,7.2,39731
35,2012-03-23,October Baby,1000000,5355847,5391992,3,2012,4391992,439.1992,tt1720182,October Baby,Drama,6.8,6903
36,2014-09-12,The Skeleton Twins,1000000,5284309,5797192,9,2014,4797192,479.7192,tt1571249,The Skeleton Twins,Comedy,6.8,36793
36,2014-09-12,The Skeleton Twins,1000000,5284309,5797192,9,2014,4797192,479.7192,tt1571249,The Skeleton Twins,Drama,6.8,36793
36,2014-09-12,The Skeleton Twins,1000000,5284309,5797192,9,2014,4797192,479.7192,tt1571249,The Skeleton Twins,Romance,6.8,36793
41,2014-06-06,Obvious Child,1000000,3122616,3324070,6,2014,2324070,232.407,tt2910274,Obvious Child,Comedy,6.8,21536
41,2014-06-06,Obvious Child,1000000,3122616,3324070,6,2014,2324070,232.407,tt2910274,Obvious Child,Drama,6.8,21536
41,2014-06-06,Obvious Child,1000000,3122616,3324070,6,2014,2324070,232.407,tt2910274,Obvious Child,Romance,6.8,21536
42,2011-10-21,Martha Marcy May Marlene,1000000,2981038,5438911,10,2011,4438911,443.8911,tt1441326,Martha Marcy May Marlene,Drama,6.9,45873
42,2011-10-21,Martha Marcy May Marlene,1000000,2981038,5438911,10,2011,4438911,443.8911,tt1441326,Martha Marcy May Marlene,Mystery,6.9,45873
42,2011-10-21,Martha Marcy May Marlene,1000000,2981038,5438911,10,2011,4438911,443.8911,tt1441326,Martha Marcy May Marlene,Thriller,6.9,45873
56,2017-08-18,Patti Cake$,1000000,800148,1471090,8,2017,471090,47.108999999999995,tt6288250,Patti Cake$,Drama,6.7,8581
56,2017-08-18,Patti Cake$,1000000,800148,1471090,8,2017,471090,47.108999999999995,tt6288250,Patti Cake$,Music,6.7,8581
58,2014-05-09,Palo Alto,1000000,767732,1156309,5,2014,156309,15.6309,tt2479800,Palo Alto,Drama,6.2,25402
62,2011-07-29,The Future,1000000,568662,1239174,7,2011,239174,23.9174,tt1235170,The Future,Drama,6.2,7648
62,2011-07-29,The Future,1000000,568662,1239174,7,2011,239174,23.9174,tt1235170,The Future,Fantasy,6.2,7648
62,2011-07-29,The Future,1000000,568662,1239174,7,2011,239174,23.9174,tt1235170,The Future,Romance,6.2,7648
64,2014-10-24,23 Blast,1000000,549185,549185,10,2014,-450815,-45.08150000000001,tt2304459,23 Blast,Drama,6.5,1567
64,2014-10-24,23 Blast,1000000,549185,549185,10,2014,-450815,-45.08150000000001,tt2304459,23 Blast,Family,6.5,1567
64,2014-10-24,23 Blast,1000000,549185,549185,10,2014,-450815,-45.08150000000001,tt2304459,23 Blast,Sport,6.5,1567
66,2013-07-19,The Act of Killing,1000000,486919,1227316,7,2013,227316,22.7316,tt2375605,The Act of Killing,Crime,8.2,31115
66,2013-07-19,The Act of Killing,1000000,486919,1227316,7,2013,227316,22.7316,tt2375605,The Act of Killing,Documentary,8.2,31115
70,2014-07-18,I Origins,1000000,336472,852399,7,2014,-147601,-14.7601,tt2884206,I Origins,Drama,7.4,104718
70,2014-07-18,I Origins,1000000,336472,852399,7,2014,-147601,-14.7601,tt2884206,I Origins,Romance,7.4,104718
70,2014-07-18,I Origins,1000000,336472,852399,7,2014,-147601,-14.7601,tt2884206,I Origins,Sci-Fi,7.4,104718
71,2014-11-28,Antarctica: A Year on Ice,1000000,288757,288757,11,2014,-711243,-71.12429999999998,tt2361700,Antarctica: A Year on Ice,Adventure,7.6,3004
71,2014-11-28,Antarctica: A Year on Ice,1000000,288757,288757,11,2014,-711243,-71.12429999999998,tt2361700,Antarctica: A Year on Ice,Biography,7.6,3004
71,2014-11-28,Antarctica: A Year on Ice,1000000,288757,288757,11,2014,-711243,-71.12429999999998,tt2361700,Antarctica: A Year on Ice,Documentary,7.6,3004
74,2016-04-08,The Invitation,1000000,231738,354836,4,2016,-645164,-64.51639999999999,tt2400463,The Invitation,Drama,6.7,70213
74,2016-04-08,The Invitation,1000000,231738,354836,4,2016,-645164,-64.51639999999999,tt2400463,The Invitation,Horror,6.7,70213
74,2016-04-08,The Invitation,1000000,231738,354836,4,2016,-645164,-64.51639999999999,tt2400463,The Invitation,Mystery,6.7,70213
81,2012-06-01,Hardflip,1000000,96734,96734,6,2012,-903266,-90.3266,tt1907639,Hardflip,Action,5.6,673
81,2012-06-01,Hardflip,1000000,96734,96734,6,2012,-903266,-90.3266,tt1907639,Hardflip,Drama,5.6,673
82,2016-03-11,Creative Control,1000000,63014,63014,3,2016,-936986,-93.6986,tt3277624,Creative Control,Drama,5.4,1951
82,2016-03-11,Creative Control,1000000,63014,63014,3,2016,-936986,-93.6986,tt3277624,Creative Control,Sci-Fi,5.4,1951
84,2011-07-01,The Perfect Host,1000000,48764,51587,7,2011,-948413,-94.8413,tt1334553,The Perfect Host,Comedy,6.8,23378
84,2011-07-01,The Perfect Host,1000000,48764,51587,7,2011,-948413,-94.8413,tt1334553,The Perfect Host,Crime,6.8,23378
84,2011-07-01,The Perfect Host,1000000,48764,51587,7,2011,-948413,-94.8413,tt1334553,The Perfect Host,Thriller,6.8,23378
84,2011-07-01,The Perfect Host,1000000,48764,51587,7,2011,-948413,-94.8413,tt6026954,The Perfect Host,Fantasy,7.2,5
88,2015-02-13,Hits,1000000,15156,15156,2,2015,-984844,-98.4844,tt3145220,Hits,Comedy,5.8,1706
88,2015-02-13,Hits,1000000,15156,15156,2,2015,-984844,-98.4844,tt3145220,Hits,Drama,5.8,1706
92,2014-10-17,Camp X-Ray,1000000,9837,101053,10,2014,-898947,-89.8947,tt2994190,Camp X-Ray,Drama,6.9,36700
92,2014-10-17,Camp X-Ray,1000000,9837,101053,10,2014,-898947,-89.8947,tt2994190,Camp X-Ray,War,6.9,36700
94,2015-04-10,The Sisterhood of Night,1000000,6870,6870,4,2015,-993130,-99.31299999999999,tt1015471,The Sisterhood of Night,Drama,6.2,1888
94,2015-04-10,The Sisterhood of Night,1000000,6870,6870,4,2015,-993130,-99.31299999999999,tt1015471,The Sisterhood of Night,Mystery,6.2,1888
94,2015-04-10,The Sisterhood of Night,1000000,6870,6870,4,2015,-993130,-99.31299999999999,tt1015471,The Sisterhood of Night,Thriller,6.2,1888
100,2013-12-31,Heli,1000000,0,552614,12,2013,-447386,-44.7386,tt2852376,Heli,Crime,6.8,4379
100,2013-12-31,Heli,1000000,0,552614,12,2013,-447386,-44.7386,tt2852376,Heli,Drama,6.8,4379
100,2013-12-31,Heli,1000000,0,552614,12,2013,-447386,-44.7386,tt2852376,Heli,Romance,6.8,4379
1,2015-12-31,Karachi se Lahore,1000000,0,17721,12,2015,-982279,-98.2279,tt4590482,Karachi se Lahore,Adventure,6.6,1198
1,2015-12-31,Karachi se Lahore,1000000,0,17721,12,2015,-982279,-98.2279,tt4590482,Karachi se Lahore,Comedy,6.6,1198
1,2015-12-31,Karachi se Lahore,1000000,0,17721,12,2015,-982279,-98.2279,tt4590482,Karachi se Lahore,Family,6.6,1198
3,2015-12-11,American Hero,1000000,0,26,12,2015,-999974,-99.9974,tt4733536,American Hero,Action,4.9,3661
3,2015-12-11,American Hero,1000000,0,26,12,2015,-999974,-99.9974,tt4733536,American Hero,Comedy,4.9,3661
3,2015-12-11,American Hero,1000000,0,26,12,2015,-999974,-99.9974,tt4733536,American Hero,Drama,4.9,3661
11,2012-03-20,Snow White: A Deadly Summer,1000000,0,0,3,2012,-1000000,-100.0,tt2149137,Snow White: A Deadly Summer,Horror,2.2,679
12,2012-10-09,Truth or Die,1000000,0,0,10,2012,-1000000,-100.0,tt1838722,Truth or Die,Horror,5.6,8123
12,2012-10-09,Truth or Die,1000000,0,0,10,2012,-1000000,-100.0,tt1838722,Truth or Die,Mystery,5.6,8123
13,2013-05-14,Black Rock,1000000,0,0,5,2013,-1000000,-100.0,tt1930294,Black Rock,Horror,4.8,7596
13,2013-05-14,Black Rock,1000000,0,0,5,2013,-1000000,-100.0,tt1930294,Black Rock,Thriller,4.8,7596
14,2014-01-07,Hidden Away,1000000,0,0,1,2014,-1000000,-100.0,tt3289362,Hidden Away,Drama,7.1,1820
14,2014-01-07,Hidden Away,1000000,0,0,1,2014,-1000000,-100.0,tt3289362,Hidden Away,Romance,7.1,1820
15,2013-10-04,My Last Day Without You,1000000,0,0,10,2013,-1000000,-100.0,tt1679248,My Last Day Without You,Comedy,5.7,1178
15,2013-10-04,My Last Day Without You,1000000,0,0,10,2013,-1000000,-100.0,tt1679248,My Last Day Without You,Drama,5.7,1178
15,2013-10-04,My Last Day Without You,1000000,0,0,10,2013,-1000000,-100.0,tt1679248,My Last Day Without You,Romance,5.7,1178
16,2013-10-08,Zombie Hunter,1000000,0,0,10,2013,-1000000,-100.0,tt2446502,Zombie Hunter,Action,3.5,2372
16,2013-10-08,Zombie Hunter,1000000,0,0,10,2013,-1000000,-100.0,tt2446502,Zombie Hunter,Comedy,3.5,2372
16,2013-10-08,Zombie Hunter,1000000,0,0,10,2013,-1000000,-100.0,tt2446502,Zombie Hunter,Horror,3.5,2372
17,2014-12-31,Doc Holliday's Revenge,1000000,0,0,12,2014,-1000000,-100.0,tt3359872,Doc Holliday's Revenge,Western,3.8,104
18,2014-06-24,A Fine Step,1000000,0,0,6,2014,-1000000,-100.0,tt1604100,A Fine Step,Drama,5.4,279
19,2015-02-10,Fear Clinic,1000000,0,0,2,2015,-1000000,-100.0,tt2165765,Fear Clinic,Horror,5.0,6256
21,2014-12-31,Bang Bang Baby,1000000,0,0,12,2014,-1000000,-100.0,tt2655734,Bang Bang Baby,Drama,5.0,469
21,2014-12-31,Bang Bang Baby,1000000,0,0,12,2014,-1000000,-100.0,tt2655734,Bang Bang Baby,Fantasy,5.0,469
21,2014-12-31,Bang Bang Baby,1000000,0,0,12,2014,-1000000,-100.0,tt2655734,Bang Bang Baby,Musical,5.0,469
22,2016-04-08,Hush,1000000,0,0,4,2016,-1000000,-100.0,tt2077772,Hush,Drama,4.5,244
22,2016-04-08,Hush,1000000,0,0,4,2016,-1000000,-100.0,tt2077772,Hush,Thriller,4.5,244
22,2016-04-08,Hush,1000000,0,0,4,2016,-1000000,-100.0,tt4828062,Hush,Documentary,4.8,13
22,2016-04-08,Hush,1000000,0,0,4,2016,-1000000,-100.0,tt5022702,Hush,Horror,6.6,79100
22,2016-04-08,Hush,1000000,0,0,4,2016,-1000000,-100.0,tt5022702,Hush,Thriller,6.6,79100
23,2016-03-01,1982,1000000,0,0,3,2016,-1000000,-100.0,tt2388621,1982,Drama,7.0,221
25,2016-12-31,Chemical Cut,1000000,0,0,12,2016,-1000000,-100.0,tt3406296,Chemical Cut,Drama,5.4,111
26,2015-12-22,Por amor en el caserio,1000000,0,0,12,2015,-1000000,-100.0,tt3107890,Por amor en el caserio,Action,8.1,54
26,2015-12-22,Por amor en el caserio,1000000,0,0,12,2015,-1000000,-100.0,tt3107890,Por amor en el caserio,Drama,8.1,54
26,2015-12-22,Por amor en el caserio,1000000,0,0,12,2015,-1000000,-100.0,tt3107890,Por amor en el caserio,Romance,8.1,54
30,2014-01-10,Banshee Chapter,950000,0,78122,1,2014,-871878,-91.77663157894736,tt2011276,Banshee Chapter,Horror,5.5,8219
30,2014-01-10,Banshee Chapter,950000,0,78122,1,2014,-871878,-91.77663157894736,tt2011276,Banshee Chapter,Sci-Fi,5.5,8219
30,2014-01-10,Banshee Chapter,950000,0,78122,1,2014,-871878,-91.77663157894736,tt2011276,Banshee Chapter,Thriller,5.5,8219
32,2014-08-12,Jesse,950000,0,0,8,2014,-950000,-100.0,tt1653203,Jesse,Action,4.9,96
32,2014-08-12,Jesse,950000,0,0,8,2014,-950000,-100.0,tt1653203,Jesse,Crime,4.9,96
32,2014-08-12,Jesse,950000,0,0,8,2014,-950000,-100.0,tt1653203,Jesse,Drama,4.9,96
33,2015-03-03,Ask Me Anything,950000,0,0,3,2015,-950000,-100.0,tt2505294,Ask Me Anything,Drama,6.1,10680
34,2012-04-13,L!fe Happens,930000,30905,30905,4,2012,-899095,-96.67688172043009,tt1726589,L!fe Happens,Comedy,5.6,7229
35,2017-05-12,Lowriders,916000,6179955,6188421,5,2017,5272421,575.5918122270742,tt1366338,Lowriders,Adventure,5.7,1954
35,2017-05-12,Lowriders,916000,6179955,6188421,5,2017,5272421,575.5918122270742,tt1366338,Lowriders,Crime,5.7,1954
35,2017-05-12,Lowriders,916000,6179955,6188421,5,2017,5272421,575.5918122270742,tt1366338,Lowriders,Drama,5.7,1954
36,2014-11-21,Food Chains,913000,0,176,11,2014,-912824,-99.98072289156626,tt2141739,Food Chains,Documentary,7.2,328
38,2013-07-12,Fruitvale Station,900000,16098998,17549645,7,2013,16649645,1849.9605555555554,tt2334649,Fruitvale Station,Biography,7.5,68187
38,2013-07-12,Fruitvale Station,900000,16098998,17549645,7,2013,16649645,1849.9605555555554,tt2334649,Fruitvale Station,Drama,7.5,68187
38,2013-07-12,Fruitvale Station,900000,16098998,17549645,7,2013,16649645,1849.9605555555554,tt2334649,Fruitvale Station,Romance,7.5,68187
39,2016-04-01,Meet the Blacks,900000,9097072,9097072,4,2016,8197072,910.7857777777778,tt4191580,Meet the Blacks,Comedy,5.9,34669
39,2016-04-01,Meet the Blacks,900000,9097072,9097072,4,2016,8197072,910.7857777777778,tt4191580,Meet the Blacks,Horror,5.9,34669
41,2011-08-26,Circumstance,900000,454121,958978,8,2011,58978,6.553111111111112,tt1684628,Circumstance,Drama,5.9,7055
43,2012-04-27,The Giant Mechanical Man,900000,7396,7396,4,2012,-892604,-99.17822222222222,tt1769363,The Giant Mechanical Man,Comedy,6.7,8921
43,2012-04-27,The Giant Mechanical Man,900000,7396,7396,4,2012,-892604,-99.17822222222222,tt1769363,The Giant Mechanical Man,Drama,6.7,8921
43,2012-04-27,The Giant Mechanical Man,900000,7396,7396,4,2012,-892604,-99.17822222222222,tt1769363,The Giant Mechanical Man,Romance,6.7,8921
44,2013-04-05,The Brass Teapot,900000,6997,413733,4,2013,-486267,-54.029666666666664,tt1935902,The Brass Teapot,Comedy,6.4,13746
44,2013-04-05,The Brass Teapot,900000,6997,413733,4,2013,-486267,-54.029666666666664,tt1935902,The Brass Teapot,Fantasy,6.4,13746
44,2013-04-05,The Brass Teapot,900000,6997,413733,4,2013,-486267,-54.029666666666664,tt1935902,The Brass Teapot,Thriller,6.4,13746
47,2042-08-13,Bambi,858000,102797000,268000000,8,2042,267142000,31135.431235431235,tt2668120,Bambi,Biography,7.0,101
47,2042-08-13,Bambi,858000,102797000,268000000,8,2042,267142000,31135.431235431235,tt2668120,Bambi,Documentary,7.0,101
51,2015-08-28,Windsor Drive,850000,3256,3256,8,2015,-846744,-99.61694117647059,tt2311428,Windsor Drive,Mystery,3.2,193
51,2015-08-28,Windsor Drive,850000,3256,3256,8,2015,-846744,-99.61694117647059,tt2311428,Windsor Drive,Thriller,3.2,193
69,2014-09-19,Not Cool,800000,35688,35688,9,2014,-764312,-95.539,tt3569356,Not Cool,Comedy,4.5,5089
69,2014-09-19,Not Cool,800000,35688,35688,9,2014,-764312,-95.539,tt3569356,Not Cool,Drama,4.5,5089
69,2014-09-19,Not Cool,800000,35688,35688,9,2014,-764312,-95.539,tt3569356,Not Cool,Romance,4.5,5089
70,2012-02-03,Kill List,800000,29063,462206,2,2012,-337794,-42.22425000000001,tt1788391,Kill List,Crime,6.4,32807
70,2012-02-03,Kill List,800000,29063,462206,2,2012,-337794,-42.22425000000001,tt1788391,Kill List,Drama,6.4,32807
70,2012-02-03,Kill List,800000,29063,462206,2,2012,-337794,-42.22425000000001,tt1788391,Kill List,Horror,6.4,32807
71,2015-01-09,Vessel,800000,0,0,1,2015,-800000,-100.0,tt2272998,Vessel,Sci-Fi,6.4,23
71,2015-01-09,Vessel,800000,0,0,1,2015,-800000,-100.0,tt3311588,Vessel,Adventure,7.5,194
71,2015-01-09,Vessel,800000,0,0,1,2015,-800000,-100.0,tt3311588,Vessel,Biography,7.5,194
71,2015-01-09,Vessel,800000,0,0,1,2015,-800000,-100.0,tt3311588,Vessel,Documentary,7.5,194
75,2011-09-09,Kevin Hart: Laugh at My Pain,750000,7706436,7712436,9,2011,6962436,928.3248,tt1999192,Kevin Hart: Laugh at My Pain,Comedy,7.4,5081
75,2011-09-09,Kevin Hart: Laugh at My Pain,750000,7706436,7712436,9,2011,6962436,928.3248,tt1999192,Kevin Hart: Laugh at My Pain,Documentary,7.4,5081
77,2012-06-08,Safety Not Guaranteed,750000,4010957,4422318,6,2012,3672318,489.6424,tt1862079,Safety Not Guaranteed,Comedy,7.0,111907
77,2012-06-08,Safety Not Guaranteed,750000,4010957,4422318,6,2012,3672318,489.6424,tt1862079,Safety Not Guaranteed,Drama,7.0,111907
77,2012-06-08,Safety Not Guaranteed,750000,4010957,4422318,6,2012,3672318,489.6424,tt1862079,Safety Not Guaranteed,Romance,7.0,111907
78,2012-02-03,The Innkeepers,750000,78396,1011535,2,2012,261535,34.87133333333333,tt1594562,The Innkeepers,Drama,5.5,31089
78,2012-02-03,The Innkeepers,750000,78396,1011535,2,2012,261535,34.87133333333333,tt1594562,The Innkeepers,Horror,5.5,31089
78,2012-02-03,The Innkeepers,750000,78396,1011535,2,2012,261535,34.87133333333333,tt1594562,The Innkeepers,Mystery,5.5,31089
84,2014-12-31,Destiny,750000,0,450,12,2014,-749550,-99.94,tt1966412,Destiny,Action,3.8,12
84,2014-12-31,Destiny,750000,0,450,12,2014,-749550,-99.94,tt3231362,Destiny,Adventure,8.4,25
84,2014-12-31,Destiny,750000,0,450,12,2014,-749550,-99.94,tt3231362,Destiny,Comedy,8.4,25
84,2014-12-31,Destiny,750000,0,450,12,2014,-749550,-99.94,tt3231362,Destiny,Family,8.4,25
84,2014-12-31,Destiny,750000,0,450,12,2014,-749550,-99.94,tt3523348,Destiny,Drama,7.8,36
84,2014-12-31,Destiny,750000,0,450,12,2014,-749550,-99.94,tt3523348,Destiny,Music,7.8,36
84,2014-12-31,Destiny,750000,0,450,12,2014,-749550,-99.94,tt3523348,Destiny,Romance,7.8,36
86,2016-01-05,Adulterers,750000,0,0,1,2016,-750000,-100.0,tt4044464,Adulterers,Crime,5.2,1377
86,2016-01-05,Adulterers,750000,0,0,1,2016,-750000,-100.0,tt4044464,Adulterers,Drama,5.2,1377
86,2016-01-05,Adulterers,750000,0,0,1,2016,-750000,-100.0,tt4044464,Adulterers,Thriller,5.2,1377
93,2017-08-04,Columbus,700000,1017107,1110511,8,2017,410511,58.64442857142858,tt5203734,Columbus,Comedy,7.3,42
93,2017-08-04,Columbus,700000,1017107,1110511,8,2017,410511,58.64442857142858,tt5990474,Columbus,Drama,7.2,10735
93,2017-08-04,Columbus,700000,1017107,1110511,8,2017,410511,58.64442857142858,tt9899880,Columbus,Comedy,5.8,5
96,2015-03-13,Walter,700000,0,0,3,2015,-700000,-100.0,tt2016335,Walter,Comedy,5.4,1747
96,2015-03-13,Walter,700000,0,0,3,2015,-700000,-100.0,tt2016335,Walter,Drama,5.4,1747
96,2015-03-13,Walter,700000,0,0,3,2015,-700000,-100.0,tt9680064,Walter,Comedy,6.4,35
100,2013-10-11,Escape from Tomorrow,650000,171962,171962,10,2013,-478038,-73.5443076923077,tt2187884,Escape from Tomorrow,Drama,5.2,8665
100,2013-10-11,Escape from Tomorrow,650000,171962,171962,10,2013,-478038,-73.5443076923077,tt2187884,Escape from Tomorrow,Fantasy,5.2,8665
100,2013-10-11,Escape from Tomorrow,650000,171962,171962,10,2013,-478038,-73.5443076923077,tt2187884,Escape from Tomorrow,Horror,5.2,8665
2,2012-12-31,After,650000,0,0,12,2012,-650000,-100.0,tt1147681,After,Drama,4.7,129
2,2012-12-31,After,650000,0,0,12,2012,-650000,-100.0,tt1147681,After,Mystery,4.7,129
2,2012-12-31,After,650000,0,0,12,2012,-650000,-100.0,tt1799508,After,Drama,5.5,4881
2,2012-12-31,After,650000,0,0,12,2012,-650000,-100.0,tt1799508,After,Fantasy,5.5,4881
2,2012-12-31,After,650000,0,0,12,2012,-650000,-100.0,tt1799508,After,Mystery,5.5,4881
2,2012-12-31,After,650000,0,0,12,2012,-650000,-100.0,tt2404163,After,Romance,6.3,34
2,2012-12-31,After,650000,0,0,12,2012,-650000,-100.0,tt4126476,After,Drama,5.6,7699
2,2012-12-31,After,650000,0,0,12,2012,-650000,-100.0,tt4126476,After,Romance,5.6,7699
3,2014-12-31,The Hadza: Last of the First,650000,0,0,12,2014,-650000,-100.0,tt2139721,The Hadza: Last of the First,Documentary,7.7,10
5,2013-12-31,Treachery,625000,0,0,12,2013,-625000,-100.0,tt2380301,Treachery,Drama,3.7,391
5,2013-12-31,Treachery,625000,0,0,12,2013,-625000,-100.0,tt2380301,Treachery,Thriller,3.7,391
12,2014-05-02,Water & Power,600000,42557,42557,5,2014,-557443,-92.90716666666668,tt2052015,Water & Power,Crime,6.2,99
12,2014-05-02,Water & Power,600000,42557,42557,5,2014,-557443,-92.90716666666668,tt2052015,Water & Power,Drama,6.2,99
15,2015-05-22,Drunk Wedding,600000,3301,3301,5,2015,-596699,-99.44983333333332,tt1950135,Drunk Wedding,Comedy,4.6,729
16,2016-03-04,They Will Have to Kill Us First,600000,0,7943,3,2016,-592057,-98.67616666666666,tt4333662,They Will Have to Kill Us First,Documentary,7.3,112
18,2014-08-08,The Maid's Room,600000,0,0,8,2014,-600000,-100.0,tt2263814,The Maid's Room,Thriller,4.5,882
19,2014-12-31,Light from the Darkroom,600000,0,0,12,2014,-600000,-100.0,tt3130704,Light from the Darkroom,Action,6.1,11
19,2014-12-31,Light from the Darkroom,600000,0,0,12,2014,-600000,-100.0,tt3130704,Light from the Darkroom,Drama,6.1,11
19,2014-12-31,Light from the Darkroom,600000,0,0,12,2014,-600000,-100.0,tt3130704,Light from the Darkroom,Thriller,6.1,11
20,2015-02-24,Irreplaceable,600000,0,0,2,2015,-600000,-100.0,tt3721958,Irreplaceable,Documentary,7.5,30
20,2015-02-24,Irreplaceable,600000,0,0,2,2015,-600000,-100.0,tt5078326,Irreplaceable,Comedy,6.5,2360
20,2015-02-24,Irreplaceable,600000,0,0,2,2015,-600000,-100.0,tt5078326,Irreplaceable,Drama,6.5,2360
22,2011-07-29,The Harvest/La Cosecha,560000,3709,3709,7,2011,-556291,-99.33767857142857,tt1981703,The Harvest/La Cosecha,Documentary,7.1,63
23,2015-12-31,Julija in alfa Romeo,560000,0,8462,12,2015,-551538,-98.48892857142856,tt4374230,Julija in alfa Romeo,Comedy,5.8,116
27,2014-09-12,Faith Connections,550000,9111,9111,9,2014,-540889,-98.34345454545456,tt2768766,Faith Connections,Biography,7.1,149
27,2014-09-12,Faith Connections,550000,9111,9111,9,2014,-540889,-98.34345454545456,tt2768766,Faith Connections,Documentary,7.1,149
27,2014-09-12,Faith Connections,550000,9111,9111,9,2014,-540889,-98.34345454545456,tt2768766,Faith Connections,Drama,7.1,149
28,2012-03-06,High Road,546173,0,0,3,2012,-546173,-100.0,tt1692084,High Road,Comedy,5.4,1508
30,2074-11-15,Benji,500000,31559560,31559560,11,2074,31059560,6211.911999999999,tt1799516,Benji,Crime,6.4,2779
30,2074-11-15,Benji,500000,31559560,31559560,11,2074,31059560,6211.911999999999,tt1799516,Benji,Drama,6.4,2779
30,2074-11-15,Benji,500000,31559560,31559560,11,2074,31059560,6211.911999999999,tt1799516,Benji,Family,6.4,2779
30,2074-11-15,Benji,500000,31559560,31559560,11,2074,31059560,6211.911999999999,tt2519480,Benji,Documentary,7.4,101
30,2074-11-15,Benji,500000,31559560,31559560,11,2074,31059560,6211.911999999999,tt2519480,Benji,Sport,7.4,101
39,2011-07-08,Sholem Aleichem: Laughing in the Darkness,500000,1131261,1131261,7,2011,631261,126.2522,tt1976608,Sholem Aleichem: Laughing in the Darkness,Documentary,6.8,157
45,2013-08-23,Drinking Buddies,500000,343706,407100,8,2013,-92900,-18.58,tt2265398,Drinking Buddies,Comedy,6.1,53546
45,2013-08-23,Drinking Buddies,500000,343706,407100,8,2013,-92900,-18.58,tt2265398,Drinking Buddies,Drama,6.1,53546
45,2013-08-23,Drinking Buddies,500000,343706,407100,8,2013,-92900,-18.58,tt2265398,Drinking Buddies,Romance,6.1,53546
50,2010-10-29,Monsters,500000,237301,5639730,10,2010,5139730,1027.9460000000001,tt1470827,Monsters,Drama,6.4,84332
50,2010-10-29,Monsters,500000,237301,5639730,10,2010,5139730,1027.9460000000001,tt1470827,Monsters,Sci-Fi,6.4,84332
50,2010-10-29,Monsters,500000,237301,5639730,10,2010,5139730,1027.9460000000001,tt1470827,Monsters,Thriller,6.4,84332
50,2010-10-29,Monsters,500000,237301,5639730,10,2010,5139730,1027.9460000000001,tt5253186,Monsters,Horror,4.0,6
52,2013-04-17,Deceptive Practice: The Mysteries and Mentors of Ricky Jay,500000,152449,152449,4,2013,-347551,-69.5102,tt2654360,Deceptive Practice: The Mysteries and Mentors of Ricky Jay,Documentary,7.1,882
53,2012-09-28,The Other Dream Team,500000,134109,314444,9,2012,-185556,-37.1112,tt1606829,The Other Dream Team,Documentary,8.4,3332
53,2012-09-28,The Other Dream Team,500000,134109,314444,9,2012,-185556,-37.1112,tt1606829,The Other Dream Team,Sport,8.4,3332
55,2011-04-01,Rubber,500000,100370,680914,4,2011,180914,36.1828,tt1612774,Rubber,Comedy,5.8,31316
55,2011-04-01,Rubber,500000,100370,680914,4,2011,180914,36.1828,tt1612774,Rubber,Fantasy,5.8,31316
55,2011-04-01,Rubber,500000,100370,680914,4,2011,180914,36.1828,tt1612774,Rubber,Horror,5.8,31316
65,2014-09-10,Born to Fly: Elizabeth Streb vs. Gravity,500000,1822,1822,9,2014,-498178,-99.6356,tt2246526,Born to Fly: Elizabeth Streb vs. Gravity,Action,6.7,47
65,2014-09-10,Born to Fly: Elizabeth Streb vs. Gravity,500000,1822,1822,9,2014,-498178,-99.6356,tt2246526,Born to Fly: Elizabeth Streb vs. Gravity,Biography,6.7,47
65,2014-09-10,Born to Fly: Elizabeth Streb vs. Gravity,500000,1822,1822,9,2014,-498178,-99.6356,tt2246526,Born to Fly: Elizabeth Streb vs. Gravity,Documentary,6.7,47
66,2013-06-28,Detention of the Dead,500000,1778,1778,6,2013,-498222,-99.6444,tt1865346,Detention of the Dead,Action,4.6,2414
66,2013-06-28,Detention of the Dead,500000,1778,1778,6,2013,-498222,-99.6444,tt1865346,Detention of the Dead,Adventure,4.6,2414
66,2013-06-28,Detention of the Dead,500000,1778,1778,6,2013,-498222,-99.6444,tt1865346,Detention of the Dead,Comedy,4.6,2414
67,2018-05-11,Higher Power,500000,528,528,5,2018,-499472,-99.8944,tt2924392,Higher Power,Action,5.3,2152
67,2018-05-11,Higher Power,500000,528,528,5,2018,-499472,-99.8944,tt2924392,Higher Power,Sci-Fi,5.3,2152
67,2018-05-11,Higher Power,500000,528,528,5,2018,-499472,-99.8944,tt2924392,Higher Power,Thriller,5.3,2152
72,2010-12-31,Drones,500000,0,0,12,2010,-500000,-100.0,tt1232775,Drones,Comedy,6.4,483
72,2010-12-31,Drones,500000,0,0,12,2010,-500000,-100.0,tt2179027,Drones,Thriller,4.5,719
73,2012-04-03,Enter Nowhere,500000,0,0,4,2012,-500000,-100.0,tt1631707,Enter Nowhere,Mystery,6.6,7298
73,2012-04-03,Enter Nowhere,500000,0,0,4,2012,-500000,-100.0,tt1631707,Enter Nowhere,Sci-Fi,6.6,7298
73,2012-04-03,Enter Nowhere,500000,0,0,4,2012,-500000,-100.0,tt1631707,Enter Nowhere,Thriller,6.6,7298
74,2012-07-17,Girls Gone Dead,500000,0,0,7,2012,-500000,-100.0,tt1884318,Girls Gone Dead,Comedy,3.5,2230
74,2012-07-17,Girls Gone Dead,500000,0,0,7,2012,-500000,-100.0,tt1884318,Girls Gone Dead,Horror,3.5,2230
77,2015-07-24,The Outrageous Sophie Tucker,500000,0,0,7,2015,-500000,-100.0,tt2825768,The Outrageous Sophie Tucker,Documentary,7.3,60
78,2015-03-10,Subconscious,500000,0,0,3,2015,-500000,-100.0,tt1764615,Subconscious,Horror,4.5,172
78,2015-03-10,Subconscious,500000,0,0,3,2015,-500000,-100.0,tt2909932,Subconscious,Action,2.2,323
78,2015-03-10,Subconscious,500000,0,0,3,2015,-500000,-100.0,tt2909932,Subconscious,Mystery,2.2,323
78,2015-03-10,Subconscious,500000,0,0,3,2015,-500000,-100.0,tt2909932,Subconscious,Thriller,2.2,323
79,2015-04-14,Roadside,500000,0,0,4,2015,-500000,-100.0,tt1958007,Roadside,Drama,3.8,361
79,2015-04-14,Roadside,500000,0,0,4,2015,-500000,-100.0,tt1958007,Roadside,Horror,3.8,361
79,2015-04-14,Roadside,500000,0,0,4,2015,-500000,-100.0,tt1958007,Roadside,Mystery,3.8,361
80,2014-12-31,Diamond Ruff,500000,0,0,12,2014,-500000,-100.0,tt2111292,Diamond Ruff,Action,4.3,65
81,2015-02-10,Love in the Time of Monsters,500000,0,0,2,2015,-500000,-100.0,tt2403415,Love in the Time of Monsters,Comedy,5.5,183
81,2015-02-10,Love in the Time of Monsters,500000,0,0,2,2015,-500000,-100.0,tt2403415,Love in the Time of Monsters,Horror,5.5,183
83,2015-12-31,Fight to the Finish,500000,0,0,12,2015,-500000,-100.0,tt3152288,Fight to the Finish,Action,3.6,109
83,2015-12-31,Fight to the Finish,500000,0,0,12,2015,-500000,-100.0,tt3152288,Fight to the Finish,Romance,3.6,109
83,2015-12-31,Fight to the Finish,500000,0,0,12,2015,-500000,-100.0,tt3152288,Fight to the Finish,Sport,3.6,109
84,2013-12-31,Bucky and the Squirrels,500000,0,0,12,2013,-500000,-100.0,tt3126876,Bucky and the Squirrels,Comedy,4.2,61
86,2015-06-23,Crossroads,500000,0,0,6,2015,-500000,-100.0,tt1842448,Crossroads,Drama,5.4,36
86,2015-06-23,Crossroads,500000,0,0,6,2015,-500000,-100.0,tt1848834,Crossroads,Action,7.8,8
86,2015-06-23,Crossroads,500000,0,0,6,2015,-500000,-100.0,tt1848834,Crossroads,Crime,7.8,8
86,2015-06-23,Crossroads,500000,0,0,6,2015,-500000,-100.0,tt1848834,Crossroads,Drama,7.8,8
86,2015-06-23,Crossroads,500000,0,0,6,2015,-500000,-100.0,tt1980074,Crossroads,Action,6.3,14
86,2015-06-23,Crossroads,500000,0,0,6,2015,-500000,-100.0,tt2219370,Crossroads,Drama,6.1,122
86,2015-06-23,Crossroads,500000,0,0,6,2015,-500000,-100.0,tt2219370,Crossroads,Mystery,6.1,122
86,2015-06-23,Crossroads,500000,0,0,6,2015,-500000,-100.0,tt2219370,Crossroads,War,6.1,122
86,2015-06-23,Crossroads,500000,0,0,6,2015,-500000,-100.0,tt4080474,Crossroads,Documentary,8.7,15
86,2015-06-23,Crossroads,500000,0,0,6,2015,-500000,-100.0,tt8106586,Crossroads,Documentary,9.3,22
87,2015-08-11,Alleluia! The Devil's Carnival,500000,0,0,8,2015,-500000,-100.0,tt3892618,Alleluia! The Devil's Carnival,Horror,6.9,534
87,2015-08-11,Alleluia! The Devil's Carnival,500000,0,0,8,2015,-500000,-100.0,tt3892618,Alleluia! The Devil's Carnival,Musical,6.9,534
89,2014-12-31,The Sound and the Shadow,500000,0,0,12,2014,-500000,-100.0,tt2190180,The Sound and the Shadow,Comedy,7.9,37
89,2014-12-31,The Sound and the Shadow,500000,0,0,12,2014,-500000,-100.0,tt2190180,The Sound and the Shadow,Mystery,7.9,37
89,2014-12-31,The Sound and the Shadow,500000,0,0,12,2014,-500000,-100.0,tt2190180,The Sound and the Shadow,Thriller,7.9,37
90,2015-12-31,Rodeo Girl,500000,0,0,12,2015,-500000,-100.0,tt4062896,Rodeo Girl,Adventure,5.8,175
90,2015-12-31,Rodeo Girl,500000,0,0,12,2015,-500000,-100.0,tt4062896,Rodeo Girl,Family,5.8,175
100,2014-07-11,As It Is in Heaven,450000,13486,13486,7,2014,-436514,-97.00311111111112,tt2176228,As It Is in Heaven,Drama,7.3,73
1,2014-07-01,Mutual Friends,450000,0,0,7,2014,-450000,-100.0,tt2112209,Mutual Friends,Comedy,6.5,83
1,2014-07-01,Mutual Friends,450000,0,0,7,2014,-450000,-100.0,tt2112209,Mutual Friends,Romance,6.5,83
7,2014-04-25,Blue Ruin,420000,258384,437002,4,2014,17002,4.048095238095239,tt2359024,Blue Ruin,Crime,7.1,58811
7,2014-04-25,Blue Ruin,420000,258384,437002,4,2014,17002,4.048095238095239,tt2359024,Blue Ruin,Drama,7.1,58811
7,2014-04-25,Blue Ruin,420000,258384,437002,4,2014,17002,4.048095238095239,tt2359024,Blue Ruin,Thriller,7.1,58811
14,2010-10-15,I Want Your Money,400000,433588,433588,10,2010,33588,8.397,tt1560957,I Want Your Money,Documentary,5.1,1244
35,2015-10-20,Rotor DR1,350000,0,0,10,2015,-350000,-100.0,tt4162992,Rotor DR1,Family,3.4,280
35,2015-10-20,Rotor DR1,350000,0,0,10,2015,-350000,-100.0,tt4162992,Rotor DR1,Sci-Fi,3.4,280
51,2011-03-11,3 Backyards,300000,39475,39475,3,2011,-260525,-86.84166666666668,tt1314190,3 Backyards,Drama,5.0,611
57,2014-03-28,Locker 13,300000,3496,3496,3,2014,-296504,-98.83466666666666,tt1241226,Locker 13,Thriller,4.7,290
58,2015-10-23,The Looking Glass,300000,1711,1711,10,2015,-298289,-99.42966666666668,tt1883370,The Looking Glass,Fantasy,5.5,36
58,2015-10-23,The Looking Glass,300000,1711,1711,10,2015,-298289,-99.42966666666668,tt2912776,The Looking Glass,Drama,5.8,156
58,2015-10-23,The Looking Glass,300000,1711,1711,10,2015,-298289,-99.42966666666668,tt2912776,The Looking Glass,Music,5.8,156
59,2014-10-31,All You Need Is Love,300000,0,3565259,10,2014,3265259,1088.4196666666667,tt2704210,All You Need Is Love,Documentary,6.8,9
59,2014-10-31,All You Need Is Love,300000,0,3565259,10,2014,3265259,1088.4196666666667,tt4971480,All You Need Is Love,Comedy,5.6,119
59,2014-10-31,All You Need Is Love,300000,0,3565259,10,2014,3265259,1088.4196666666667,tt4971480,All You Need Is Love,Romance,5.6,119
59,2014-10-31,All You Need Is Love,300000,0,3565259,10,2014,3265259,1088.4196666666667,tt8161226,All You Need Is Love,Comedy,5.8,244
59,2014-10-31,All You Need Is Love,300000,0,3565259,10,2014,3265259,1088.4196666666667,tt8161226,All You Need Is Love,Romance,5.8,244
61,2012-07-03,Some Guy Who Kills People,300000,0,0,7,2012,-300000,-100.0,tt1568341,Some Guy Who Kills People,Comedy,6.3,5111
61,2012-07-03,Some Guy Who Kills People,300000,0,0,7,2012,-300000,-100.0,tt1568341,Some Guy Who Kills People,Crime,6.3,5111
61,2012-07-03,Some Guy Who Kills People,300000,0,0,7,2012,-300000,-100.0,tt1568341,Some Guy Who Kills People,Drama,6.3,5111
62,2013-08-07,Midnight Cabaret,300000,0,0,8,2013,-300000,-100.0,tt2145676,Midnight Cabaret,Action,6.4,19
62,2013-08-07,Midnight Cabaret,300000,0,0,8,2013,-300000,-100.0,tt2145676,Midnight Cabaret,Crime,6.4,19
62,2013-08-07,Midnight Cabaret,300000,0,0,8,2013,-300000,-100.0,tt2145676,Midnight Cabaret,Drama,6.4,19
63,2015-03-10,Teeth and Blood,300000,0,0,3,2015,-300000,-100.0,tt1991199,Teeth and Blood,Action,4.0,34
63,2015-03-10,Teeth and Blood,300000,0,0,3,2015,-300000,-100.0,tt1991199,Teeth and Blood,Horror,4.0,34
65,2010-12-31,Anderson's Cross,300000,0,0,12,2010,-300000,-100.0,tt0393049,Anderson's Cross,Comedy,5.5,106
65,2010-12-31,Anderson's Cross,300000,0,0,12,2010,-300000,-100.0,tt0393049,Anderson's Cross,Drama,5.5,106
65,2010-12-31,Anderson's Cross,300000,0,0,12,2010,-300000,-100.0,tt0393049,Anderson's Cross,Romance,5.5,106
66,2015-12-08,Amidst the Devil's Wings,300000,0,0,12,2015,-300000,-100.0,tt3976258,Amidst the Devil's Wings,Action,4.0,33
66,2015-12-08,Amidst the Devil's Wings,300000,0,0,12,2015,-300000,-100.0,tt3976258,Amidst the Devil's Wings,Crime,4.0,33
66,2015-12-08,Amidst the Devil's Wings,300000,0,0,12,2015,-300000,-100.0,tt3976258,Amidst the Devil's Wings,Drama,4.0,33
67,2010-12-31,Death Calls,290000,0,0,12,2010,-290000,-100.0,tt1328873,Death Calls,Action,4.6,33
67,2010-12-31,Death Calls,290000,0,0,12,2010,-290000,-100.0,tt1328873,Death Calls,Adventure,4.6,33
67,2010-12-31,Death Calls,290000,0,0,12,2010,-290000,-100.0,tt1328873,Death Calls,Mystery,4.6,33
68,2012-08-17,Compliance,270000,319285,830700,8,2012,560700,207.66666666666663,tt1971352,Compliance,Biography,6.4,28703
68,2012-08-17,Compliance,270000,319285,830700,8,2012,560700,207.66666666666663,tt1971352,Compliance,Crime,6.4,28703
68,2012-08-17,Compliance,270000,319285,830700,8,2012,560700,207.66666666666663,tt1971352,Compliance,Drama,6.4,28703
72,2017-04-28,Sleight,250000,3930990,3934450,4,2017,3684450,1473.78,tt4573516,Sleight,Action,5.9,7074
72,2017-04-28,Sleight,250000,3930990,3934450,4,2017,3684450,1473.78,tt4573516,Sleight,Drama,5.9,7074
72,2017-04-28,Sleight,250000,3930990,3934450,4,2017,3684450,1473.78,tt4573516,Sleight,Sci-Fi,5.9,7074
74,2011-10-28,Like Crazy,250000,3395391,3728400,10,2011,3478400,1391.36,tt1758692,Like Crazy,Drama,6.7,55841
74,2011-10-28,Like Crazy,250000,3395391,3728400,10,2011,3478400,1391.36,tt1758692,Like Crazy,Romance,6.7,55841
74,2011-10-28,Like Crazy,250000,3395391,3728400,10,2011,3478400,1391.36,tt4621872,Like Crazy,Comedy,7.2,7156
74,2011-10-28,Like Crazy,250000,3395391,3728400,10,2011,3478400,1391.36,tt4621872,Like Crazy,Drama,7.2,7156
84,2013-08-02,The Canyons,250000,59671,62375,8,2013,-187625,-75.05,tt2292959,The Canyons,Drama,3.8,9838
84,2013-08-02,The Canyons,250000,59671,62375,8,2013,-187625,-75.05,tt2292959,The Canyons,Thriller,3.8,9838
89,2014-06-06,Test,250000,18823,18823,6,2014,-231177,-92.4708,tt2407380,Test,Drama,6.2,1373
89,2014-06-06,Test,250000,18823,18823,6,2014,-231177,-92.4708,tt4131188,Test,Drama,7.2,423
91,2015-03-24,Along the Roadside,250000,0,3234,3,2015,-246766,-98.7064,tt2290113,Along the Roadside,Comedy,6.8,392
91,2015-03-24,Along the Roadside,250000,0,3234,3,2015,-246766,-98.7064,tt2290113,Along the Roadside,Music,6.8,392
91,2015-03-24,Along the Roadside,250000,0,3234,3,2015,-246766,-98.7064,tt2290113,Along the Roadside,Romance,6.8,392
93,2010-10-05,Rust,250000,0,0,10,2010,-250000,-100.0,tt1360826,Rust,Drama,5.6,404
93,2010-10-05,Rust,250000,0,0,10,2010,-250000,-100.0,tt1833781,Rust,Drama,6.1,412
93,2010-10-05,Rust,250000,0,0,10,2010,-250000,-100.0,tt3490320,Rust,Horror,6.1,22
93,2010-10-05,Rust,250000,0,0,10,2010,-250000,-100.0,tt3490320,Rust,Thriller,6.1,22
93,2010-10-05,Rust,250000,0,0,10,2010,-250000,-100.0,tt7467324,Rust,Drama,6.6,377
94,2010-12-31,The Christmas Bunny,250000,0,0,12,2010,-250000,-100.0,tt1640714,The Christmas Bunny,Drama,6.1,662
94,2010-12-31,The Christmas Bunny,250000,0,0,12,2010,-250000,-100.0,tt1640714,The Christmas Bunny,Family,6.1,662
96,2012-12-18,The Frozen,250000,0,0,12,2012,-250000,-100.0,tt2363439,The Frozen,Drama,4.4,1641
96,2012-12-18,The Frozen,250000,0,0,12,2012,-250000,-100.0,tt2363439,The Frozen,Thriller,4.4,1641
98,2010-12-31,Butterfly,250000,0,0,12,2010,-250000,-100.0,tt1342096,Butterfly,Horror,4.7,53
98,2010-12-31,Butterfly,250000,0,0,12,2010,-250000,-100.0,tt1342096,Butterfly,Thriller,4.7,53
98,2010-12-31,Butterfly,250000,0,0,12,2010,-250000,-100.0,tt3919820,Butterfly,Comedy,6.2,224
98,2010-12-31,Butterfly,250000,0,0,12,2010,-250000,-100.0,tt3919820,Butterfly,Drama,6.2,224
98,2010-12-31,Butterfly,250000,0,0,12,2010,-250000,-100.0,tt3919820,Butterfly,Romance,6.2,224
98,2010-12-31,Butterfly,250000,0,0,12,2010,-250000,-100.0,tt9121568,Butterfly,Documentary,7.8,16
98,2010-12-31,Butterfly,250000,0,0,12,2010,-250000,-100.0,tt9121568,Butterfly,Sport,7.8,16
99,2015-02-03,UnDivided,250000,0,0,2,2015,-250000,-100.0,tt3564748,UnDivided,Documentary,8.4,8
100,2014-12-31,Horse Camp,250000,0,0,12,2014,-250000,-100.0,tt3421204,Horse Camp,Family,6.7,82
1,2015-02-24,Give Me Shelter,250000,0,0,2,2015,-250000,-100.0,tt2559658,Give Me Shelter,Documentary,7.6,56
3,2015-12-31,Shooting the Warwicks,250000,0,0,12,2015,-250000,-100.0,tt2690560,Shooting the Warwicks,Comedy,6.1,115
3,2015-12-31,Shooting the Warwicks,250000,0,0,12,2015,-250000,-100.0,tt2690560,Shooting the Warwicks,Drama,6.1,115
5,2015-10-09,Western Religion,250000,0,0,10,2015,-250000,-100.0,tt3210710,Western Religion,Adventure,4.0,190
5,2015-10-09,Western Religion,250000,0,0,10,2015,-250000,-100.0,tt3210710,Western Religion,Drama,4.0,190
5,2015-10-09,Western Religion,250000,0,0,10,2015,-250000,-100.0,tt3210710,Western Religion,Fantasy,4.0,190
10,2012-07-20,Burn,225000,1109276,1109276,7,2012,884276,393.0115555555557,tt1781784,Burn,Documentary,7.5,663
18,2011-02-25,The Grace Card,200000,2430735,2430735,2,2011,2230735,1115.3675,tt1544600,The Grace Card,Drama,6.6,2488
21,2015-06-19,The Overnight,200000,1109808,1165996,6,2015,965996,482.99800000000005,tt0326592,The Overnight,,7.5,24
21,2015-06-19,The Overnight,200000,1109808,1165996,6,2015,965996,482.99800000000005,tt3844362,The Overnight,Comedy,6.1,14828
21,2015-06-19,The Overnight,200000,1109808,1165996,6,2015,965996,482.99800000000005,tt3844362,The Overnight,Mystery,6.1,14828
23,2012-10-12,Middle of Nowhere,200000,236806,236806,10,2012,36806,18.403,tt1211890,Middle of Nowhere,Drama,6.4,1406
33,2014-03-14,The Word,200000,3648,3648,3,2014,-196352,-98.176,tt2338341,The Word,Drama,6.7,97
33,2014-03-14,The Word,200000,3648,3648,3,2014,-196352,-98.176,tt3509804,The Word,Drama,4.9,344
33,2014-03-14,The Word,200000,3648,3648,3,2014,-196352,-98.176,tt3509804,The Word,Thriller,4.9,344
38,2014-09-12,Archaeology of a Woman,200000,0,0,9,2014,-200000,-100.0,tt1702455,Archaeology of a Woman,Drama,7.9,16
39,2014-08-26,Sanctuary; Quite a Conundrum,200000,0,0,8,2014,-200000,-100.0,tt2049518,Sanctuary; Quite a Conundrum,Comedy,5.4,150
39,2014-08-26,Sanctuary; Quite a Conundrum,200000,0,0,8,2014,-200000,-100.0,tt2049518,Sanctuary; Quite a Conundrum,Horror,5.4,150
39,2014-08-26,Sanctuary; Quite a Conundrum,200000,0,0,8,2014,-200000,-100.0,tt2049518,Sanctuary; Quite a Conundrum,Thriller,5.4,150
40,2015-09-29,Theresa Is a Mother,200000,0,0,9,2015,-200000,-100.0,tt1989646,Theresa Is a Mother,Comedy,6.8,53
40,2015-09-29,Theresa Is a Mother,200000,0,0,9,2015,-200000,-100.0,tt1989646,Theresa Is a Mother,Drama,6.8,53
40,2015-09-29,Theresa Is a Mother,200000,0,0,9,2015,-200000,-100.0,tt1989646,Theresa Is a Mother,Music,6.8,53
41,2015-11-10,Perfect Cowboy,200000,0,0,11,2015,-200000,-100.0,tt3581098,Perfect Cowboy,Drama,5.9,37
42,2014-12-31,H.,200000,0,0,12,2014,-200000,-100.0,tt3666210,H.,Drama,5.9,443
42,2014-12-31,H.,200000,0,0,12,2014,-200000,-100.0,tt3666210,H.,Sci-Fi,5.9,443
42,2014-12-31,H.,200000,0,0,12,2014,-200000,-100.0,tt3666210,H.,Thriller,5.9,443
43,2011-09-23,Weekend,190000,484592,1577585,9,2011,1387585,730.3078947368422,tt1714210,Weekend,Drama,7.6,25424
43,2011-09-23,Weekend,190000,484592,1577585,9,2011,1387585,730.3078947368422,tt1714210,Weekend,Romance,7.6,25424
43,2011-09-23,Weekend,190000,484592,1577585,9,2011,1387585,730.3078947368422,tt1791679,Weekend,Action,4.0,583
43,2011-09-23,Weekend,190000,484592,1577585,9,2011,1387585,730.3078947368422,tt1791679,Weekend,Comedy,4.0,583
43,2011-09-23,Weekend,190000,484592,1577585,9,2011,1387585,730.3078947368422,tt1791679,Weekend,Crime,4.0,583
43,2011-09-23,Weekend,190000,484592,1577585,9,2011,1387585,730.3078947368422,tt5167782,Weekend,Horror,3.8,44
45,2015-02-27,Butterfly Girl,180000,17503,17503,2,2015,-162497,-90.27611111111109,tt2421956,Butterfly Girl,Documentary,8.6,43
48,2011-07-22,Another Earth,175000,1321194,2102779,7,2011,1927779,1101.588,tt1549572,Another Earth,Drama,7.0,85839
48,2011-07-22,Another Earth,175000,1321194,2102779,7,2011,1927779,1101.588,tt1549572,Another Earth,Romance,7.0,85839
48,2011-07-22,Another Earth,175000,1321194,2102779,7,2011,1927779,1101.588,tt1549572,Another Earth,Sci-Fi,7.0,85839
49,2013-08-23,Sparrows Dance,175000,2602,2602,8,2013,-172398,-98.51314285714285,tt1822311,Sparrows Dance,Comedy,6.8,550
49,2013-08-23,Sparrows Dance,175000,2602,2602,8,2013,-172398,-98.51314285714285,tt1822311,Sparrows Dance,Drama,6.8,550
49,2013-08-23,Sparrows Dance,175000,2602,2602,8,2013,-172398,-98.51314285714285,tt1822311,Sparrows Dance,Romance,6.8,550
50,2015-09-04,Heroes of Dirt,175000,0,0,9,2015,-175000,-100.0,tt1934172,Heroes of Dirt,Action,6.7,81
50,2015-09-04,Heroes of Dirt,175000,0,0,9,2015,-175000,-100.0,tt1934172,Heroes of Dirt,Drama,6.7,81
50,2015-09-04,Heroes of Dirt,175000,0,0,9,2015,-175000,-100.0,tt1934172,Heroes of Dirt,Sport,6.7,81
51,2016-06-03,The Fits,170000,166425,169242,6,2016,-758,-0.4458823529411765,tt4238858,The Fits,Drama,6.7,4053
51,2016-06-03,The Fits,170000,166425,169242,6,2016,-758,-0.4458823529411765,tt4238858,The Fits,Music,6.7,4053
61,2015-08-21,Top Spin,150000,5858,5858,8,2015,-144142,-96.09466666666664,tt4219836,Top Spin,Documentary,6.9,513
62,2013-12-31,Speak No Evil,150000,0,32927,12,2013,-117073,-78.04866666666666,tt2503358,Speak No Evil,Horror,3.6,534
64,2013-05-03,Aroused,150000,0,0,5,2013,-150000,-100.0,tt2403815,Aroused,Documentary,5.3,596
68,2012-04-27,Sound of My Voice,135000,408015,429448,4,2012,294448,218.10962962962958,tt1748207,Sound of My Voice,Drama,6.6,19387
68,2012-04-27,Sound of My Voice,135000,408015,429448,4,2012,294448,218.10962962962958,tt1748207,Sound of My Voice,Mystery,6.6,19387
68,2012-04-27,Sound of My Voice,135000,408015,429448,4,2012,294448,218.10962962962958,tt1748207,Sound of My Voice,Sci-Fi,6.6,19387
70,2014-07-18,An American in Hollywood,125000,0,0,7,2014,-125000,-100.0,tt2125430,An American in Hollywood,Drama,7.3,200
71,2015-08-11,The Brain That Sings,125000,0,0,8,2015,-125000,-100.0,tt2638024,The Brain That Sings,Documentary,7.9,19
71,2015-08-11,The Brain That Sings,125000,0,0,8,2015,-125000,-100.0,tt2638024,The Brain That Sings,Family,7.9,19
72,2015-12-31,Romantic Schemer,125000,0,0,12,2015,-125000,-100.0,tt4607906,Romantic Schemer,Romance,5.3,178
73,2012-06-15,Your Sister's Sister,120000,1597486,3090593,6,2012,2970593,2475.494166666667,tt1742336,Your Sister's Sister,Comedy,6.7,24780
73,2012-06-15,Your Sister's Sister,120000,1597486,3090593,6,2012,2970593,2475.494166666667,tt1742336,Your Sister's Sister,Drama,6.7,24780
77,2068-10-01,Night of the Living Dead,114000,12087064,30087064,10,2068,29973064,26292.16140350877,tt3393372,Night of the Living Dead,Horror,5.3,277
80,2015-07-10,The Gallows,100000,22764410,41656474,7,2015,41556474,41556.474,tt2309260,The Gallows,Horror,4.2,17763
80,2015-07-10,The Gallows,100000,22764410,41656474,7,2015,41556474,41556.474,tt2309260,The Gallows,Mystery,4.2,17763
80,2015-07-10,The Gallows,100000,22764410,41656474,7,2015,41556474,41556.474,tt2309260,The Gallows,Thriller,4.2,17763
86,2017-07-07,A Ghost Story,100000,1594798,2769782,7,2017,2669782,2669.782,tt6265828,A Ghost Story,Drama,6.8,46280
86,2017-07-07,A Ghost Story,100000,1594798,2769782,7,2017,2669782,2669.782,tt6265828,A Ghost Story,Fantasy,6.8,46280
86,2017-07-07,A Ghost Story,100000,1594798,2769782,7,2017,2669782,2669.782,tt6265828,A Ghost Story,Romance,6.8,46280
89,2014-03-21,Cheap Thrills,100000,59424,59424,3,2014,-40576,-40.576,tt2389182,Cheap Thrills,Comedy,6.7,16429
89,2014-03-21,Cheap Thrills,100000,59424,59424,3,2014,-40576,-40.576,tt2389182,Cheap Thrills,Crime,6.7,16429
89,2014-03-21,Cheap Thrills,100000,59424,59424,3,2014,-40576,-40.576,tt2389182,Cheap Thrills,Drama,6.7,16429
90,2014-06-19,The Past is a Grotesque Animal,100000,20056,20056,6,2014,-79944,-79.944,tt3072636,The Past is a Grotesque Animal,Biography,7.2,118
90,2014-06-19,The Past is a Grotesque Animal,100000,20056,20056,6,2014,-79944,-79.944,tt3072636,The Past is a Grotesque Animal,Documentary,7.2,118
90,2014-06-19,The Past is a Grotesque Animal,100000,20056,20056,6,2014,-79944,-79.944,tt3072636,The Past is a Grotesque Animal,Music,7.2,118
92,2012-05-18,Indie Game: The Movie,100000,0,0,5,2012,-100000,-100.0,tt1942884,Indie Game: The Movie,Documentary,7.7,19538
92,2012-05-18,Indie Game: The Movie,100000,0,0,5,2012,-100000,-100.0,tt1942884,Indie Game: The Movie,Drama,7.7,19538
94,2014-06-10,Echo Dr.,100000,0,0,6,2014,-100000,-100.0,tt2343473,Echo Dr.,Action,3.6,112
94,2014-06-10,Echo Dr.,100000,0,0,6,2014,-100000,-100.0,tt2343473,Echo Dr.,Drama,3.6,112
94,2014-06-10,Echo Dr.,100000,0,0,6,2014,-100000,-100.0,tt2343473,Echo Dr.,Sci-Fi,3.6,112
95,2015-03-17,Closure,100000,0,0,3,2015,-100000,-100.0,tt1570983,Closure,Thriller,5.5,95
95,2015-03-17,Closure,100000,0,0,3,2015,-100000,-100.0,tt2170576,Closure,Comedy,7.9,16
95,2015-03-17,Closure,100000,0,0,3,2015,-100000,-100.0,tt2170576,Closure,Drama,7.9,16
95,2015-03-17,Closure,100000,0,0,3,2015,-100000,-100.0,tt2170576,Closure,Romance,7.9,16
95,2015-03-17,Closure,100000,0,0,3,2015,-100000,-100.0,tt2405862,Closure,Adventure,8.0,150
95,2015-03-17,Closure,100000,0,0,3,2015,-100000,-100.0,tt2405862,Closure,Biography,8.0,150
95,2015-03-17,Closure,100000,0,0,3,2015,-100000,-100.0,tt2405862,Closure,Documentary,8.0,150
95,2015-03-17,Closure,100000,0,0,3,2015,-100000,-100.0,tt4338136,Closure,Drama,6.4,21
95,2015-03-17,Closure,100000,0,0,3,2015,-100000,-100.0,tt7385812,Closure,Comedy,7.9,15
95,2015-03-17,Closure,100000,0,0,3,2015,-100000,-100.0,tt7385812,Closure,Drama,7.9,15
97,2015-03-25,Open Secret,100000,0,0,3,2015,-100000,-100.0,tt1739304,Open Secret,Documentary,6.5,39
98,2015-11-10,The Night Visitor,100000,0,0,11,2015,-100000,-100.0,tt2797642,The Night Visitor,Horror,4.8,95
98,2015-11-10,The Night Visitor,100000,0,0,11,2015,-100000,-100.0,tt2797642,The Night Visitor,Sci-Fi,4.8,95
98,2015-11-10,The Night Visitor,100000,0,0,11,2015,-100000,-100.0,tt2797642,The Night Visitor,Thriller,4.8,95
99,2015-07-07,Tiger Orange,100000,0,0,7,2015,-100000,-100.0,tt2866824,Tiger Orange,Drama,6.6,1053
2,2015-07-17,Dawn of the Crescent Moon,75000,8799,8799,7,2015,-66201,-88.26799999999999,tt3157318,Dawn of the Crescent Moon,Drama,5.1,42
2,2015-07-17,Dawn of the Crescent Moon,75000,8799,8799,7,2015,-66201,-88.26799999999999,tt3157318,Dawn of the Crescent Moon,Sci-Fi,5.1,42
2,2015-07-17,Dawn of the Crescent Moon,75000,8799,8799,7,2015,-66201,-88.26799999999999,tt3157318,Dawn of the Crescent Moon,Thriller,5.1,42
3,2015-09-29,Queen Crab,75000,0,0,9,2015,-75000,-100.0,tt2319456,Queen Crab,Action,4.2,196
3,2015-09-29,Queen Crab,75000,0,0,9,2015,-75000,-100.0,tt2319456,Queen Crab,Sci-Fi,4.2,196
3,2015-09-29,Queen Crab,75000,0,0,9,2015,-75000,-100.0,tt2319456,Queen Crab,Thriller,4.2,196
4,2014-07-25,Happy Christmas,70000,30312,30312,7,2014,-39688,-56.69714285714286,tt2955096,Happy Christmas,Comedy,5.5,7217
4,2014-07-25,Happy Christmas,70000,30312,30312,7,2014,-39688,-56.69714285714286,tt2955096,Happy Christmas,Drama,5.5,7217
6,2011-12-31,Absentia,70000,0,8555,12,2011,-61445,-87.77857142857141,tt1610996,Absentia,Drama,5.8,15507
6,2011-12-31,Absentia,70000,0,8555,12,2011,-61445,-87.77857142857141,tt1610996,Absentia,Horror,5.8,15507
6,2011-12-31,Absentia,70000,0,8555,12,2011,-61445,-87.77857142857141,tt1610996,Absentia,Mystery,5.8,15507
11,2013-01-25,Supporting Characters,60000,4917,4917,1,2013,-55083,-91.805,tt1874789,Supporting Characters,Comedy,6.4,821
12,2012-03-16,The FP,60000,0,0,3,2012,-60000,-100.0,tt1296373,The FP,Comedy,5.6,1541
13,2012-12-31,Hayride,60000,0,0,12,2012,-60000,-100.0,tt1861343,Hayride,Crime,3.4,622
13,2012-12-31,Hayride,60000,0,0,12,2012,-60000,-100.0,tt1861343,Hayride,Drama,3.4,622
13,2012-12-31,Hayride,60000,0,0,12,2012,-60000,-100.0,tt1861343,Hayride,Horror,3.4,622
15,2013-10-04,The Dirties,55000,0,0,10,2013,-55000,-100.0,tt2334896,The Dirties,Crime,6.8,5728
15,2013-10-04,The Dirties,55000,0,0,10,2013,-55000,-100.0,tt2334896,The Dirties,Drama,6.8,5728
18,2010-11-12,Tiny Furniture,50000,391674,424149,11,2010,374149,748.298,tt1570989,Tiny Furniture,Comedy,6.2,13397
18,2010-11-12,Tiny Furniture,50000,391674,424149,11,2010,374149,748.298,tt1570989,Tiny Furniture,Drama,6.2,13397
18,2010-11-12,Tiny Furniture,50000,391674,424149,11,2010,374149,748.298,tt1570989,Tiny Furniture,Romance,6.2,13397
20,2015-07-31,Counting,50000,8374,8374,7,2015,-41626,-83.25200000000002,tt4462082,Counting,Documentary,6.0,126
22,2014-02-14,Down and Dangerous,50000,0,0,2,2014,-50000,-100.0,tt2090488,Down and Dangerous,Crime,5.2,846
22,2014-02-14,Down and Dangerous,50000,0,0,2,2014,-50000,-100.0,tt2090488,Down and Dangerous,Thriller,5.2,846
24,2015-08-04,Bending Steel,50000,0,0,8,2015,-50000,-100.0,tt2181837,Bending Steel,Documentary,7.9,60
25,2015-09-01,"Run, Hide, Die",50000,0,0,9,2015,-50000,-100.0,tt2442662,"Run, Hide, Die",Horror,3.5,162
25,2015-09-01,"Run, Hide, Die",50000,0,0,9,2015,-50000,-100.0,tt2442662,"Run, Hide, Die",Thriller,3.5,162
26,2014-12-31,The Image Revolution,50000,0,0,12,2014,-50000,-100.0,tt2294916,The Image Revolution,Biography,7.2,156
26,2014-12-31,The Image Revolution,50000,0,0,12,2014,-50000,-100.0,tt2294916,The Image Revolution,Documentary,7.2,156
27,2013-10-25,A True Story,45000,0,0,10,2013,-45000,-100.0,tt1524083,A True Story,Comedy,5.2,211
29,2013-06-21,This Is Martin Bonner,42000,0,0,6,2013,-42000,-100.0,tt1798291,This Is Martin Bonner,Drama,6.6,846
32,2011-02-11,Raymond Did It,40000,3632,3632,2,2011,-36368,-90.92,tt1716760,Raymond Did It,Horror,3.3,211
33,2012-03-31,Foreign Letters,40000,0,0,3,2012,-40000,-100.0,tt1492841,Foreign Letters,Comedy,6.9,180
33,2012-03-31,Foreign Letters,40000,0,0,3,2012,-40000,-100.0,tt1492841,Foreign Letters,Drama,6.9,180
35,2013-10-25,Her Cry: La Llorona Investigation,35000,0,0,10,2013,-35000,-100.0,tt2469216,Her Cry: La Llorona Investigation,Horror,3.7,70
36,2014-12-31,Happy 40th,35000,0,0,12,2014,-35000,-100.0,tt3847958,Happy 40th,Drama,6.3,51
38,2016-03-18,Krisha,30000,144822,144822,3,2016,114822,382.74,tt4266638,Krisha,Drama,7.2,5917
45,2017-01-27,Emily,27000,3547,3547,1,2017,-23453,-86.86296296296297,tt4393036,Emily,Drama,6.8,13
49,2015-09-01,Exeter,25000,0,489792,9,2015,464792,1859.168,tt1945044,Exeter,Horror,4.5,5156
49,2015-09-01,Exeter,25000,0,489792,9,2015,464792,1859.168,tt1945044,Exeter,Mystery,4.5,5156
49,2015-09-01,Exeter,25000,0,489792,9,2015,464792,1859.168,tt1945044,Exeter,Thriller,4.5,5156
49,2015-09-01,Exeter,25000,0,489792,9,2015,464792,1859.168,tt2782686,Exeter,Horror,5.7,61
51,2015-04-21,Ten,25000,0,0,4,2015,-25000,-100.0,tt2309562,Ten,Drama,5.5,31
51,2015-04-21,Ten,25000,0,0,4,2015,-25000,-100.0,tt2496400,Ten,Adventure,5.4,623
51,2015-04-21,Ten,25000,0,0,4,2015,-25000,-100.0,tt2496400,Ten,Horror,5.4,623
51,2015-04-21,Ten,25000,0,0,4,2015,-25000,-100.0,tt2496400,Ten,Mystery,5.4,623
51,2015-04-21,Ten,25000,0,0,4,2015,-25000,-100.0,tt6415838,Ten,Horror,4.7,191
51,2015-04-21,Ten,25000,0,0,4,2015,-25000,-100.0,tt6415838,Ten,Mystery,4.7,191
51,2015-04-21,Ten,25000,0,0,4,2015,-25000,-100.0,tt6415838,Ten,Thriller,4.7,191
52,2015-12-01,Dutch Kills,25000,0,0,12,2015,-25000,-100.0,tt2759066,Dutch Kills,Crime,5.1,82
52,2015-12-01,Dutch Kills,25000,0,0,12,2015,-25000,-100.0,tt2759066,Dutch Kills,Drama,5.1,82
52,2015-12-01,Dutch Kills,25000,0,0,12,2015,-25000,-100.0,tt2759066,Dutch Kills,Thriller,5.1,82
54,2014-12-31,Dry Spell,22000,0,0,12,2014,-22000,-100.0,tt2375036,Dry Spell,Comedy,3.3,120
54,2014-12-31,Dry Spell,22000,0,0,12,2014,-22000,-100.0,tt2375036,Dry Spell,Romance,3.3,120
56,2013-01-04,All Superheroes Must Die,20000,0,0,1,2013,-20000,-100.0,tt1836212,All Superheroes Must Die,Sci-Fi,4.0,1977
56,2013-01-04,All Superheroes Must Die,20000,0,0,1,2013,-20000,-100.0,tt1836212,All Superheroes Must Die,Thriller,4.0,1977
59,2011-11-25,The Ridges,17300,0,0,11,2011,-17300,-100.0,tt1781935,The Ridges,Drama,2.9,127
59,2011-11-25,The Ridges,17300,0,0,11,2011,-17300,-100.0,tt1781935,The Ridges,Horror,2.9,127
59,2011-11-25,The Ridges,17300,0,0,11,2011,-17300,-100.0,tt1781935,The Ridges,Thriller,2.9,127
62,2014-12-31,Stories of Our Lives,15000,0,0,12,2014,-15000,-100.0,tt3973612,Stories of Our Lives,Drama,7.5,85
73,2012-01-13,Newlyweds,9000,4584,4584,1,2012,-4416,-49.06666666666666,tt1880418,Newlyweds,Comedy,6.4,1436
73,2012-01-13,Newlyweds,9000,4584,4584,1,2012,-4416,-49.06666666666666,tt1880418,Newlyweds,Drama,6.4,1436
78,2018-12-31,Red 11,7000,0,0,12,2018,-7000,-100.0,tt7837402,Red 11,Horror,5.6,43
78,2018-12-31,Red 11,7000,0,0,12,2018,-7000,-100.0,tt7837402,Red 11,Sci-Fi,5.6,43
78,2018-12-31,Red 11,7000,0,0,12,2018,-7000,-100.0,tt7837402,Red 11,Thriller,5.6,43
81,2015-09-29,A Plague So Pleasant,1400,0,0,9,2015,-1400,-100.0,tt2107644,A Plague So Pleasant,Drama,5.4,72
81,2015-09-29,A Plague So Pleasant,1400,0,0,9,2015,-1400,-100.0,tt2107644,A Plague So Pleasant,Horror,5.4,72
81,2015-09-29,A Plague So Pleasant,1400,0,0,9,2015,-1400,-100.0,tt2107644,A Plague So Pleasant,Thriller,5.4,72
